# Resource object code (Python 3)
# Created by: object code
# Created by: The Resource Compiler for Qt version 6.6.1
# WARNING! All changes made in this file will be lost!

from PySide6 import QtCore

qt_resource_data = b"\
\x00\x00\x0d}\
\x89\
PNG\x0d\x0a\x1a\x0a\x00\x00\x00\x0dIHDR\x00\
\x00\x00\x80\x00\x00\x00\x80\x08\x06\x00\x00\x00\xc3>a\xcb\
\x00\x00\x00\x04sBIT\x08\x08\x08\x08|\x08d\x88\
\x00\x00\x00\x09pHYs\x00\x00\x0e\xc4\x00\x00\x0e\xc4\
\x01\x95+\x0e\x1b\x00\x00\x00\x19tEXtSof\
tware\x00www.inksca\
pe.org\x9b\xee<\x1a\x00\x00\x0c\xfaID\
ATx\x9c\xed\x9dy\xac\x1dU\x1d\xc7\xbf\xbf\x16Z\
\x0a\x14\x10(\xa5\x08\x94EE\x10(-\xb2CKK\
\x95E\x0d(\xc1\x0d\x115\x01\x8d\x86\x18DA\x10\x10\
0.1\xec;\xc1\x85-1\x22\x82F\xdb\x086\x04\
\x1a\x8b(X\xa0\xb6l-\x94B\xa0-k_y\xdd\
\xe8\xf2\xf1\x8fs\xaf\x5c\x1esg\xce\x9c\x99\xb93\xef\
\xde\xf9$\xef\x8fw\xefY~s\xce\xef\x9e9\xcb\xef\
\xfc~RMMMMMMMMMMMMM\
MM\xaf`e\x0bP\x16\xc0(I\xe3\x1b\xff>f\
f\xaf\x95)OM\x87\x00\x0c\xb8\x08X\xc5\xbb\xac\x04\
.\x04z\xf6\x07\xd13\x00g\xd1\x9e\xef\x96-_M\
\xc1\x00\xcf\xc5(\xc03e\xcb\xd7izj\xc8\x036\
\x96\xb4F\xed\x9f{\x83\xa4af\xb6\xbesR\x95\xcb\
\x90\xb2\x05\xe80\x1b)^\xe9\x874\xd2\xf4\x0c\xbd\xa6\
\x005\x03\xa8\x15\xa0\xc7\xa9\x15\xa0\xc7\xa9\x15\xa0\xc7\xa9\
\x15\xa0\xc7\xe95\x05X#im\xc2\xf7\xeftH\x96\
J\xd0S\x0a`f\x1b$=\x1c\x93\xe4!3\xa3S\
\xf2\xd4\x94\x00p8\xb0&b\x17p5pH\xd9\xf2\
\xd5t\x00`?`:\xf0V\xe3o\x1a0\xael\xb9\
\xca\xa0c[\xc1\xc0\xce\x92\xf6\x95\xd4'\xe9a3\x8b\
{\x17\xf7\x1c\xc0pIGJ\xdaJ\xd2?\xcc\xec\xe5\
r%\xca\x09`$p\xd7\x80\xe1\xf69\xe0\xa0\xb2e\
\xab\x0a\xc0\xc1\xc0\x8b-\xed\xb3\x01\xb8\xb6\xa1\x14\x83\x9b\
\x88\xceo\xf260\xb1l\xf9\xca\x06\x98\x08\xf4\xb7i\
\xa3\xab\xcb\x96/\x13\xc0G\xdb\x1e\xbc\xd6J\x90\xd4\xf9\
\xcd\x91`\x87\x22e(\xfa\xe4\xebc\x09\xdfo.i\
:p\x9c\x99\xcd,R\x10`\x88\xa4]$\x8d\x91\xb4\
\xad\xa4Q\x92FK\x1a*i\xa5\xa4\xe5r\xf3\x93\x85\
\x92\xe6\x9b\xd9[\x05\xcb3Q\xd2tI\x9b\xc5$3\
I\x87J\xba\xab(9\x8aV\x80\xd7=\xd2l&\xa7\
\x04\x9f2\xb3\x07\xf3\xaa\x18\xd8]\xd2TI\x13\xe4&\
\x9f{\xcb)\x9co\xfe\xd7$=!\xe9AI\x0fH\
\xfa\xb7\x99\xe5\xb2I\xe4\xd9\xf9M\xfa\xf2\xa8\xb3\x14\x80\
\x8d\x81\x85\x09\xaf\x81&\xfd\xc0\xfe\x19\xea\x1a\x02L\x05\
\xae\x01\x9e\xf5\xac3\x0d\xfd\xc0\xed\xc01\xc0\xd0\x0cr\
N ~\xd8oe!\x83}\x22\x08\x1c\x92\xe2\x81g\
\x07\x94?\x068\x0fx>Mofd\x09p1\xb0\
m\x80\xbc\x8f{\xd6\xd1O\xb7\xac\x94\x80I\xf8+\xc1\
X\xcf2\xc7\x02\xbf\x02\xd6\xa6\xea\xba|\xe9\x07\xae\xc4\
s\xa2\x06\xec\x92\xa2\xdcI\xd9Z\xbdb\xe0\xaf\x04{\
%\x94\xb3\x1dp5n\xeb\xb6*,\x07\xbe\x8f\xb39\
\x8c\x93}\xacGY\xdd\xd7\xf9MHV\x82\xd7\xe3\x1a\
\x11\xf8\x22\xf0Z\xa6\xae*\x96y\xc0\xe1\x09m\xf0L\
L\xfe~\xba}YL\xfc\xda\xf7;m\xf2\x8c\x02\xee\
\xce\xb5\xab\x8ac-p>n\xd9\x19\xf5,S\x81\xf5\
\x11\xf9\xba\xbf\xf3\x9b\x00\xfb\x03\x8f\xb5<\xfc\xeb\xb4\xef\
\xfcq\xc0\x0b\xc5\xf6Y!\xcc\x00\xb6k\xf3LS\x81\
\xa7[\xd2>\x0a\x8c\x8fJ[4\xa5\xde\x0b\xc0\x1d\x10\
\x8d\x94\xf4l\xd4\xe1\x10\xf09I\xb7\xc9o\xbd\x5cE\
\x16H:\xc6\xcc\x9e\x8b\xfa\xb2\xf1\xfc\xeb\xcc\xec\x95\xce\
\x8a\xf5.\x95\xbd\x18\x02\x9c*\xe97\x1a\xfcF+K\
%\x1dgf\xa9\x97\xb8\x9d\xa0\x92\x0a\x00\x9c\x22\xe9\x16\
\x0d\xfe\xceo\xd2'i\xb2\x99=V\xb6 \x03\xa9\x9c\
\x024\x86\xfd;\xe5\xf6\xe8\xbb\x89%\x92\x0eo\xf7:\
(\x8bJ)\x00\xb0\xaf\xa4YJ\xb1g\xef\xc9[\x92\
\xfe)i\xb6\xdc{y\x13I\x9f\x95tt\xce\xf5$\
\xb1@\xd2af\xf6j\x87\xeb\xad>\xc06\xc4\xdf\xdc\
MK\x1fp\x1d0\x19\x88<\xf4\x02\xbeN\xf4\x92\xac\
Hf\xd0f\x89\xd8\xd3\x00\xf7\xe4\xd4\xc0\x8b\x813\x00\
\xafQ\x04\xb7\x9d\xdci\xce/\xba=\x07\x15\xc0\x17r\
h\xd4w\x80K\x80TKF\x9c\x95p\xa7YK\xc2\
\x8ea\xcf\x00l\x0b\xbc\x9a\xb1A\xe7\xe0\xe6\x0f!\xf5\
\xef\x96\xb57\x03\x99G\xc2\xd9A'\xa8\xc2\xbb\xe8B\
9\xeb\x9cP\xee\x94t\x88\x99\xcd\x09\xcc\xbfG\x86\xba\
\xb3\xb0\x97\xa4\xdevI\x83;\x1e\x8d\xba\xa4\xe1\xcbU\
dt\xec\x04\x5c\x9f\xc7\xcf9\x90\xe5\xc0\x98\xbc\xdas\
\xd0\x01\xdc\x9a\xa1\xf1\xae\xc8\xa1\xfe\xa1\xc0\xd2\x5c\xba\xb2\
\xc4\xe7\xc8Bi\xfb\x008\xcd_$)\xe4=x\xb7\
\xa4\x93\x1aw\xfd\xb2\xc8\xb0\x87\xa4\xa7\xb3\x94\x91\x03+\
$\xedbf>\xf6\x93\xb9S\xe6\x1c\xe0t\x85u\xfe\
\xd3\x92N\xc9\xda\xf9\x0db\x8dO:\xc4f\x92\xce(\
\xab\xf2R\x14\x00\xb71sZ@\xd6w$}\xd9\xcc\
V\xe6$\xcaV9\x95\x93\x95o\xd2f\xb3\xaah\xca\
\x1a\x01&I\xfa`@\xbe+\xd2\x1c\xa8\x00\x9b\x03[\
\xc6$\xa9\xcay\xc3hIG\x95QqY\x0apB\
@\x9e%\x92~\xea\x9b\x18\x98 \xb7\xf7\xff\x91\x98d\
\x8b\x03\xe4(\x8a\x93\xcb\xa8\xb4\xe3\xc3\x0en\xd9v|\
@\xd6\xcb\xcc\xecm\xcf:&J\xfa\xab\x9c\xb1I\xdc\
\x96\xf0\xb3\x01r\x14\xc5\x09\xc0\xb0\xbc.\x9f\xf8R\xc6\
\x08\xb0\xa7\xa4\x9dR\xe6Y&\xe9&\x9f\x84\xb8\x1d\xc1\
\xe9r\x9d/\xb9\xeb`\x91\x98\xd9|I/\xa6\x94\xa5\
(FJ:\xa0\xd3\x95\x96\xa1\x00\x07\x07\xe4\xf9\x83\xcf\
\xaf\x1f\xd8Bn\x89\xd8z\x1e\x90\xb4\xd3wO\x80<\
Eqd\xa7+,C\x01Bn\xbb\xfc\xce3\xdd\x05\
\x92v\x1f\xf0\xd9a\x09y\xae\x96\xb4.\xb5D\xc5\xd0\
\x9d\xf7\x01Z\xc1Y\xc0\xa6a9\x1e\x87&\xc0ND\
o+\xaf\x01F&\xe4\xbd!\xfd\x06^!,\xcd\xaf\
\xa5\xfd(c\x04\xd85e\xfaY\x9e\xeedN\x934\
,\xe2\xf3a\x92NL\xc8{\xb6\xdc\xaed\xd9l\x07\
tto\xa2\xa3\x0a\x80[\x93o\x9d2\xdb\xa3\x9e\xe9\
\xbe\x12\xf3\xdd7\xe226\xe6\x17\x9f\x96\xf4\xa6\xafP\
\x05\x12\xb7l\xcd\x1d/\x05\xc0\x85Y9\x0b\x98\x9f0\
\x84\xad\xc6y\xdcj\xe7\x18\xc2\xeb\xe2\xe7\x00\x12\x97j\
\xc0\xae\x8a\x1fY\x8e\x00b\xe7\x02f6W\xd2\xb1\xf2\
\xf3iP$\x91\xcf\x813\x5c\x99I\xf2\xe9\xe9<\xe0\
\xab\xb9J\x84\x8b\xb1\x93\x86>\x22.y\xe2\xae\x85\xa5\
%qb\x04\x9c\xe8Q\xce\x03x\x1c\x1d\x03\x1f\x06\xe6\
\x06\xc8\x99\x17\xa7G\xc84\x8e\xf4\xc7\xe6?\xf0\xe9\xdb\
\xc4\x11\x00w\xbd\xe9\x1c\x9f\xc2Z\xd8B\xd2/\x22>\
\x0f\xb9\xe1\xe3\xe3!cG\x8f4\x93$\x9d\x92\x94\xa8\
\xb170A\xceP%\x8dw\x8e\x97%\xcd\x90\xf3*\
\x92\xc5\xdbh\xd4\xc6\xd5\xcf\x14=\xbf\x89\xe3\x12<\xfc\
\x17\xf8\xbc\x02\xc6\xcb\x99Q\xa7eJ\xc4g\x9b\x06\x94\
\xe3s\xf0\x13;\xcbo\xe1*`\xb7\xa4Df\xf6\x8e\
\x99\xfdDn\xc3\xea\xdbr\x1bK\x03\xf7!\xd6Kz\
R\xd2ur\x16I;\x9a\xd9'\xccl?9\x05z\
\xd2S\xa6\x81D=K\x88\x07\xd3M\xe4\xfc\x0b\xc5R\
\xe4Vp^>wGx\xa4Y\xe5Y\xd6V\x92\xee\
\x02&\xf9l,5\xd2\xdc\xd0\xf8\x13\xb0\x8d\xa4-\xe5\
:\x7f\xa9\x99\xadn\x93\xefq`\x8a\xa4y\x92\xb6\xf1\
\x94\xadI\x9e\xbe\x8a\x13\xcb\xf2\x19\x01fK\x8a|\xd0\
\x04fD|\xb6\x22\xa0\x1c\x1f\xf3\xee4A\x1f\xc7K\
\xfa3\x90zT3\xb37\xcc\xecy3[\xd4\xae\xf3\
[\xd2.\x95tc\xda:\xf4\xfe\x91F\x92\x1e\x0a(\
g\x95O\xbeD\x05hD\xd4\x8cz\x9f\xc7\xd1'\xe9\
\xdc\x88\xcfC\xce\xf1\xb7\xf7H\x936\xdc\xdbdI\xf7\
\x02\x1f\x08\x90'\x0d!w\x01\xfb#>;O\xce\x95\
}\x1a\xce7\xb37\x92\x12\xf9\xee\x03\x5c\x22\xe9LI\
\xf3\x15?\xac\xac\x92\xf4\x17\xb9wb\x94\xa9\xd52\xcf\
\xfaZ\xf1\x99\xe0=\xa5\xf88\x00QL\x944\x0b\xd8\
;\xbdH\xde\xe42\xe9mX<O\x91sW\x17\xa7\
\x08H\x9a+\xe9d3\xbb<\xa0\xeeb\x01\xb6\x0cX\
\x16]\xe3Y\xf6\xdf\x02\xca\x06\x176\xf6,\x0a\xb0\xd1\
\xc7]MKKGO\x04;\xba\x13hf}J\xbf\
\xdb\xe6\xdb \xbfOYn\x93\x11\x92.\x954\x07\xf8\
\x12\xf9\x9af\x85\xcc\xde\xabd\xa3\x90?\xc0#)\x7f\
\x11\xab\xf1\x98\xb0\x01\xc3\xc8\xc7\x95\xcc\x22\xe0\xe787\
6Y\x1cB\x8e!\xfd\xc5\xd3%\xa1\xf5\x85R\xc6a\
\xd0\x7fR\xa6\x1f.\xe7\xf25\x96\x86%\xcdE!\x02\
\x0d`gI?\x94;\x83x\x13\xf8;p\x13\xce\xf1\
\xd39$\xb8\xb1k\xe1x\xa5o\xdf'R\xa6\x1f|\
\xe0\xaed\xa7\xe5\xd7\x9ee\x1b\xf0\xa7\x80\xf2}y\x04\
\xf0\xda\x91\x03\xee\x0f(?j\xe5\xd4]\x00{\x064\
\xccr\xe2\xad{[\xcb\xdf\x86\xf7z\xe0\xca\x8b\xa5\xc0\
\x87<e\xd8\x0b\xe7\xea=-\xdd\x1f\xb3\x08\xf7+]\
\x14\xd08\xde\x17)\x81\x1d\x88w\xc8\x98\x96\xa5\xb4?\
\xe1\x8c\xaa?\xc4\xc0\xa4\x8f\x0a\xdc\x16\xee\x088W\xaf\
iy\x19\xf0>K\xc09\x97\x9c\x16P\xcf@\xfe\x85\
\xc7\xf9AK\xbd\xbb\x12v\xe1\xf5\x96\xa0\xc6\x1c\x8c\x00\
G\x05v\xc6\x05)\xeb1\xe0[\xc0+\x01u-\xc3\
M\xfcR\xfd*\x81;\x02\x9f\xed\x93\xe9Zq\x10\x03\
l\x04\xbc\x14\xd0H\xab\xf0\x9f\x85\xb7\xd6\xb7)\xcem\
\xcc,\x92\x97f\x8f\x03?\x02\xd2Z.\x09\x17K \
\xe4\xdd\xbf\x98\x0cK\xce,\x94y;\xf8\x02\xb9-\xe6\
\xb4\xcc\x96\xf3\xb4\x15r@\xd5\xbc\x95<N\xee~\xc2\
\xe8\xc6\xc7\xcb\xe4\x8eo\x9f0\xb3 \xdb@\xdcI\xe1\
\x13\x0a\xbb\xf2v\x91\x99]\x1cR\xef\xa0\x05\xd8\x1e\xe7\
\xd7'\x84;\xc9\xe8\x18\x22Op#\xda\x8c\xc0g\xe9\
' \xf0DW\x00\xfc6\xb0\xd1\x00~Y\xb6\xfc\xd2\
\xff\xe7\x197gx\x8eK\xcb~\x86\xd2\xc0\xb9\x88\xc9\
\x12\xf8\xe1rJ\xf4\xb9\x87\x8bStS\x06\xf9\xfb\x00\
\x9f\xe3\xee\xee\x85\xb0%a+\xd3\xf0\xdc$\xcaY\xee\
\xcd\xc9\x1e\xc3\xe0\xccN\xcb]9pn\xe2\xb2\xfa\xe9\
\x99O\x82\xd9w\xce2\x8f'\xbb\xe5\xf0\x5cze\xe3\
'\x09\xe0\xf3\x19\x1b\x13`\x1dp#0:\xb9\xc6`\
9\xb7\xc0\x9d\x14\x86N^\x9b\xac\x05\x12\x0d6{\x0a\
\xe0\x8f\x19\x1b\xb5\xc9r\xe0R\x5c0\x86\xbcd\xdb\x1a\
8\x9b\xec\x0e-\x9b\x9c\x97\x97l]C\xa3\x91\xf3t\
\x16\xbd\x0eg%t*\x01\x13-`\x04\xf0\x19\xe06\
`E\x8er\xddG\x85\x9cEWf--I\xc0>\
r\x96\xacy\xbb\x8bGn\xa3g\xb6\xa4\xffJzI\
\xee\x22G\xd3Hu\x84\x9c\xc9\xf8X9\x7f\x02\xfbK\
\xfa\xb8\xd2_\xc6Hb\xbe\xdc&V\x1a+\xe6B\xa9\
\x94\x02H]\x1f0\xe203{\xbelAZ\xa9\xcc\
P\xd4\xc4\xcc\xee\x96\xf45\xb9\xcb\x17\xddB\x9f\x5c\xdc\
\xa0Ju\xbeTA\x05\x90$3\xbbC\xee\xbaw7\
(\xc1\x12IS\xaa\x18/H*?l\xdc.\x92d\
f/\xb4\xf9\xfe\x04I\xb7+\xff9A\xa7\x98/\x17\
6\xee}\xbf|\xdc\xfe\xff>r\xe1l\xe6\xe4\xe4\xf9\
tp\x80\x0b\xa1\xde\x1aE\xfb\x19 \xd2\xf0\x13\xd8\x07\
\xff\x10\xf4U\xe2>\xe0}n\xf0q\x07GW\xf0\xde\
\xa0\xd7O\x03\x07\x16\xdf\xf2\x15\x80\xf6\xa1c\xd7\x03\x91\
\xde2q\xbb\x85w\x15\xdb_\xb9\xb1\x16\x17\xce\xbe]\
\xe8\xd8+\xda\xe4\xeb\xfe\xd0\xb1\xc4\xc7\x0d\x06x*!\
\xffI\x94\xef\xde=\x8e\xb9\xc4lI\xe3\x149.\xdc\
}OG\x0eo\x12\xebD\xb2\xd1\x88WR\xad\xf0\xf1\
}\xc0\xf7H\x0e\x1f?\xd9\xa3\xac\xeeS\x02\xfc;\x1f\
\xc0\xe72h\xd3-\xdc\xcdd\xdf\x97\xcf\xc2\xdb\xc0e\
x\xee4\x02\xfby\x96\xdb=J\x00\x1c\x8c\x7f\xe7\xfb\
z\x04k-\x7f\x0cp.\xb0 e\xe7ea1\xce\
oR*\xe7\x0f8\xfb\x01\xdf;\x0b\xfd@\x88W\xd5\
\xea\x00l\x02\xbc\x98\xe2\x81\x83C\xa8\xe3,s&\xe3\
&YE\x5c\x0cY\x8e\x0bqs4\xd9\xee\x0c\x1e\x88\
\xff\x0fb\x01%\xc5\x11\xc8\x05\xe0X\xcf\x07\xcd}\x06\
\x8c\xb3\xcf?\x0dwIc\x16\xee=\x9d\x86W\x81{\
q3\xfaC\xc9\xf1\xec\x9e\xe4\xc9p+\x85\xde\x16*\
Z\xbb\xb6\xf0H\xb3Bn\x9btf\x9e\x15\x9b\xd9B\
I77\xff\xc7\x19\x91\x8e\x95\xb4\x83\x5c\x98\xbaQr\
\xdeG\x866dX.g\x1d\xbcP\xd2|3\x0bq\
f\xe1+\xdbL\xe089\xe7SIN$\x06\xaf\xc1\
(\xb0#\xf1v\xf2\xdd\xbf\xf6\x8d\xc1c$\xd8\x00\x84\
8\xd7\xac\x0e\xc0\xb5u\xe7\xb7'A\x09n-[\xbe\
\xcc\x00\xc3\x81k\x06\x8c\x04\x0b\x81\x10\xb7\xf1]\x09p\
\x10\xefu\xc3\xbb\x017\xe1\x0c\xf1\xab\x98\x8a\x8e\x1d\x06\
\xe1n\xe4\x1c\x22\xf7\xae\x9d\xd9\xe9\xd0(U\x07\xb7\xb2\
8@nn2'\xf4\x86R\x8d\x078\xdf\xbb\xd3\x81\
7\x1b\x7f\xd3\x08\x0c>]3\xc8\x00\x8e \xfa\xfa\xf6\
jz\xc1AC\xaf\x83s\xb9\xde\x8e\xfb\xcb\x96\xaf\xd3\
T\xce&\xb0HpG\xb4\xab\xd5>d\xed\x1aI#\
\xcc,O\x7f\xbd\x95\xa6\x92&a\x052\x5c\xf1\xf1\x8a\
\x87+\x7fK\xe0J\xd3k\x0aP3\x80Z\x01z\x9c\
Z\x01z\x9cZ\x01z\x9cZ\x01z\x9c^S\x80u\
\x8a\x8fw\xb0A\xd5\x09#\xdb\x11zJ\x01\x1a\x11H\
\x17\xc6$Y`f\xddp\x1b\xc9\x9b\x9eR\x80\x06\xd7\
\x07~W\xd3\x0d\xe0l\x07/\xc69\x9dl\xb2\x12\xf8\
1\x15r=\xd7)z\xee\x81\x9b\xe0\xaem5\x8dP\
\x1f\xab\xd2\x9d\xfd\x9a\x9a\x9a\x9a\x9a\x9a\x9a\x9a\x9a\x9a\x9a\
\x9a\x9a\x9a\x9a\x9a\x22\xf8\x1f\xa1i\x89\x96NQ>\xe9\
\x00\x00\x00\x00IEND\xaeB`\x82\
\x00\x00\x09v\
\x89\
PNG\x0d\x0a\x1a\x0a\x00\x00\x00\x0dIHDR\x00\
\x00\x00\x80\x00\x00\x00\x80\x08\x06\x00\x00\x00\xc3>a\xcb\
\x00\x00\x00\x04sBIT\x08\x08\x08\x08|\x08d\x88\
\x00\x00\x00\x09pHYs\x00\x00\x0e\xc4\x00\x00\x0e\xc4\
\x01\x95+\x0e\x1b\x00\x00\x00\x19tEXtSof\
tware\x00www.inksca\
pe.org\x9b\xee<\x1a\x00\x00\x08\xf3ID\
ATx\x9c\xed\x9dk\xac\x1dU\x15\xc7\x7f\x8b\xd2R\
*}\x81\x82\x05\x1b\x81@Q0!F\x1a\xa8\xd0`\
\x0bixC,\x91\x22h0\xf4\x831!Q\x13\x8d\
H\xac\x01S\xb41\x18c\x82\x1f\xc0 1\xd7\x041\
%}\xf8h\x09ZRkQ@l\xe5!-\x05\xb4\
\xad\x14\xea\xad\x05+mm{\xef\xdf\x0f\xfbVn/\
{\xe6\xce9\xf3<\xb3\xf7/9_\xf69\xb3\xd6\x9a\
\x99\xff\x99\xbdg\xcf^k \x12\x89D\x22\x91H$\
\x12\x89D\x22\x91H(X7\x1bI\x9a\x02L\x07\xc6\
\x15\x1b\x8e\x97\xff\x02\x9b\xcc\xec`\x05\xbe\x0aE\xd2\xf1\
\xc0i\x15\xb9{\x1b\xd8bf\x87J\xf3 i\xb6\xa4\
\xc7$\x1dR\xb5\xbc&\xe9\xbc\xd2v\xac\x04$\xdd!\
i\xa0\xe2\xe3\xb4K\xd2\x0f$\x9dX\xc6\x0e}]\xd2\
`\xc5;4\x9cu\x85\xefTIH\x9a\xa1\xeaO\xfe\
p2\xffa\x8e\xca\xb8C\x0b\x81\xc5t\xd9e\x14\xc4\
\x87k\xf4\xdd)3\xc8xlKb\x1a\xf0\x0bI\xa7\
\x8c\xf6\xc3Q\x83\x944\x15\xf8n\x11Q\xe5\xe4\x8fu\
\x07\xd0\x01\x1b\x81\x035\xc7p\x12\xeeO\x9bJ\x16\x95\
^\x0fL\xc9\x1dN>\x9e\x04n\xab9\x86\xcc\x98\xd9\
6`!\xf0\xaf\x9aCY ib\xda\x0fF\xbd\xa4\
Kz\x00\xf8\xdc\x88\xe6]\xc0|`[\xf7\xb1ef\
\xb7\x99\xed\xae\xc0O)H\x9a\x0e\x8c\xad\xc0\xd5M\xc0\
]\x9e\xf69f\xf6x\xd7V%\xad\xf4\x0c2\xfa\xba\
6\x18)\x05IG\xcb?H\xffT\xdavY\xba\x00\
\xdfoz\xee\x9e\xbc\xed\x0c\xdd\xff\xcb\xf3\xd5\x98\xb4\xed\
\xea\x1c\xa9F\x1a@\x14@\xe0D\x01\x04N\x14@\xe0\
D\x01\x04N\x14@\xe0D\x01\x04N\x14@\xe0D\x01\
\x04N\x14@\xe0D\x01\x04N\x14@\xe0D\x01\x04N\
\x14@\xe0D\x01\x04N\x14@\xe0D\x01\x04N\x14@\
\xe0D\x01\x04N\x14@\xe0D\x01\x04\xce\xd1u\x07P\
4\x92\x8e\x03\x16\x00\xd7\x02\xa7\x03\xe3\x0b0\xbb\x07x\
\x09x\x08X\xd1\x8b\x99\xcaI\xb4J\x00\x92.\x04\xfa\
\x80SK0\x7f..K\xea)I\x9f6\xb3-%\
\xf8\xa8\x9c,]\x80o\xad\xb9\xaf\xadV$}\x0cX\
M9'\x7f83\x815Y\x12/k\xa0\xe3s\x95\
E\x00\xafx\xda^\xce\x14NEH\x9a\x04<\x02\xbc\
\xa7\x22\x97\x1f\x00~&\xa9ic(\xdfy\xc9w\xa5\
\x92t\x86\xa4\xfea\xa9F[UF\x01\x82\x1cH\xba\
/wF}w|\xa9\xee}\x1f\x8e\xa4\x9btd\xf1\
\x8e\xe5\x92R\xf3?3\xe5\xfbK:\x01\xb8\x1a\x97\x12\
\xb6\xc2\xcc\xf6\x14\x10o!H\x9a\x07\xac\xe2\xdd\xfb2\
\x00\xfc\x10\xf8G\x01n\xce\x05n\xf4\xb4\xef\x05>j\
f\x9b\x0b\xf0Q\x08\x92\xce\x01f\x03[\x81Uf6\
XsH\xe5!i\x92\xa4\xbf'\xfc;o/\xd8W\
_\x82\x9fuj^W\x10\x06\x92\xeeO8)\xcfH\
*4%[\xd2\x14I\xdb{\xa1+\x08\x02I\x97\xc8\
\x9f\x0e\xbd_\xd2GJ\xf2yu\x82\x00\xf6I:\xbb\
\x0c\x9f\x11\x0f\xaa\xf0\xd2\xef\xf1\x9d\xd4\x15\xac\x97\x94\x9a\
\x8a\xddD\xea,\xfat\x04r\xfd\xe8t\xe0\xbd\xa3\xfc\
t\x02p;p\xb9\xe7\xbb\xa7\x81Ye\xd6\xca\x93\xab\
\xfd\xf7<\xf0~\xcf\xd7\xf7\x03\x0f\x90^?a\x10x\
\xc3\xcc^+!\xbc\xdeC\xd2dI\x8b\xe5J\x9b\xe5\
a\xbf\xdc\x08\xb8\x8a\x98\xaf\xcd\x19\xab$m\x96t\x9b\
\x0a\x1e\xab\xf4\x14r\xf5\xf4\xb6\x14p0\xa5\x92/\xfd\
\x9e\xd8\x93\xba\x82N\xf9\x9d\xdcmvXH\x9a*\xe9\
\xe5\x82\x0e\xe2*I\x95>\xd7\x18\x8a\xff\xaf\x05\xc5\xbf\
F=8~\xc8\x85\xa4{\x0a:x\xbf\x96\x9b\x0a\xae\
c\x1fN\x95\xb4\xa1\xa0\xfd\xb8\xa5\x8e}\xa8\x05\xb9\x8a\
V\xbbr\x1c\xac\x03r\x1307k\x94\xa9\xce\x0a\xf6\
\xe5\x18I_\x94\xf4\x17\xe5+\x0f\xbb\xbe\x8e\xf8k9\
xr\xf7\xe9\xcfz\xbe\xfa>n\xfav e\xf3\x83\
\xc0\x8enF\xfa\x92\x8e\x05\xe6\x01W\x01g\xe1F\xf2\
S\x81\x9d\xc0\x0e\xe0\x19`9\xf0D7S\xa8\x92\xc6\
\x01'\x93\xfe\x90\xed\x18`\x09nj}8\x03\xc0\xf8\
R\xab}7\x05Is\x12\xfe\x05'\x95\xe4o\xb2\xa4\
\xbb%\xfd'\xe3\xbfq\xab\xa4\x85*\xa9_\x9647\
\xc1\xaf\xef\xd6\xb2}H\xba4\xe1\x00\x1c_\x82\xaf\xf9\
:\xf2if'<\xa7\x12n-\xe5\xca\xee\xfb\xa8|\
\x8dAk\x1fbH2I\x8b\x80\x9f\x03\xdd\xdef\x9d\
\x03<!\xe9\xaa\xe2\x22k\x16\xad\x15\x00\xf0M\xe0N\
\xf2\x8fs&\x02\xcb$\xf9f\x1e{\x9eV\xad\x09<\
\x8c\xa4\xeb\x81E)?\xd9\x07<\x0a\xfc\x19\xe8\xc7\xad\
\xf0\x99\x0d\xcc\xc2\xff\xa7\x18\x03\xf4I:\xbf-k\x01\
k\xa5\xcc1\x80\xdcc\xdb\xa4>\xff\x80\xa4%r\xef\
<\xf2m{\xa6\xa4e)c\x82\xc7\xf2\xc67\xe4\xa7\
1c\x80Z(Y\x00\xdfN\xb0\xfd\x96\xa4K2\xda\
\xf8\xaa\x92_\x8fsY\x011F\x01\x94!\x00I\x13\
\xe4\xbf\xd5\x1b\x90tE\x87\xb6\x96$\xc4\xf8x\x9e\x18\
\x87l7F\x00m\x1b\x04^\x86\x7fe\xf0\x8f\xcd\xec\
W\x1d\xda\xba\x03x\xd1\xd3~\x91\xa4\xf7u\x1cYC\
i\x9b\x00\x92n\xd7\xbe\xd3\xa9\xa1\xa1\x19\xb9{<_\
\x8d\x01:\xba\x9a4\x99\xb6\x09`\x86\xa7\xed\xb9\x1c#\
\xf7\x15\xf8\x13+\xce\xea\xd2^\xe3h\x9b\x00|}\xe8\
\xf3\xdd\x1a3\xb3\x9d\xc0?=_\x9d\xdc\xad\xcd\xa6\xd1\
6\x01L\xf6\xb4\xfd;\xa7\xcd7=mSs\xdal\
\x0cm\x13\xc0NO[\xde\x01\x9b\xef\x01\xd5\xeb9m\
6\x86\xb6\x09`\x87\xa7m\xa6\xba\x5c3 \xe9\x0c\xfc\
W\x15\x9f\x9f\x9e\xa4m\x02\xd8\xe0i;\x05\xf8x\x97\
\xf6\x16t\xe0\xa7'i\x9b\x00\x96'\xb4\xdf\xd5\xe9U\
`hR\xca\x97\xf1\xb3\x17\xf7\x1c\xa1\x15\xb4M\x00\xeb\
\xf0_\x9e\xe7\x02_\xc9jD.G\xe1'\x80of\
\xf2\x97f\xb6\xb7\xbb\xf0\x22@\xe9\xcf\x02\xbe\x90`{\
@\xd2\xd72l?A\xd2\xd2\x04\x1b\x87T@\xdaY\
\x93\xa6\x82k\xa1d\x01\x8c\x95\xb4)\xc1\xbe$\xad\x95\
\xf4\x09\x8d\xc8\xe8\x95t\xac\xdc\x22\xd3WS\xb6\xfdQ\
\xde\xf8\x86|5F\x00\xad[\x0f`f\x07%\xdd\x80\
\xeb\x0e|\xcf\x05f\x03k\x80\x1d\x926\xf2\xcez\x80\
\xf3\x80\xe3RL\xbf\x00|\xb9\xe0pk\xa7u\x02\x00\
0\xb3\x0d\x92>\x0b<L\xf2\xbbs\xa7\x0d}\xb2\xd0\
\x0f\x5ccfy'\x95\x1aG\xdb\x06\x81\xff\xc7\xcc\x1e\
\x01\xae\xc4?\x93\xd7\x09\x9b\x81\x8b\xcc\xacQu\x91\x8a\
\xa2\xb5\x02\x000\xb3\xd5\xb8e^k\xbb\xd8|\x00\x97\
\xe9;\xd3\xcc6\x15\x1aX\x83h\xb5\x00\x00\xcc\xecE\
3\xbb\x18\xb8\x06\xf8=.=;\x8d}\xc0R\x5c\xed\
\x9f[\xdbx\xd9\x1fN+\xc7\x00>\xccl%\xb0R\
.\xf9\xe2\x0a\xdc#\xddi\xbc\x93\x19\xb4\x1d7\xc3\xb7\
:\xa4\xfb\xfc`\x04p\x183{\x1dwi\x8f\x10@\
\x17\x10I'\x0a p\xea\x12@R\xfd\xda\xc6\xd4,\
*\x99\xa4\xfd\xac\xbc\x06s]\x02H\xba7\xbf\xb4\xd2\
(\xeac^B\xfb\xeeJ\xa3 {\xa9\xd8\xcf\x03\xb7\
\xe0r\xf3\xef5\xb3\x87\xf28\x95\xab\xe9\xdf\x8f\xcb\x95\
\x1f\xce n4\xde\xe6\x1c\xf9\xf1\xf8\xd7\x14\xbedf\
\xbeE\xad\x99\x914\x11\xf8\x16p1\xb0\x0dXdf\
\xf9\xd6.H\xbaq\xc4\x03\x8bAIss\x19uv\
\x1fNy\xe8\x12\x22w\x16pL\x1f\x1ca\xf3\x0d%\
\xa4\xc1\x1d&K\x170r\xad\xbd\xf1\xee\xea\x16\xdd\xf0\
\x0d\xe0\xed\x02\xec\xb4\x81\xed\xc0\xf7\x0a\xb03\xf2\x5c\x9d\
\x08\x5c\x90\xb6A\x16\x01\xf8\xd6\xc4\xa5\xaa*\x0bC\xd3\
\xab7\x03\xfb\xf3\xda\xeaq\xfa\x81\xeb\xcc\xec\xad\x02l\
\xf9\xceK\xea\x0a\xe6Zo\x03\xcdl\x19\xee\xf1\xec\x1f\
\xea\x8c\xa3F\x96\xe3\x9e5\xfc\xa9\xae\x00j\x9f\x094\
\xb3\xa7\x81Yr\xc5\x96\xcf\xc7]\xb6\xda\xcc n\xd9\
\xdaZ3\xdbZw0\xb5\x0b\xe00f\xf6\x02n\xd1\
E\xa4B\xe2L`\xe0D\x01\x04N\x14@\xe0D\x01\
\x04N\x14@\xe0D\x01\x04N\x14@\xe0D\x01\x04N\
\x14@\xe0D\x01\x04N\x14@\xe0D\x01\x04N\x14@\
\xe0D\x01\x04N\x14@\xe0D\x01\x04N\x14@\xe0D\
\x01\x04N\x14@\xe0D\x01\x04N\x14@\xe0d\x11\x80\
/q#ku\xadHE\xc8U>\xf1\x9d\xcf\xd4j\
'Y\x96\x85\xff\xcd\xd36O\xd2Oq\x09\x88e\xf3\
&\xf0\x1b3{\xaa\x02_\x85!i,0\x1f\xf7\xf6\
\xd1\xb1%\xbb3\xe0r\xfc\xc9\xbe\xaf\x8e\xb6a*\x92\
\xe6\x00\xbf\xed.\xae\xc2\x18\x04n5\xb3\x07k\x8e#\
\x13r\x85\xa9\x1f\xa5\xfet\xf7m\xc0\x07\xcd,\xb1\xee\
\xc0\xa8]\x80\x99\xad\x01jy\xb7\xfd0\x8e\xc2\xbd\xc5\
\xabW\xb8\x80\xfaO>\xc0\xddi'\x1f\xb2\x0f\x02?\
\x83Kb\xac\x93I5\xfb\xef\x84&\xc4\xba\x0c\xb8o\
\xb4\x1fe\x12\x80\x99\xbd\x02\x5c\x08l\xcc\x19T\x1e\x96\
\xd6\xe8\xbbS\xd6S\xdfke\x06\x81{\x81\x1b\xccl\
\xb4\x9a\x88\x9d\xd5\xe4\x91\xab\xb0\xfdI\xe0:\xe0t`\
\x5c7\x11v\xc8~\x5cq\xe7\xc5f\xd63\xa9\xe4\x92\
>\x84{\x83\xf9\x99\x15\xb9\xdc\x03<\x09\xf4\x99\xd9\xb3\
\x15\xf9\x8cD\x22\x91H$\x12\x89D\x22\x91Ho\xf1\
?\xa3\x80\xcbZ\x94\xed-\x80\x00\x00\x00\x00IEN\
D\xaeB`\x82\
\x00\x00\x04\x8c\
\x89\
PNG\x0d\x0a\x1a\x0a\x00\x00\x00\x0dIHDR\x00\
\x00\x00\x80\x00\x00\x00\x80\x08\x06\x00\x00\x00\xc3>a\xcb\
\x00\x00\x00\x09pHYs\x00\x00\x03\xb0\x00\x00\x03\xb0\
\x01'\xc4\x0f\xad\x00\x00\x00\x19tEXtSof\
tware\x00www.inksca\
pe.org\x9b\xee<\x1a\x00\x00\x04\x19ID\
ATx\x9c\xed\xddI\x88\x1cU\x1c\xc7\xf1\xef\xa8\xc9\
\xa8\xc8(\x18\x17t\x0c\xb8 \x18Q\x04E\x02\x82\x1e\
b\x0e\x82\xa2\xb8 x\x10ep\xb9\xe4\xa2\x07\x85\x04\
DA\x04O.'E/\xea%\xeaA\xc5\x8b\xe0A\
\xd4c\xc4\x80\x1b\x04\x8c\x0b(\xc4\xe5\xa6qI\x9b\xf1\
\xf0\x0e\xc6\xceLmy\xd5\xaf\xab\xfe\xdf\x0f\xbc\xc3P\
\xdd]\xff\xaa\xf7\xa3\xfb\xdf]5U I\x92$I\
\x92$I\x92$I\x92$I\x1a\x89\x85\x9e_\x7f\x09\
\xb8\x1d\xd8\x06l\x06N\xeay}C\xf4;\xb0\x1fx\
\x0fx\x0b\xf8\xb3l9\xf9\xac\x00?\x03\xab\x8e\xc6\xe3\
;\xe0\xa6.;{\xde<M\xf9\x9d9\xd4\xf1\x0f\xb0\
\xa3\xfd.\x9f\x1f+\x94\xdf\x89C\x1f\x13`{\xdb\x1d\
\xdfE\xee\x1e`\x09\xf8\x1a\xd8\x94\xf9u#\xfa\x0a\xb8\
\x8c\xf4\x8e\xd0\x9b\xe32\xbf\xde\x1d8\xf9\xb9\x5c\x02\x5c\
\xd7\xf7Jr\x07`[\xe6\xd7\x8b\xae\xf7\xfdyB\xe6\
\xd7[\xaeX6\x01\xbe\xcf\xbc\xbe1\xb8\xa0b\xd9\xe6\
\xbeW\x9e;\x00'W,\xfb\x01\xb80\xf3\xfa\xc6`\
\xb5bY\xd5\xfe\xcc\x22\xf7G\x80\x06\xc6\x00\x04g\x00\
\x823\x00\xc1\x19\x80\xe0\x0c@p\xb9\xbf\x06F\xb0\x0c\
\x5c\x05\x9cG\xff_\xd3.\x06\x1e9\xe2\xef\xbf\x80\x03\
\xc0'\xc0\xbe\x9e\xd7\xdd\xc9\x1e\xd6?\xc0\xf1m\xb9\xb2\
\xb2\xb8\x02x\x9f\xf4\xdb|\xe9\x83E\xab\xc0^\xe0\xc6\
^\xb7\xb8\x83\xb1\x06\xe0A\xe0\x10\xe5'}\xad\xf1\x0c\
s\xf4Q>\xc6\x00\xdc\x03\x1c\xa6\xfcDW\x8d'\xfb\
\xda\xf8\xb6\xc6\x16\x80\xad\xa4S\xb4JOp\xdd8\x0c\
\x5c\xd9e\x03\xe7\xe6\xadc\x0e\x9d\x0d\xbc\x09,\x96.\
\xa4\x81\x05\xfe\xdf,6f\x00\xd6\xb6\x914\xf9\xe7\x96\
.\xa4\x85\x1b\x80\x0dm\x9fd\x00\xd6\xf6,pM\xe9\
\x22Z:\x058\xa7\xed\x93\xfc\x1d\xe0h+\xa4\xae\xbf\
\xce\x13\xc0G=\xd72\xed.\xe0\xde\x8a\xe5\xa7\x93\xce\
,.f\xe8M`\xd3\xa6\xef\xd5B\xf5\xed\xac\xa9\xab\
u#\xe8G\xc0\x7f\xce\x02\xde\xa0\xbe\xe9\xfb\x14x\xa0\
\xffrf\xc3\x00$\x1b\x80\xd7\xa9>\xa5\x0d\xe0W\xe0\
6\xe0`\xef\x15\xcd\x88\x01H\x9e\x03\xae\xady\xcc\x84\
\xf4on\xdf\xf4_\xce\xec\x18\x00\xb8\x9bfM\xdfC\
\xc0\x07\xfd\x962{\xd1\x03\xb0\x15x\xb1\xc1\xe3^\x03\
\x9e\xef\xb9\x96\x22\x22\x07\xa0i\xd3\xb7\x97\x115}\xd3\
\xa2\x06\xa0M\xd3w+#j\xfa\xa6E\x0d@\xd8\xa6\
oZ\xc4\x00\x84n\xfa\xa6u\xfd)x\x118\x9f\xf4\
9z\xe4\x01\x88\xa5\x8a\xe7\x9c\x08\x5c\xdfq}\xb9\x9c\
I\xb3\xa6\xef\x15F\xda\xf4\x1d\xab\xcb\x81\xdd\xc0o\x94\
?\x06\xde\xd7\xd8\xc3\xfc^\xca&\xfbO\xc1m\xde\x01\
\x1e%\x9dy2\xe6\x8f\x8d\x9fHM\xdf\x1f\xa5\x0b\x99\
\x95\xa6\x93\xb9\x0bx\xaa\xc5\xe3\x87h\x02\xdcI\xb0\xff\
`n2\xa1W\x03\x8f\xf7]\xc8\x1cx\x98\x00M\xdf\
\xb4&\x01x\xac\xe1\xe3\x86\xece\xd2W\xc3p\xea&\
\xf64ft\xb1\xa2\x82^\x02\xee/]D)u\x01\
\xd8B\x87\xf3\xcc\x06\xe23\xe0\x16\xe0>\xd2Y\xb5!\
\xd5}\x0b8\xa3f\xf9n\xd2\x09\x12C\xf17\xf0#\
\xf09\xf0E\xe1Z\xe6B]\x00\x8e\xafY\xfe.\xe9\
H\x99\x06j\xec\xcd\x9dj\x18\x80\xe0\x0c@p\x06 \
8\x03\x10\x9c\x01\x08\xce\x00\x04g\x00\x823\x00\xc1\x19\
\x80\xe0\x0c@p\x06 8\x03\x10\x9c\x01\x08\xce\x00\x04\
g\x00\x823\x00\xc1\x19\x80\xe0\x0c@p\x06 8\x03\
\x10\x9c\x01\x08\xce\x00\x04g\x00\x823\x00\xc1\x19\x80\xe0\
\x0c@p\x06 8\x03\x10\x9c\x01\x08\xce\x00\x04g\x00\
\x823\x00\xaa\xb4\x9d\xf2W\xeet4\x1f\x17\xad=\x8d\
\xeb\xab{\x07(z\x0b2\xb52!]\xff\xa8\x95\xba\
\x00\xec\x03\xf6w*G\xb3\xf6!\x1d\xeek\xd0\xa4\x07\
\xf0\xaa\xd9\xc3\xd0\xdb\x85.\x17\xa9\xbe!\xa4\xa3\xfcx\
{\xdd\xd9\xcbd\x19\xf8r\x0e6\xd4q\xf4\xf8\x98\xea\
\xfb4ds*\xf0\x02ph\x86\x1b\xe7X\x7f\x1c$\
]\xbe\x7fc\xd5\xa4\xd5Y\xe8\xf0\x9ce\xe0f\xe0R\
`\xd3\xb1\xac\x5c\xad\xad\x02\x07Hw2{\x07\xf8\xa5\
l9\x92$I\x92$I\x92$I\x92$I\x92$\
I\x92$\xa9\xa4\x7f\x01\xa5\x1f\xf4J.\x87\x1e\xf5\x00\
\x00\x00\x00IEND\xaeB`\x82\
\x00\x00\x0e\xe6\
<\
!DOCTYPE svg PUB\
LIC \x22-//W3C//DTD\
 SVG 1.1//EN\x22 \x22h\
ttp://www.w3.org\
/Graphics/SVG/1.\
1/DTD/svg11.dtd\x22\
>\x0a\x0d<!-- Uploaded\
 to: SVG Repo, w\
ww.svgrepo.com, \
Transformed by: \
SVG Repo Mixer T\
ools -->\x0a<svg wi\
dth=\x22800px\x22 heig\
ht=\x22800px\x22 viewB\
ox=\x220 0 24 24\x22 v\
ersion=\x221.1\x22 xml\
ns=\x22http://www.w\
3.org/2000/svg\x22 \
xmlns:xlink=\x22htt\
p://www.w3.org/1\
999/xlink\x22 fill=\
\x22#000000\x22>\x0a\x0d<g i\
d=\x22SVGRepo_bgCar\
rier\x22 stroke-wid\
th=\x220\x22/>\x0a\x0d<g id=\
\x22SVGRepo_tracerC\
arrier\x22 stroke-l\
inecap=\x22round\x22 s\
troke-linejoin=\x22\
round\x22/>\x0a\x0d<g id=\
\x22SVGRepo_iconCar\
rier\x22> <!-- Uplo\
aded to: SVG Rep\
o, www.svgrepo.c\
om, Transformed \
by: SVG Repo Mix\
er Tools --> <ti\
tle>ic_fluent_gi\
f_24_regular</ti\
tle> <desc>Creat\
ed with Sketch.<\
/desc> <g id=\x22\xf0\x9f\
\x94\x8d-Product-Icons\
\x22 stroke=\x22none\x22 \
stroke-width=\x221\x22\
 fill=\x22none\x22 fil\
l-rule=\x22evenodd\x22\
> <g id=\x22ic_flue\
nt_gif_24_regula\
r\x22 fill=\x22#ffffff\
\x22 fill-rule=\x22non\
zero\x22> <path d=\x22\
M18.75,3.5005429\
7 C20.5449254,3.\
50054297 22,4.95\
561754 22,6.7505\
4297 L22,17.2531\
195 C22,19.04804\
5 20.5449254,20.\
5031195 18.75,20\
.5031195 L5.25,2\
0.5031195 C3.455\
07456,20.5031195\
 2,19.048045 2,1\
7.2531195 L2,6.7\
5054297 C2,4.955\
61754 3.45507456\
,3.50054297 5.25\
,3.50054297 L18.\
75,3.50054297 Z \
M18.75,5.0005429\
7 L5.25,5.000542\
97 C4.28350169,5\
.00054297 3.5,5.\
78404466 3.5,6.7\
5054297 L3.5,17.\
2531195 C3.5,18.\
2196178 4.283501\
69,19.0031195 5.\
25,19.0031195 L1\
8.75,19.0031195 \
C19.7164983,19.0\
031195 20.5,18.2\
196178 20.5,17.2\
531195 L20.5,6.7\
5054297 C20.5,5.\
78404466 19.7164\
983,5.00054297 1\
8.75,5.00054297 \
Z M8.01459972,8.\
87193666 C8.6114\
9825,8.87193666 \
9.03352891,8.953\
26234 9.51677386\
,9.18532686 C9.8\
2793289,9.334752\
04 9.95904407,9.\
70812933 9.80961\
888,10.0192884 C\
9.6601937,10.330\
4474 9.28681641,\
10.4615586 8.975\
65738,10.3121334\
 C8.67582824,10.\
1681491 8.436014\
15,10.1219367 8.\
01459972,10.1219\
367 C7.14788947,\
10.1219367 6.511\
03525,10.9182985\
 6.51103525,11.9\
943017 C6.511035\
25,13.0713011 7.\
14873038,13.8702\
789 8.01459972,1\
3.8702789 C8.443\
22427,13.8702789\
 8.80607251,13.6\
904125 8.9948448\
6,13.3695045 L9.\
001,13.354543 L9\
.001,12.620543 L\
8.62521827,12.62\
11937 C8.3114201\
2,12.6211937 8.0\
5163513,12.38993\
59 8.00699487,12\
.0885517 L8.0002\
1827,11.9961937 \
C8.00021827,11.6\
823956 8.2314761\
5,11.4226106 8.5\
3286035,11.37797\
03 L8.62521827,1\
1.3711937 L9.626\
82145,11.3711937\
 C9.94061961,11.\
3711937 10.20040\
46,11.6024516 10\
.2450448,11.9038\
358 L10.2518215,\
11.9961937 L10.2\
504852,13.543877\
4 L10.2504852,13\
.5438774 L10.244\
1303,13.5991827 \
L10.2441303,13.5\
991827 L10.22296\
51,13.6890602 L1\
0.2229651,13.689\
0602 L10.2024697\
,13.7442077 C9.8\
2606539,14.63433\
65 8.96156448,15\
.1202789 8.01459\
972,15.1202789 C\
6.38857781,15.12\
02789 5.26103525\
,13.707564 5.261\
03525,11.9943017\
 C5.26103525,10.\
2816525 6.388391\
45,8.87193666 8.\
01459972,8.87193\
666 Z M12.628944\
5,8.99393497 C12\
.9427427,8.99393\
497 13.2025276,9\
.22519285 13.247\
1679,9.52657705 \
L13.2539445,9.61\
893497 L13.25394\
45,14.381065 C13\
.2539445,14.7262\
43 12.9741225,15\
.006065 12.62894\
45,15.006065 C12\
.3151463,15.0060\
65 12.0553614,14\
.7748072 12.0107\
211,14.4734229 L\
12.0039445,14.38\
1065 L12.0039445\
,9.61893497 C12.\
0039445,9.273757\
 12.2837665,8.99\
393497 12.628944\
5,8.99393497 Z M\
15.6247564,8.993\
93489 L17.622157\
9,9.00083497 C17\
.9673338,9.00202\
673 18.246188,9.\
28281321 18.2450\
039,9.62798912 C\
18.2439132,9.941\
78541 18.0117595\
,10.2007704 17.7\
102229,10.244372\
7 L17.6178421,10\
.2508313 L16.247\
,10.245543 L16.2\
47,11.999543 L17\
.37,12.0004012 C\
17.6837982,12.00\
04012 17.9435831\
,12.2316591 17.9\
882234,12.533043\
3 L17.995,12.625\
4012 C17.995,12.\
9391993 17.76374\
21,13.1989843 17\
.4623579,13.2436\
246 L17.37,13.25\
04012 L16.247,13\
.249543 L16.2475\
985,14.3649711 C\
16.2475985,14.67\
87693 16.0163406\
,14.9385543 15.7\
149564,14.983194\
5 L15.6225985,14\
.9899711 C15.308\
8003,14.9899711 \
15.0490154,14.75\
87133 15.0043751\
,14.4573291 L14.\
9975984,14.36497\
11 L14.9975984,9\
.61677709 C14.99\
86853,9.30298081\
 15.230839,9.043\
99582 15.5323756\
,9.00039353 L15.\
6247564,8.993934\
89 Z\x22 id=\x22\xf0\x9f\x8e\xa8-C\
olor\x22> </path> <\
/g> </g> </g>\x0a\x0d<\
/svg>\
\x00\x00\x10>\
\x89\
PNG\x0d\x0a\x1a\x0a\x00\x00\x00\x0dIHDR\x00\
\x00\x00\x80\x00\x00\x00\x80\x08\x06\x00\x00\x00\xc3>a\xcb\
\x00\x00\x00\x09pHYs\x00\x00\x03\xb0\x00\x00\x03\xb0\
\x01'\xc4\x0f\xad\x00\x00\x00\x19tEXtSof\
tware\x00www.inksca\
pe.org\x9b\xee<\x1a\x00\x00\x0f\xcbID\
ATx\x9c\xed\x9d}\x90T\xd5\x99\xc6\x9f\xf7\xdc\xa6\
\x81\xe1cD\x19\x07\x86\xbe\xe7\xf6\x00\x9bIb\xb2\x18\
\x07\x83\x88HA\xcc\xba\x1b\x15\xb6D\xa1\xa2!\xab\xa5\
F\x091\x9bb\x13\xad\xd5\xdd\xecVb\xb2\x95\xadM\
Y\x1b5\xbaj\x96\xe8*\x98\x10\xa3\xa2\x89n\x88Q\
\x146F3*VL\x805L\xf7\xbd=\x98qT\
\xe6\x033\x1f\xdd\xf7\xbc\xfbG\xf7l\x10\xc19\xe7\xf6\
\xed\xbe\xdd\xc3\xfd\xfd}\xce{\x9e\xea\xf3\xf4\xb9\xf7\x9e\
\xaf\x17\x88\x89\x89\x89\x89\x89\x89\x89\x89\x89\x89\x89\x89\x89\
\x89\x89\x89\x89\x89\x19\xffP\xd4\x02\xaaEss\xf3\x14\
\xcb\xb2NL&\x93S\x94RS\x00\xcc`\xe6)\x00\
\x88\x88\x0e)\xa5\xfa\x01\x0cN\x980\xe1\x8d\xce\xce\xce\
\xee\x88\xe5\x8e\x89\xe38\xb3\x01|\x0c\x00\x13\xd1K\x99\
L\xe6\x0fA\xe2\x8c;\x03H)g(\xa5\x16\x11\xd1\
\x87\x88\xa8\x8d\x99\xdb\x88\xa8\x0d\xc0l\x830\x03\x00~\
\x0f\xe0\xf7D\xb4\x1b\xc0\xce\xa1\xa1\xa1\xe7\xbb\xbb\xbb\xdf\
\xa9\x88h\x03R\xa9\xd4\x1c!\xc4w\x01\x5c\x80?\xf5\
\x9f\x22\xa2mJ\xa9\x0d\x9e\xe7\x1d0\x89W\xf7\x06h\
jj\x9a\xda\xd0\xd0p\xb6Rj9\x11\xad\x00p*\
\x00Q\x81\xa6\x0a\x00^$\xa2\xc7\x98\xf9A\xd7u\x7f\
[\x816\xde\x97R\xe7\xff\x12\x80}\x8c\x22\x1e3\x9f\
ab\x82\xba4@:\x9d\x9e\xe4\xfb\xfe*\x22Z\x07\
\xe0/\x00L\x88@\xc6\x1e\x00[\x98\xf9n\xd3\x7f]\
P\xa4\x94\x8f\x00X\xf9~e\x98\xf9!\xcf\xf3.\xd4\
\x8dYW\x06\xb0m{)\x11}\x16\xc0\xc5\x00\x1a\xa3\
\xd6S\x22\x0f\xe0\x11!\xc4m\x99L\xe6\xe9J5b\
\xdbv\x0b\x11\xe50v\x9f)!\xc4\x1c\xddw\x82J\
\x0c\x95aCR\xca\x0b\x1c\xc7y\x8e\x88\x9e\x01p%\
j\xa7\xf3\x81\xe2\xe8s\x91R\xea))\xe5\xffH)\
/\xa8D#B\x88\x05\xd0\xfb\xc3\x0a\xdf\xf7\x17h\xc7\
\x0d.\xa9\xe2X\xb6m\x7fZJ\xb9\x1b\xc06f^\
\x14\xb5 \x0d\x16\x03\xd8&\xa5\xdc\xe98\xce\xe20\x03\
3\xf3T\xdd\xb2D4]\xb7l\x22\x98\x9c\xca\xe28\
\xcerf\xbe\x15\xc0\x87\xa3\xd6\x12\x90%\xcc\xbcKJ\
y\x1f\x11]\x9f\xcdf_\x8fZ\xd0\xb1\xa8\xa9\x11 \
\x9dN\xcf\x92R\xde\xc7\xccO\xa2~;\x7f\x14\x02\xb0\
\x8e\x99\xf7J)\xbf\x88\x1a\xfb\xadG\xa9\x15QBJ\
y\xadRj\x0f\x80KQg/\xa7c0\x0d\xc0\xbf\
K)\x9fJ\xa5R\xf3\xa3\x16s$\x91\x1b`\xd6\xac\
YMR\xca\x9f\x02\xf8\x0ej\xeb\xe5.l\xce\x16B\
\xec\x96R~.j!\x87\x13\xe9;@*\x95Z&\
\x84\xd8\x0c\xa0\xa5\x82\xcd(\x00.\x80}\x00\xf62s\
/\x11\xbd\x03\xe0`i\x0a\x98\x89h\x1a3O%\xa2\
&\x00\xf3\x00\xccE\xf1\x1149d-\x0d\x00\xfe\xc3\
\xb6\xede\x0d\x0d\x0d\xd7\xec\xdd\xbbw \xe4\xf8\xc6D\
e\x00r\x1c\xe7Ff\xfeg\x00V\xc8\xb1\xdff\xe6\
\x1dD\xf4\x94\x10\xe2Y\x00{2\x99\xcc\x90i\x90\xf6\
\xf6\xf6\x09o\xbd\xf5V\xbb\xef\xfbg\x12\xd1y\x00\x96\
\x85\xa5\x95\x88.\x19\x1c\x1clO\xa5Rkr\xb9\xdc\
+a\xc4\x0c\xac\xa5\xda\x0d\xb6\xb7\xb7O\xe8\xe9\xe9\xd9\
\x84\xe2\xb3>,\xba\x00l&\xa2\x07\xb2\xd9\xec\xcb(\
\xfe\xebC\xa5\xa5\xa5ef\x22\x91\xb8\x10\xc0U\x00\x16\
\x86\x14v\x90\x99\xaf\xf0<o\xcbX\x05\xa5\x94\x17\x03\
\xf8\xa1f\xdc5\xae\xebn\xd5)X\xd5\x11\xa0\xb9\xb9\
y\xca\x1bo\xbc\xb1\x95\x88\xfe*\x84pyf\xde\x0a\
\xe0\x1e\xcf\xf3\x9e\x04\xe0\x87\x10\xf3\x98\x1c8p\xe0M\
\x00w\x02\xb8\xd3\xb6\xed\xd3\x01|\x89\x88\xd6\xa2\xbcQ\
a2\x11\xddo\xdb\xf6\x87=\xcf\xfb*\x00\x0eC\xab\
\x09U{\x09\x9c3g\xceI\xc9d\xf2\xe7!t\xfe\
\x10\x11\xdd.\x84\xf8\x80\xe7y\x97z\x9e\xf73T\xb8\
\xf3\x8f\xc4\xf3\xbc\x17<\xcf\xbb\x94\x88>JD[P\
\xde\x88CD\xf4\x0fR\xca\xad---\x0dai\xd4\
\xa5*\x06\x983g\xceI\x96e\xed \xa23\xca\x08\
\xe33\xf3\xadD47\x9b\xcd~>\x93\xc9d\xc2\xd2\
\x17\x94l6\xfb\xbbl6{\x89Rj1\x80\xe7\xcb\
\x0c\xb7:\x91H\xec\x987o\xde\xc9ah\xd3\xa5\xe2\
\x06hnn\x9e\x22\x84x\x0c\xc0)Ac0\xf3s\
B\x88\x85\x9e\xe7][\x8b\xb3j\xb9\x5c\xeey\xd7u\
\xcf \xa2\xab\x00\xf4\x95\x11ja>\x9f\x7f\xa6\xb5\xb5\
\xd5\x09K\xdbXT\xd4\x00\xed\xed\xed\x13\x92\xc9\xe4\xd6\
2\xfe\xf9\xfd\x00>\xe7y\xde\x92L&\xf3r\x98\xda\
*\x00g\xb3\xd9\xbb}\xdf\xff\x083?^F\x9c6\
\xdf\xf7w:\x8e\xf3\xa1\xd0\x94\xbd\x0f\x954\x00\xf5\xf4\
\xf4\xdcY\xc63\xff%\xa5\xd4B\xd7u\xefB\x05\xde\
\xea+EWWW\xce\xf3\xbcO\x01\xb8\x1a\xc0p\xc0\
0)f\xde\x15\xf6\x82\xd2\xd1\xa8\x98\x01\x1c\xc7\xb9\x11\
\xc0eA\xea\x12\xd1w\x85\x10g\xe6r\xb9\xff\x0dW\
U\xf5p]\xf7N\x00K\x00\xec\x0f\x18b\x063\xff\
LJ\xf9\x89\x10e\xbd\x87\x8a\x18 \x95J-+M\
\xf2\x98\xe2\x13\xd1U\xd9lvC\x90\xc9\x9bZ\xc3u\
\xdd\x8eD\x22q\x1a\x80G\x02\x86\x98\x0a\xe0'\x8e\xe3\
\xac\x0eQ\xd6\xbb\x08{\x16\x0e\xf3\xe6\xcd;\x99\x99\xb7\
\xc3|^\x7f\x88\x99\xd7\xba\xae\xbb9lMQr\xf0\
\xe0\xc1\xe1\xbe\xbe\xbe\x1f666&\x01,\x0d\x10\x22\
\x01`5\x8a\xd3\xd2m\x9au\xb6\xf6\xf5\xf5i\xedY\
\x0c{\x04\x10\xf9|\xfe^\x98\xcf\xed\xf7+\xa5\xfe\xd2\
\xf3\xbc\x87C\xd6S+(\xd7uo\x00\xb0\x0e@\x90\
\x91\xcd\xc2\x18{\x01\x83\x12\xaa\x01\xa4\x94\x1b\x00\x9ck\
XmH)\xb52\x97\xcb\xed\x08SK-\xe2\xba\xee\
}\x00>\x09\xe0`\xd4ZF\x09\xcd\x00\xad\xad\xad\xcd\
\x00\xbefX\xcd'\xa2\xcf\x1c\x0f\x9d?\x8a\xeb\xba;\
Q|\x14tE\xad\x05\x08\xd1\x00\xbe\xef\x7f\x1b\xc0\x09\
&u\x88\xe8\x9al6\xfb`X\x1a\xea\x05\xd7u_\
\x05p6\x8a\x87O\x22%\x14\x03\xd8\xb6}6\x80K\
L\xea0\xf3m\xd9l\xf6\xee0\xda\xafG\x5c\xd7\xdd\
oY\xd6\x12\x00\x91Np\x85a\x00\x8b\x88n\x87\xd9\
\xd2\xf2K\x96e}9\x84\xb6\xeb\x9a\xce\xce\xcen!\
\xc4r\x00;\xa3\xd2P\xb6\x01l\xdb^\x03\xb3\x0d\x9c\
\x87,\xcb\xfa\xf4x\xf8\xce\x0f\x83L&\xd3\x9bL&\
\xcfa\xe6\x87\xa2h\xbf\xdc\xfd\x00DD\x7foXg\
cgg\xe7\xde2\xdb\xad\x09\xa4\x943\x88\xe8\xcb\x00\
.b\xe64\x80d\x908### \x8af\x1fl\
Y\x06\xb0m{%\x80\x8f\xea\x96g\xe6\xe7<\xcf\xfb\
^9m\xd6\x0aR\xca\xb9\x00~\xce\xcc\xadQk)\
\x87\xb2\x1e\x01Dt\xa3Aq\xdf\xb2\xac\xf5\xa8\xa3\x85\
\x9d\xf7\xc1b\xe6\x1f\x03\xa8\xeb\xce\x07\xca0\x80m\xdb\
K\x01\x9c\xae[\x9e\x99o\xaf\x83%]-\x1c\xc7Y\
ED\xda\xe7\xefj\x99\xc0\x06(\x9d\xd2\xd5eH\x08\
\xf1\xcd\xa0m\xd5\x1aJ\xa9\x15Qk\x08\x8b@\x06H\
\xa5R\x93Q<\xa2\xad\x05\x11m\xaa\xc5\x9d<A!\
\xa2\x9a>\xc0\xc2\xcc#\xbae\x03\x19\x80\x88VB\x7f\
\xb5/OD\xff\x1a\xa4\x9dZ\x85\x993Qk\x18\x03\
\xed\x19\xc6\xa0\x06X\xa7[\x96\x99\xb7\xd6\xc2\x06\xce0\
I$\x12?B\x04[\xb85\xf9\xad\xe7y\xbf\xd1-\
ll\x80\xb6\xb6\xb6i(^\xcb\xa2\xcb=\xa6m\xd4\
:\x9d\x9d\x9d\xbb\x89\xe8\x8e\xa8u\x1c\x05\x1f\xc0\x17M\
*\x18\x1b`hhh)\xf4\xef\xe4\xe9*\x1d\xda\x18\
w\xcc\x9c9\xf3o\x01\xdc\x81\xda\x19\x09z\x89h\xad\
\xeb\xbaF\xbf\xb7\xf1DP\xe96.\xdd\xe2\xf7\xa3\xca\
\x876\xaaEGGG\x1e\xc0\xfa\xd6\xd6\xd6;\x0a\x85\
\xc2ED\xd4\x8a\x803\x81\xe5@D\x87\x00t\x14\x0a\
\x85\x07\xba\xba\xba\xde2\xadol\x80\xd2Ul\xba\xe8\
\x9ee\xab[:;;w\x03\xd8\x1d\xb5\x8e\xa0\x18M\
@\xa7\xd3\xe9\x13\x94RoBo/\xe1\xdb\xae\xeb6\
a|\xcc\xfc\x8d[\x8c\xde\x01\x98y147\x922\
\xf3\x0e\xc4\x9d_\xf3\x18\x19@)\xf5A\xed\xc0B\xfc\
\xc2\x5cNL\xb512@\xe9\xce]\xdd\xb2\x91mr\
\x88\xd1\xc7\xd4\x00\xba#\x80*\x14\x0a\xe3b\xcd\x7f\xbc\
c\xfa\x0e\xa0;\x02\xb8\xb9\x5cn0\x80\x9e\x98*\xa3\
m\x80\xa6\xa6\xa6\xa9\x00fi\x16\x8f\xff\xfdu\x82\xb6\
\x01\x92\xc9\xa4\xf6\x96of\xae\xdbC\x9d\xc7\x1b\xda\x06\
H$\x12\xd3t\xcb\x12\xd1\xdb\xc1\xe4\xc4T\x1bm\x03\
\xf8\xbeob\x80\xc8\xef\xbf\x8b\xd1C\xdb\x00\x96ei\
\xdfV\xcd\xcc\xb1\x01\xea\x04m\x03(\xa5LF\x80C\
\xc1\xe4\xc4T\x9b\xc8\xef\x0a\x8e\x89\x16m\x03\x08!\xb4\
\x87u\x93\xe4\x061\xd1b\xf2\x12\xa8=\xac\x13\x91\xf6\
\xe3\x22&ZL^\x02MF\x80\xd8\x00u\x82\xb6\x01\
\x0a\x85\x82\x89\x01N\x0a&'\xa6\xdah\x1b`dd\
\xa4W\xb7,\x11\xfdY091\xd5F\xdb\x00==\
=\x87\x00\xe8\xe6\xa7\xfd@091\xd5\xc6t5p\
\x8ffQY:=\x14S\xe3\x98\xee\x07\xd05\x80H\
$\x12\xda\x9bGb\xa2\xc3t\x04\xd8\xa7[V)\x15\
\xe4R\xc4\x98*c\xb4-\x9c\x99\x7f\xa7{&\x80\x99\
\x97\x03\xb8%\x88\xa8\x98\xa3\xd3\xd6\xd66mhh\xe8\
t\xa5\xd4t\x22\xda\x17F\x06s#\x03\x08!~\x85\
\xe2A\x8f1w\x06\x13\xd12\x14G\x98xgp\x99\
\x9cr\xca)\xc9\x81\x81\x81\xaf\x0f\x0e\x0e~\x01@\xc3\
\xe8\x9fPJ\xf92\x80/\xb8\xae\xbb+hl\xa3G\
\x80\xeb\xba\x07\xa1\x7f\xad\xd9\x89R\xca\x8f\x99K\x8a9\
\x02\xab\xbf\xbf\xffa\x00\xd7\xa1\x98v\xeepN\x05\xf0\
\x94m\xdb&g5\xdfE\x90\xc5 \x93\xed\xdek\x03\
\xc4\x8f9\x0c\xdb\xb6\xaf\x1e#\xe7\xc2\x04\x22\xfa~s\
s\xf3\x94 \xf1\x8d\x0d\xa0\x9421\xc0\xa5\xa8\xc0\x8d\
\xe4\xc7\x11\x82\x886j\x94\x9b=i\xd2\xa4\xbf\x0e\xd4\
\x80i\x85\xe1\xe1\xe1\x9d\x00\xf2\x9a\xc5[l\xdb\xaeh\
\xc2\x83\xf1\x8cm\xdb\xe7\xa0\x98\xc9T\x87\xd3\x82\xb4a\
l\x80\xd2\x8c\xe0\x13\xda\x0d\x08q\x99i\x1b1E\x88\
H;\xcf\xb0R*\xd01\xf5\xa0\x1bB\xfeK\xb7 \
3_\xec8N\xdd_\xa7Vm\xe6\xce\x9d+a\x90\
#\x80\x88\x02\xdd\xc0\x16\xc8\x00B\x88G\x01\xe8.\x0e\
%\x98\xf9\xba \xed\x1c\xcf\xf8\xbe\x7f=\xf4/\xe28\
\x94L&\xb7\x05i'\x90\x01J\xf7\xfcj\xe5\xa6-\
qy*\x95\x9a\x13\xa4\xad\xe3\x11\xc7qf3\xf3\xe5\
\x06U\xb6\xbc\xf6\xdak\xfdA\xda*gO\xe0\xbd\x06\
e'Z\x96uC\x19m\x1dW0\xf3?\xc1 u\
=3\xdf\x15\xb4\xad\xb2n(v\x1c\xe79f^\xa4\
Y\xdc\x07\xb0\xc8u\xdd\x8er\xda\x1c\xef8\x8es\x1a\
3?\x0f\xfd\xcf\xe7\x0e\xd7u\x03g3/kW\xb0\
R\xca\xe4\xf6O\x0b\xc5K\x95\xe2\x9d\xc8\xc7\x86\x98\xf9\
f\x18\xcc\x9d\x10QY7\xb0\x96\xd5\x19\x9e\xe7=J\
D\xaf\x18TY(\xa5\xbc\xaa\x9c6\xc73\xb6m\xaf\
G1\x95\x8c.\xbf\xc9f\xb3eeZ+\xf7\xdf\xc8\
J\xa9\x7f1\xac\xf3o\xe9tZ\xfb\xa6\x91\xe3\x05\xdb\
\xb6\xe7\x11\xd1\xb7L\xea0\xf37P\xe6b[\x18Y\
\x0a\xac\xd2\xaa\xd4Gt+0\xf3n\xcb\xb2\xce\x88\xb3\
\x86\x14)\xad\xf6=\x0b\xe0\xe3\xbau\x98y\xb7\xe7y\
\xed(\xf3\x1a\xbe0\x9e\xc7>\x80\xf50\xb80\x91\x88\
\x16(\xa5n\x0e\xa1\xedq\xc1\xc0\xc0\xc0-0\xe8|\
\x00\xb0,\xebK\x08\xe1\x0e\xc6P\x16j\xfa\xfa\xfa\xdc\
\xc6\xc6\xc6y\x00L\xee\xd0_\xd8\xd8\xd8\xf8\x87\xbe\xbe\
\xbe\xe3\xfa\xab\xc0q\x9c\x0d\x00\xfe\xd1\xa4\x0e\x11m\xc9\
f\xb3\xdf\x0e\xa3\xfd\xd0\xde\xc8-\xcb\xfa\x0a\xf4g\x07\
G\xb9\xcdq\x9c\x0b\xc3\xd2PoH)\xcf/\xbd\xf5\
\x9b0\xe0\xfb\xfeW\xc2\xd2\x10\xdaRmoo\xef;\
\xd3\xa7O\x1f \xa2\xf3\x0c\xaa\x09\x00\xabf\xcc\x98\xb1\
\xab\xb7\xb77\x13\x96\x96z\xc0q\x9c\x15\x00\x1e\x060\
\xd1\xa4\x1e\x11m\xf0</\xb4L\xaba\xa7\xaa\x22)\
\xe5c\x00>eX\xaf_\x08\xb1*\x93\xc9<\x1d\xb2\
\x9e\x9a\xc4\xb6\xed\xa5D\xf4S\x14\xd3\xc3\x9b\xb0\xcdu\
\xddUaj\x09{R\x86\x95R\xeb\x00d\x0d\xebM\
WJ=!\xa5\x5c\x13\xb2\x9e\x9a\xc3\xb6\xed\x95D\xf4\
\xdf0\xec|\x22\xea\xb1,K{yX\x97\xd0g\xe5\
r\xb9\xdc\xdb\x00>\x03\xa0`Xu\x22\x80\xcdR\xca\
\xab\xc3\xd6T+\xd8\xb6}\x0d\x11\xfd\x18\x06\xf3\xfc%\
\x0a\xcc|Igggw\xd8\x9a*\xb2]\xab\xf4U\
P\x00`\xba\x1bH\x008\xbf\xb1\xb1q\xf6\xb4i\xd3\
\x9e\xec\xef\xef75QM2\x7f\xfe\xfc\x89S\xa7N\
\xbd\x9d\x88\xbe\x8a`\x7f\xba\x8d\xae\xebn\x09[\x17\x10\
\xfe;\xc0\xbbbK)7\x01\xf8\x9b \x95\x99yw\
\x22\x91X[\xefYFK\x09&\x1f\x80A\x8a\xbd\xc3\
a\xe6\xff\xf4<\xef\x8apU\xfd\x89J.\xcc\xb0\xeb\
\xbaW\x02\xf8I\x90\xcaD\xb4\xc0\xf7\xfd_\xdb\xb6}\
\x0d\xeas\x01IH)\xaf\x05\xf0\x0a\x02v>\x80\xed\
\x13'N\xfc|\x88\x9a\xdeC\xc5\x13\xd6\xb6\xb4\xb44\
$\x12\x89\xed\x00\xce,#\xcc\x0b\x00\xd6\xd7\xcbRr\
:\x9d>U)u\x0b\x80\xb3\xca\x08\xb3kxx\xf8\
\xdc\xee\xee\xeew\xc2\xd2u4\xaa\x92\xb18\x95J\x9d\
(\x84x\x1a\x06y\x86\x8f\x82\x0f\xe0.\xa5\xd4M\xb9\
\x5c\xae+\x1ce\xe1b\xdbv\x0b\x80\xaf\x13\xd1e(\
o\xd4z1\x91H\xac\xd8\xbf\x7f\x7f_8\xca\x8eM\
\xd5RV\x97L\xf0(\xca\x1b\x09\x00`\x18\xc5Ld\
\xdfr]w\x7f\xf9\xca\xcaGJ9\x97\x997\x12\xd1\
\xe5x\xef\xe9\x1d#\x88\xe8W\x85B\xe1\xbc \xf9\x7f\
\x02\xb5W\x8dFF)=\x0e~\x00\xe0\xfc\x10\xc2\x15\
\x88\xe8G\xbe\xef\xdf\x93\xcb\xe5\xb6\xa3\xfa\xc9\xa9\x84\x94\
\xf2\x13\x00\xae\x04\xb0\x1a!|Q1\xf3\xe3###\
\x17Wz\xd8?\x9c(\x92\xd6'\xa4\x94w#\xe0\xd7\
\xc11x\x9d\x88\xb6\xf8\xbe\xff\x83\x5c.\xd7\x81\xca\x99\
\xc1r\x1c\xe7\xe3\xcc\xbc\x0a\xc5SO\xa9\x10c\xdf\xdb\
\xd4\xd4te)\x1bY\xd5\x88\xc2\x00@\xf1\x13\xf1:\
\x007!@\xe6\xb21\xe8\x05\xf0\x0c\x80_\x10\xd1\xb3\
\xf9|~\xcf\x81\x03\x07\xfe\x18$P*\x95\x9a\x9cH\
$\x160\xf3Bf>\x0b\xc0'\x01\x9c\x18\xa6X\x14\
'y\xae\xf7<\xeffD\x90\x830*\x03\x00\x00\xa4\
\x94K\x00l\x01`W\xb0\x19ff\x8f\x88\xf62\xf3\
>!Do\xe9.\xe3^\x22:\xa4\x94\xf2\x89h:\
\x80\xc9D4\x9d\x99SD$\x999\x0d`>\xc27\
\xe8\xe1t+\xa5\xd6\xe6r\xb9\xd0\x16wL\x89\xd4\x00\
\x00\xd0\xd2\xd223\x91H|\x1f\x80\xc9*b\xddC\
DO(\xa5\xae\xf0<\xef@\xa4:\xa2l\xfc0\xa8\
4O\xfe\x0d\x003\xa2\x16Saz\x99y\xa3\xe7y\
\x9b\xa2\x16\x02\xd4\xd0\xd1\xed\xfe\xfe\xfe_\xcf\x9c9s\
\x93R\xead\x14w\x16\xd5\x8a9\xc3\xe4A\xa5\xd4\xca\
\x5c.\xf7L\xd4BF\xa9\xc9\x1f\xd9\xb6\xed\xa5B\x88\
[\x99\xf9\xcf\xa3\xd6\x12\x12/0\xf3\xdfy\x9e\xf7l\
\xd4B\x8e\xa4&\x0dPBH)W\x03\xb8\x01\xc5\xab\
P\xea\x91=DtS6\x9b\xdd\x8c\xda\xc92\xfe.\
j\xd9\x00\xff\x8f\x94\xf2\x1c\x00_\x03\xb08j-\x9a\
t\x00\xf8\x8e\xeb\xba5\x9f=\xbd.\x0c0J\xe9\xb3\
\xf1\xb3\x00\xd6\x00\xd0\xcebV%\xfa\x99y\xab\x10\xe2\
{\xd9l\xf6\x97Q\x8b\xd1\xa5\xae\x0c0J:\x9d\x9e\
\xa4\x94:\x1fE3\x9c\x0b \x19\x91\x94Af~Z\
\x08q\x7f>\x9f\x7f(\xe8\x84S\x94\xd4\xa5\x01\x0e\xa7\
\xb9\xb9yJ2\x99<\x8b\x88V\x00X\x8e\xe2]9\
\x95\xfa\xbaQ\x00\xf6\x01\xd8ND\x8f\xe7\xf3\xf9\x1d\xf5\
\xd8\xe9\x87S\xf7\x068\x92t:}\x82\xef\xfb\x8b\x88\
\xe8\x83D\xd4VJw\xdb\x06\xc0\xe4\x82\x0a\x05\xe0u\
\x00\x19\x00\x19\x22z\x89\x88:\x12\x89\xc4\x8bA/b\
\xa8U\xc6\x9d\x01\x8eEKKK\x83\x10b\x063O\
\xb1,k\x1a\x80\x13\x98y\xaa\x10B0\xf3\x00\x11\xfd\
\x91\x99\x87-\xcbz\xb3\xa1\xa1\xe1\xf5W_}u$\
j\xcd11111111111111\
111111\xe1\xf0\x7f\xdb\xd4J!FpE\
i\x00\x00\x00\x00IEND\xaeB`\x82\
\x00\x00\x0b\xe7\
\x89\
PNG\x0d\x0a\x1a\x0a\x00\x00\x00\x0dIHDR\x00\
\x00\x00\x80\x00\x00\x00\x80\x08\x06\x00\x00\x00\xc3>a\xcb\
\x00\x00\x00\x04sBIT\x08\x08\x08\x08|\x08d\x88\
\x00\x00\x00\x09pHYs\x00\x00\x0e\xc4\x00\x00\x0e\xc4\
\x01\x95+\x0e\x1b\x00\x00\x00\x19tEXtSof\
tware\x00www.inksca\
pe.org\x9b\xee<\x1a\x00\x00\x0bdID\
ATx\x9c\xed\x9di\xaceE\x11\x80\xbfz\xc3.\
(\xa2\xa0\xb8\x0e\xbb\xbb\xe2\x86\xc8\xa0\xc3\x22\xa8h\x14\
4\x8a\x80\x11!q\xd7(\xae\x80\xb8\xa3\x06\x8d\x22B\
4\x0a\xa8QA\x18\x055**\xa3q\x19\xd1\x88\xa3\
\xe2\xca:\xa3\x10\x10p\xc8\xb0\x083\xcc\xc2\xe7\x8f\xbe\
\xe8cx\xf7\xf49\xef\xf6\xbdo\xeb/y\xbfNw\
W\xf5\xeb:}OwWWA\xa5R\xa9T*\x95\
J\xa5R\xa9T*\x95J\xa5R\xa9Tf9Q\xaa\
!u;`\x01\xf0h`W`{`\x0b`\xb3R\
2\xe6(\xab\x81;\x80\x7f\x01\x97\x03\x7f\x03\x96D\xc4\
\xbfK4>\x90\x01\xa8;\x03\xaf\x04\x0e\x01\x1e;h\
{\x95\xd6\x08\xfc\x058\x0f\xf8jD\x5c5\xd9\x86&\
5`\xeaB\xe08`\xff\xc9\xb6Q)\x86\xc0\x85\xc0\
\x89\x11\xf1\x8b\xae\x95;\x0d\x9e\xfa(\xe0T`\xbf\xae\
\x82*#\xe1B\xe0\xcd\x11qY\xdb\x0acm\x0a\xa9\
\xf3\xd4\x13\x80K\xa8\x83?\x9dy\x0ep\x89z\xbc\xda\
jl\xb33@\xef\xe3\xeel`\xdf\x01\x95\xab\x8c\x96\
\xc5\xc0a\xb9\x8f\xc5F\x03P\xe7\x03?\x22}\xd5W\
f\x1e\xcb\x80\x03#\xe2\xca~\x05\xfa\x1a\x80\xba\x13\xf0\
\x0b\xe0!CP\xac2:\xae\x03\x9e\xd5o\xa50\xa1\
\x01\xa8\xdb\x03K\x80\x1d;\x08ZK\x9av~\x02,\
%\xadYWF\xc4\xaaN\xeaV\xee\x81\xba9p\x7f\
\xd2,\xfc\x14\xd2\xcak?`\xe3\x0e\xcd\x5c\x09,\x88\
\x88\x1b\xda\x08\xdcX\xfd\xb5\xed\xb9A=V\xddv\x12\
\xfd\xabL\x02u;\xf58\xf5\xc6\x0e\xe3\xb4D\xdd\xa8\
M\xe3\x9fh\xd9\xe0:\xf5S\xeaV#\xe8se\x02\
\xd4\xfb\xaa'\xab\xeb[\x8e\xd9\xc7s\x0d\xee\xd1\xb2\xb1\
\xeb\xd5}F\xd4\xcfJ\x06u\x7f\xdb\xcd\x06\xeb\xd5\xa7\
\xf5kd\x9e\xfa\xfb\x16\x8d\x5ce\xfa@\xacL#\xd4\
\x9d\xd5e-\xc6\xefb'\xda#P\x0foQ\xf9Z\
u\x87)\xe8_\xa5\x05\xea\x0e\xeau-\xc6\xf1e\x1b\
V\x0c\xf5O\x99Jk\xd4gNQ\xdf*-Q\x9f\
\xae\xde\x99\x19\xcb?\xaa1\xbe\xd2\xbe-\xac\xe6\xbdS\
\xd8\xafJ\x07\xd4\xf7\xb5\x18\xcf\x85\xe3+|9S\xf8\
2u\x93\xa9\xebR\xa5\x0b\xea\xa6\xea\x95\x991=\xe3\
\xee\xc2\x1b\xab\xb7d\x0a\xbfj\x8a\xfbT\xe9\x88zT\
fLoV7B\xdd3S\xf0\xc6\xfa\xf6\xcf<\xd4\
M\xd4\x15\x99\xb1\xddc\x0cX\x98i\xeb\xdc\x88X3\
\x02\x9d+\x05\xe9\x8d\xd973\xc5\x16\x8e\x01\x8f\xcb\x14\
\xfaq\x19\x95*S@n\xec\x1e;\x06\xec\x96)\xf4\
\x9bB\xcaTF\xcfE\x99\xe7\x8f\x1a\xa3\xf9\xb8we\
D\xdcXP\xa1\xca\x08\x89\x88\xeb\x81[\x1a\x8a<t\
\x0ch:\xcc)\xe2z\x5c\x99R\x9a\xc6p\xab1\x92\
\xef~?\xee(\xacLe\xf4\xfc\xa7\xe1\xd9}\xc6h\
v\x0c\xbd\xab\xb02\x95\xd1\xd34\x86c\xad<G+\
\xb3\x97j\x00s\x9c)7\x00\xf5>\xea\x8b\xd4\xcf\xa8\
?5\x1d9\xdf6n\xbbr\x99z\x81\xfaQu?\
\xdb\xb85\x0d\xae\xd3\x0bL\xa7\xa3k\xd5\x7f\xa8\xefP\
\xe7u\xa8\xffJ\xf5R\xdb{\xea\xb4e\x85z\xaaz\
\xdf\x92\x9dmbi1A\xf7\x96\xbb\xbb\xe9\x10jU\
\xc7\x7f\xc2M&c\x99?$\xbd^\xddG\xee\x97Z\
\xd6?\xaec\x7f&\xc3\x1fl\xb9=\xaf.mjh\
\xe4\x06\xa0\xee\xa8.*\xf0OX\xab~^\xdd\xa6\xa0\
n[\xda|0\xb6 S\xff\xe1\xe6\xcf\xe2KqL\
\xcb>5\x1a\xc0H\x7f\x02\xd47\x00\x7f\x05^Z\xa0\
\xb9\x8d\x80\xd7\x02\x97\xaa/)\xd0\x1e\xc0\xee@\xd3\xf4\
\xba0S\xff\x99\xc0\xa8\x0e\xce\x16\x96hd$\x06\xa0\
n\xa6.\x02N\xa3|\xbc\x80m\x81E\xea'\xed\xf0\
;\xdd\x87\xa6=\x91\x12\xcfK\xb2\xbaD#C7\x00\
uk\xd2\xa1D\x89\xb7\xbe\x1f\x01\xbc\x1d8K\xedr\
ab&\xf3\xad\x12\x8d\x0c\xd5\x00L\xb7Z\xbe\x07\xec\
=L9\xe3x\x19pN\x81\x99`\xbasvD\x9c\
S\xa2\xa1\xa1-\xa9LN\x87g\x01{u\xac\xba\x06\
\xb8\x9at\x88\xf1\x00\xe0at\xd3\xf3`\xe0$\xd2\x8c\
0\xdd\xb8\x06\x18\xe4p\xed\x06\xe0\x1c\xe0\xabe\xd4\x19\
\xa2\x01\x00\xef\x02^\xdc\xb2\xecm\xc0\x99\xc0\xb9\xc0\xc5\
\x11\xb1\xf6\xee\x07\xbdYd/\xe00\xe0p\xda}d\
\x1d\xa3.\x8d\x88\xb3\xba\xa9<tN\x8a\x88S\xa7Z\
\x89\xf1\x0c\xe5'\xc0t\xfb\xe4#m\x8a\x02_\x00v\
\x88\x88\xb7F\xc4E\xe3\x07\x1f \x22VE\xc4\xe2\x88\
8\x0a\xd8\x05\xf8vK5N\xec\xa4\xf4\x1c\xa5\xb8\x01\
\xf4~\x7f?O~v\xb9\x1d8$\x22^\x1b\x117\
\xb5i;\x22\xae\x8e\x88\x83\x817\x03\xeb2\xc5\xe7\xf7\
f\x8fJ\x03\xc3\x98\x01\x8e\x06\x9e\x9c)s'\xf0\xe2\
\x88h\xfb6\xdf\x83\xde4z\x18\xcdF\xb0\x9a4\xc3\
T\x1a(j\x00\xa6\xed\xc9\xe33\xc5\xd6\x03\xaf\x88\x88\
\xc5\x83\xc8\x8a\x88E\xc0[\x1b\x8a|7\x22\x8a\xac\x95\
g3\xa5g\x80#\x80Gd\xca\x9c\x12\x11\xe7\x97\x10\
\x16\x11\xa7\x91\xbe\xf87\xe4*\xa6\xe7*`\xdaQz\
\x15\xf0\x9a\xcc\xf3\xe5\xc0\x09%\x05F\xc4\xbb\xd5\xef\x00\
/'\xed2^\x06|1\x22n+)g\xb6R\xcc\
\x00\xd4\xc7\x00{d\x8a\x1d\x13\x11\xb7\x97\x92y7\x11\
q\x11y\x0f\xd8\xca\x04\x94\x9c\x01rk\xfee\xc0w\
\x0b\xca\x9b\x89\xbc_}\xdb\x00\xf5o\x01\xbe\x01|*\
\x22r\xab\xa0V\x944\x80\x832\xcf?\x17\x11s\xdd\
\xc7\xf0\x81\xbd\xbfA\xd8\x1d\xd8_}n\x89\xffg\x91\
\x8f@u3`\xe2\xd0#\x89\xbb\x80\xaf\x94\x90U\x01\
RD\xd0\xa3J4Tj\x15\xf0D\x9a\xc3\x96\xfd\xb5\
Tx\xf3\xca\xffx~\x89FJ\x19\xc0\xe33\xcf;\
G\xb1\xaed)\x12\xa5\xbd\xd47\xc0\xfc\xcc\xf3_\x97\
\x10\xa2n\x0a\x1cK\xf2-x0y\x03^G:\x81\
;\x83\xf4\x0d2\x9bv\x06\x7fX\xa2\x91R\x06\xf0\xf0\
\xcc\xf3\xeb\x06\x15`\xf2\x06\xfe)\xc9\xed\xaa\x0b\xdb\x92\
\xb6\xa6\xf7$%\xb7\x98\x0d\xfc\x1c8\xbdDC\xa5\x0c\
 \xe7\xa6\xdc\xea\xb0'\xc3\x9b\xe8>\xf8\xe39B=\
+\x22.(\xa0\xcbd\xb9\x83t\x0e2Y\xae#-\
\x03O\x8a\x88\xf5%\x14*e\x00\xb9S\xb7\x15\x05d\
<\xb7@\x1b\xcf\x03\xa6\xd2\x00\xde='\xfc\x01\xa61\
\xf5xx\x03J\x19@\xee\x16\xf1\xa0\x9b\x1fP\xe6\xcd\
-\xbe\x0d=\xd3)e\x00\xb9\x83\x97\x12\x06p\x1a\xf0\
\xab\x01\xdb\xb8\xb5\x80\x1e\xb3\x8aR\xdf\x00\xd7d\x9e\x0f\
\x9ct\x22\x22\xd6\xa9\xfb\x02\xef!-\x03\x1f\xc2\xbd\x0d\
xs\x9a\xef\x1d\xe4\xf4\x9cs\x94\x9a\x01\xfe\x91y\xbe\
g\x09!\x11\xb1&\x22>\x14\x11O\x88\x88\x07F\xc4\
6\xe3\xff\x80\xef\x0f\xa8\xe7\x9c\xa3\x94\x01\xfc9\xf3|\
\xe8\xf7\x02z\xd7\xdc\x9e\x9d)\x96\xd3s\xceQ\xca\x00\
.!\xa5\x8c\xe9\xc7\xe3\x1c~F\x91'\xd1\xfc\xadq\
M/hRe\x1cE\x0c\xa0\xe7{\xf7\xdb\xa6\x22\xc0\
\x91%d5\x90\x0bg\xfb\xcb!\xcb\x9f\x91\x94\xdc\x07\
\xf8A\xe6\xf9\x1b\x87ue\xab\xe7\xfe\x9d\xdb\xe6\xfd\xde\
0d\xcftJ\x1a@\xce\xd1\xf3\x91\xc0\x8b\x0a\xca\x1b\
\xcf\xebI\x99\xb5\xfaq'\x85\x0eOf\x1b\xc5\x0c \
\x22\xfeN>\xaa\xe8\xa7\xd5-K\xc9\x84\xffe6\xcd\
9\x9a\x9e\x17\x11+K\xca\x9d-\x94\xde\x0a\xfeB\xe6\
\xf9#hwe\xac\x0b\x9f\x01\xb6\xce\x94\xc9\xe95g\
)m\x00_\x07\xfe\x99)\xf3&\xf5\x90\x12\xc2za\
R\x0e\xcd\x14\xbb(\x22~VB\xdel\xa4\xa8\x01\xf4\
B\x94\xe7.e\xce\x03\xceV\x0f\x18D\x96)\xf1\xd1\
D\x97B6\xe4\x03\x83\xc8\x99\xed\x0c\xe34\xf0L\xe0\
w\x992\x9b\x00\xe7O6\xb6\x8f\xfaNRF\xf3\xdc\
\xaa\xe2\xfc\x88\xb8p22\xe6\x0a\xc5\x0d\xa0\xe7\xa8\xf0\
z\x9a7\x86 \xc5\xd3Y\xa4\x9e\xae\xb6:,Rw\
S\x7fDz\xf3s\xba\xdfJ\xf3\xdd\xc1\x0aC\xf2\x07\
\x88\x88\xdf\x01m\xb2\x8c\x05\xe96\xf1rS\x00\xc4\xbd\
\xdd \xfe\x9d\xba\x85)\x90\xe4\xd9\xc0\x9f\x80\xb6?\x1d\
\xaf\x89\x88\xab;)>\x07\x19f\x84\x90O\x00\xcf \
\x85l\xc9\xb1%\xf0\xc6\xde\xdfZ\xf5jR\x94\xeb\xed\
\x81\xed&!\xfb\xb3\xa5b\xe8\xccv\x86\xe6\x11\xd4\xf3\
\xc0=\x9c\xee[\xb0\x1b\x03;\x91\xee\x1aLf\xf0\xbf\
\x0d\x0cr\xfdjN1T\x97\xb0\x88X\x05\xbc\x90\xe4\
\xc5:\x0a\xce\x05^^\xcaar.0t\x9f\xc0\x88\
\xb8\x85\xe4\xd09\xec)\xf9dR\xe0\x89\x9a\xe1\xac\x03\
#q\x0a\x8d\x88\xd5\x11q(\xf0:`U\xe1\xe6o\
\x02\x0e\x8e\x88\xb7\x15\xb8,\x99\xf3m\xcc\xf9\x14\xe6\xea\
7e\xef\x98\x1a2\x01\x89\x87\x11,z\xbeznF\
n\x1b\xd6\x99\x82E\x17\xf330\x05\x8b\xbe\xb9Af\
c\xccC\xf5a\xf6\x0f\x16\xbdV\xdd\xa9\x94\xaemq\
\xbaE\x0b\x1f\xa7\xd8\x93\xd43\xd4;2:l\xc8J\
\xf5du\x97!\xe9ud\x1f\xb9g\xb6\xac\x7fl\x9f\
\xfa\x1f\x1e\x86\xbe-\xf4\x99\x9e\x060N\xc1\xcd\xd5\x17\
\xaa\x9fV\x17\xab\xd7\xa8\xb7\xf6\xe4\xdf\xac.W\x7f\xa8\
~\xdc\x940b\xe8\xb1\x80\xd5\x83\xd4KLo\xedr\
\xf5\xedvK\x18q\x84)a\xc4Z\xf5r\xf5\xe8a\
\xea\x9b\xd1ez\x1b@e\xb8\xe4\x0c`\xae\xdd\x0c\xaa\
l@5\x809\xce\x18\x99\xbcr\xa3R\xa424\x1a\
\xf3B\x8e\xd1\xbcv\x1de\x06\x8c\xcaphr\xc1\xbb\
}\x8c\xe6{}\x93\xd9\x8b\xafL/\x9a\xc6\xf0\xb61\
\x9a\xa3wl\xad>\xa8\xb0B\x95\x11\xa1nOs\xf0\
\x8ek\xc7H\xa1U\x9b\xc8E\xff\xacL_rw2\
/\x1d#\x7f_\xee\xc0B\xcaTFOn\xec\xfe\x82\
\xbagf3\xe8\xdf\xb6\xccRY\x99>\xa8\x9b\x9a\xb2\
\xac6\xf1t\xd4\x8dl\xce\x96\xa9z\xe4Tw\xa8\xd2\
\x0d\xf5\xe8\xcc\x98\xae\xf4\xee\xedm\xf5K\x99\xc2W\x98\
b\xf4Uf\x00\xa6D\x9dWe\xc6\xf4\xf4\xf1\x15\xf6\
\xc9\x14V}\xdf\x14\xf6\xa9\xd2\x01\xf5\x83-\xc6\xf3\xd9\
\xe3+\x84\xe9\xf4\xab\x89\xb5f\xce\xc3+S\x8f\xfa\x0c\
uMf,\xffh\xca\xebx\x8f\x8a\x87\xb6\xb0\x9a\x1b\
\xd5]\xa7\xa8o\x95\x0c\xa6\xcc\xec\xffj1\x8e\xf7N\
\xe3\xab\xceS/nQy\x99\xba\xf3\x14\xf4\xaf\xd2\x80\
\xba\x8b\xc9w!\xc7o\xecw\x0a\xac>M]\xdf\xa2\
\x91\x1b\xd4\xfdF\xdc\xc7J\x1f\xd4\x03L\xcb\xf5\x1c\xeb\
\xd4\xe6\x94~\xea\xc7Z4d\xcfPNVsq\x82\
+CB\xbd\x9fzJ\xcb\x97V5\x7f5\xdf\xb4/\
\xb0\xa4e\x83\x9a,\xefx\xeb\x99\xc1\xc8P\x1f\xac\x9e\
\xa0\xae\xe80N?7E\x5c\xbf\x07\x13&\x1d\xe8\x0d\
\xe6\x12\xa0\xcbo\xfd:R8\xf7\xc5\xc0R\xd2\x19\xc3\
\xca\x88\xc8\xb9JW\x1aP\xb7\x00\xb6\x01v\x05\x9e\x0a\
\xec\x0f\xecC\xb7k}W\x00{M\x94\xb5\xa5o\xd6\
\x09uGR\xa6\x8f\x87vQ\xb82\xed\xb8\x16\xd8;\
\x22\x96O\xf4\xb0\xaf\xb7HD,#\xa5m\xcf\x9d\x16\
V\xa6/\x97\x92\xde\xfc\x09\x07\x1f2._\x11\xf1O\
`\x01\xf0\xe3\xc2\x8aU\x86\xcf\x05\xc0\x82\xde\x18\xf6%\
\xeb\xf3\x17\x11+H\x89\x16\x8ec\xb0l\x17\x95\xd1\xb0\
\x9a\x14P\xfb\xa0\x88\xc8fj\xe9\x94y\xcat\x1b\xe7\
T\xda\x07i\xa8\x8c\x96\x0b\x80\xb7D\xc4\x95m+t\
\xf2\xfa\x8d\x88+\x22\xe2@\xe0Y\xa4\xc0\x8b\xb3)\x0b\
\xd7LE\xfe?\xdd?\xbf\xcb\xe0\xc3\x80\xb9\xe7z+\
\x85#\x80CH\xb9\x03\xab\x1b\xf9h\xb8\x8b\x14.\xe7\
<\xe0kM\x1fy9\x8a$\x1f\x040\x05zZ\x00\
<\x1a\xd8\x0dx\x10\xb0\x15\xcd\x09\x1c*yV\x91\xae\
\x95_\x0f\x5c\x0e\xfc\x1dX\xd2\xfb6\xabT*\x95J\
\xa5R\xa9T*\x95J\xa5R\xa9T*\x95J%\xc7\
\x7f\x01\xf8\xc1\x0c\xc7\xdd\xd6YQ\x00\x00\x00\x00IE\
ND\xaeB`\x82\
\x00\x00\x08\xc8\
\x89\
PNG\x0d\x0a\x1a\x0a\x00\x00\x00\x0dIHDR\x00\
\x00\x00\x84\x00\x00\x00\x84\x08\x03\x00\x00\x00f\x9as\x95\
\x00\x00\x00 cHRM\x00\x00z&\x00\x00\x80\x84\
\x00\x00\xfa\x00\x00\x00\x80\xe8\x00\x00u0\x00\x00\xea`\
\x00\x00:\x98\x00\x00\x17p\x9c\xbaQ<\x00\x00\x02j\
PLTE\x00\x00\x00\xff\xff\xff\xff\xff\xff\xff\xff\xff\
\xff\xff\xff\xff\xff\xff\xff\xff\xff\xff\xff\xff\xff\xff\xff\xff\
\xff\xff\xff\xff\xff\xff\xff\xff\xff\xff\xff\xff\xff\xff\xff\xff\
\xff\xff\xff\xff\xff\xff\xff\xff\xff\xff\xff\xff\xff\xff\xff\xff\
\xff\xff\xff\xff\xff\xff\xff\xff\xff\xff\xff\xff\xff\xff\xff\xff\
\xff\xff\xff\xff\xff\xff\xff\xff\xff\xff\xff\xff\xff\xff\xff\xff\
\xff\xff\xff\xff\xff\xff\xff\xff\xff\xff\xff\xff\xff\xff\xff\xff\
\xff\xff\xff\xff\xff\xff\xff\xff\xff\xff\xff\xff\xff\xff\xff\xff\
\xff\xff\xff\xff\xff\xff\xff\xff\xff\xff\xff\xff\xff\xff\xff\xff\
\xff\xff\xff\xff\xff\xff\xff\xff\xff\xff\xff\xff\xff\xff\xff\xff\
\xff\xff\xff\xff\xff\xff\xff\xff\xff\xff\xff\xff\xff\xff\xff\xff\
\xff\xff\xff\xff\xff\xff\xff\xff\xff\xff\xff\xff\xff\xff\xff\xff\
\xff\xff\xff\xff\xff\xff\xff\xff\xff\xff\xff\xff\xff\xff\xff\xff\
\xff\xff\xff\xff\xff\xff\xff\xff\xff\xff\xff\xff\xff\xff\xff\xff\
\xff\xff\xff\xff\xff\xff\xff\xff\xff\xff\xff\xff\xff\xff\xff\xff\
\xff\xff\xff\xff\xff\xff\xff\xff\xff\xff\xff\xff\xff\xff\xff\xff\
\xff\xff\xff\xff\xff\xff\xff\xff\xff\xff\xff\xff\xff\xff\xff\xff\
\xff\xff\xff\xff\xff\xff\xff\xff\xff\xff\xff\xff\xff\xff\xff\xff\
\xff\xff\xff\xff\xff\xff\xff\xff\xff\xff\xff\xff\xff\xff\xff\xff\
\xff\xff\xff\xff\xff\xff\xff\xff\xff\xff\xff\xff\xff\xff\xff\xff\
\xff\xff\xff\xff\xff\xff\xff\xff\xff\xff\xff\xff\xff\xff\xff\xff\
\xff\xff\xff\xff\xff\xff\xff\xff\xff\xff\xff\xff\xff\xff\xff\xff\
\xff\xff\xff\xff\xff\xff\xfe\xfe\xfe\xfd\xfd\xfd\xf4\xf4\xf4\xcd\
\xcd\xcd\x98\x98\x99kklJKL233'(\
)IJK\x97\x97\x98\xcc\xcc\xcd\xf9\xf9\xf9\xdb\xdb\xdb\
\x8b\x8b\x8cCDE%&' !\x22CDD\x8a\
\x8b\x8b\xdd\xdd\xde\x82\x82\x83456!\x22#\x1e\x1f\
 \x22#$\x80\x80\x81\xdd\xdd\xdd\xf3\xf3\xf4\xaa\xab\xab\
DEF##$\x1d\x1e\x1fDEE\xa9\xaa\xaa\xf3\
\xf3\xf3\xe9\xe9\xe9./0\x1c\x1d\x1e\x7f\x80\x80\xe7\xe7\
\xe7\xe1\xe1\xe1noo&'(lmn\xe1\xe1\xe2\
mnn%&&qrs\xe8\xe9\xe9~\x7f\x7f\xf2\
\xf2\xf2\xaa\xaa\xab\xa9\xa9\xa9\xdc\xdc\xdc345\xda\xda\
\xdaDDE&''$&'\xca\xcb\xcb\x95\x96\x96\
hijGHI()*$%&\xca\xca\xcaB\
CCBCD\x89\x8a\x8a\xd8\xd8\xd8\x81\x81\x82}~\
\x7f\xaa\xaa\xaa../\xa6\xa7\xa7\x80\x81\x81~~\x7f\
\xe6\xe6\xe6ijjmmn\xe7\xe7\xe8nno\xe8\
\xe8\xe8\xf2\xf3\xf2\xa7\xa7\xa8\xd9\xd9\xd9123\x1f\x8f\
\xf3)\x00\x00\x00utRNS\x00\x00\x02\x10Cu\
\x9c\xc2\xdb\xea\xf7\xfd\xfe\xeb\xc3\x9dv\x11\x04\x1fk\xb9\
\xee\xbal \x0a\xa8\xec\xed\xa9D\x09F\xb2\xf2\xf3\xb4\
I\x08)\x9a\x92&Z\xd5\xd7\x5c\x18\x88\x8b\x19%\xaa\
#+\xb5\xfc\xb6*\x22\xa7\x1a\x87\xf5\x8cY(\x97\xef\
J\xb1!jo\xbc\x12Bx\x9f\xc5\xde\xe9\xf6\xf0\xbb\
\xbdq\xabE\xf4G\x0bK\x98\xd8,]`\x8a\x8f\xac\
\x1b$\xb7\xb8-\x90_\xa0\x99Lnpw\x9e\xc4F\
^(\x07\x00\x00\x00\x01bKGD\x01\xff\x02-\xde\
\x00\x00\x00\x09pHYs\x00\x00\x0e\xc3\x00\x00\x0e\xc3\
\x01\xc7o\xa8d\x00\x00\x00\x07tIME\x07\xe8\x03\
\x03\x12\x1f\x06XM:\xc4\x00\x00\x04|IDAT\
x\xda\xed\x99\xf9W\x13W\x14\x80_b\xd043\x8a\
\x8d5\xda\x90D@D\xad\x8aZQ\x04\xa9\xd6j\x5c\
*\xad\x1b\xb5\xa2\xa8\xb8\xd7\xba\xd6v\x12\x94\x12\x15\x84\
\x800\x89[c)P\x8d\xbb\x95\xd8*\x22\xee\xda*\
\xee\xfeO&\x80/\x93\xcc\xf2\x06\xde\xa4\xe5\x9c\xde\xef\
\xa7\x9c\xf3f2\xdf\xb9\xef\xbe\xed>\x84\x00\x00\x00\x00\
\x00\x00\x00\x00\x00\x00\x00\x00\x00@5:\x22j^\xa6\
2\xd0\xf73$\xf5\x1f`\xfc\xc0\xc4\xb0\xb2p\xf2\xb0\
\x8ci\xa0qP\xf2`\xc3\x87\xfa\xdez\x98\x87|4\
\xd4\xc2pJ_Q\x05\xcb1\x96a\xc3?6\xf7B\
\xc1jH\xb11]\xffA-\x11\x86\xb1;FX{\
\xa8\x90\x9a\x96>\x92\xf6\xe3\xf1d\x8c\xca\x1c\xdd\x93\x5c\
\x183\xd6\xa2\xb5B\x04\xfb'\xe3T\xe7\x86u\xfc\x04\
\xea>\x90\x86\xc9\x9a\xa8\xb2O&M\xb6%F!\x82\
\xed\xd3)j\x1c\xb2\xa7\x9a\x12\xe7\xc0q\xa6\x94id\
\x87\x9c\xe9\xb9\xb1o\xb9D?\xe8\xc8\xcd\x9bAr\x98\
\x96\xc7\xc4\xbd\xe4\xc6h\x14\x0b&=\x9f\x90\x0f\x9f\xc5\
\xc6\xc1]\xbao\x7f\xd9\xcf\xe5\x1eO\xf9\x81\xb2\x83\x87\
J\xb5\xf1\xc8u\xccT\x1c\x17\xb3>\x17>]Qy\
\xb8\xaa\xda\x8b\xa9\xae\xa9\xad\xac\xd0\xc2\xc24[a\x8c\
\xe8&\x0a\xc7\x85\xebH]=\xef\xf3\xf2\xfenx\xaf\
\x8f\xaf?zL\x8b\xd4\xb0}!?_\xcc\x99 x\
\xf0\xf8\x89\x93\xbf\x04\xa2\x0a]\x1a\x01\xff\xa9_\x1b4\
\xb0\xc8\xca\x91s\x18=W\x90\x94\xbf\xd556\xc5*\
ti456\xffN/\xc1\x8eM\x95\x91H\x13\xcc\
\xd5\xa7\xcfx\x02\x22\x85N\x8d@\xf0\xec9z\x0b\xe7\
<\x99\xac\x9c/\x88\xc3\xf9\x0b\xd2\x0e\x11\x8b\xea\x8b\x97\
\xe8-\xa6K\x87bDt\xdd<^\xe7\x91s\x88X\
x._\xa1\x96\xc80H9\x98S\xf0\x03\xae?\x1a\
\xe5\x1d\x22\x16\x8dW\xe9\xc7\x88Cj\x973\xc4\x8e\xdb\
[\xaa\x9a\x14\x1c\xc2\x16M'\x8fPK\xd8\x17HH\
,\xc4C\xa3\xa2\xce\xef\xf5+\xe2\xf57S\xcfZ\xcc\
\x97\xe2\xb9B?\x147W\xd6\x07xe\x09>\x10\xba\
F\x1d\x8aEz\x91D?<>\xdd\x87yB \xc2\
\xa1\xe0k\xa9\xd7\x11g\x81h\xc6\xfe\x0a\xf7F\xe9\x9f\
>\x9e$\xc1\xfb\xaaJ\xa9\xfb#-\xbe?tI\xb8\
q\xdf_\xc4@\x84Cq\xfd\x06u\x7f|-\x92H\
\xeenq\xb9\xf7{\x89\x81\x88\xcc\xdf\xadn\xdaa\xba\
X$1\xe8}\x93\xbbLE \xc2\xa1\xb8I\x9d\x14\
KD\x12F,q@\x9dD\x1b\xb5\xc4R\x91\xc42\
,\x11R'QN-1P$\xb1\x1cK\xdcR'\
\xe1\xa1\x960\xf5M\x89>\xd1\x1d}\x221\xfb\xc4\x10\
M\xee\xae\xb9\xb8\xdc\x07\xff\xbb\xc9*\x09\xb7\x1d\xba\xa0\
f\xdan\xbfM\x1b\x08\x89i\xdb\x80\x17\xb0\x86;j\
\x16\xb0\xbb\x09X\xc0P\x81\xf3}\xa3\xbb\x96\xb4\xa7\x89\
,\xe5\xf7\xa8S\xa2P\xb4\x94#\xfd7\xb8\xf5~\xe8\
_\xd9\xd4\xac\x10ojt\xc3\xa3\xdb\xbb\x07\xe4\xed\xdd\
C\xea\xed\x1d\xfb\xad\xc4Q0?z\xf4i\xa9!m\
tO\x1d\xa3\x0e\x84\xe4F\xd7\xec\xc0\xed\xaeG\x84-\
\xff\xe3\xbf\xe9\xb7\xfc+%\x0b\x9bE\x19\xf8\x81\x86\x7f\
\x82\xf2#\x84\xf7\x05\x9f\xd0\x1f~V\xad\x96r@\xd6\
\xf4\xe8#O;\xdae\x8f\x81\xbe\xeag\xcf\xa9\x1d\xb8\
\xbcbI\x09\x94)<\x10\xbf\x08\xca\x1e\x88\x9f\x9d\xa6\
w(\x5c#\xed\x80R\xd7\x0a\xca\x97/\x9b\xe5J\x03\
O4\x88\x03\xdb_\xb6V3#K\xf0\xdc\xab\xabU\
~\x89\x22I\xcdk\xfa|\xe0\xb8u%r\x0eH\xb7\
>\xa6\x5c\xd4\xd2\x1c\xf2\xc7\x96\x8b\xfc\xa1\x87\x95Z\x94\
\x8b,\x1b\x14\xca\xcb\xd6\x8d1\x85\xd4\x8ak\xb5\xc2\xc2\
Y\xfb\xdd{o\xb4)\x9cm*F\x0aLq\xc4\x97\
\x10o\xb4v\xb4\xbd\x0d\x06\xdf\xb6u\xb4\xden\xd0\xa6\
\x84\xc8l\xde\x82\x14\xd9\xfa]\xe2\x8b\xa9\xdb\xb2\x11\x81\
\x92\xf8\x92\xae\xd6eef\xdb\xf7$\x07\x84\xb27'\
\xb8\xc0\xbe\x95\xec\x80\xd0\xcc\xd9\x09\xbcj\xb0l\xdf\xa2\
\xc6\x01\xa1\xe2\xf5Y\x09\xbata\xd7\xed(V\xe7\x10\
\x9e/Jv\x16&\xc2\xc1\xb9+\xa7'W\x93\xd6\xcc\
Q\x19\xf4\x1f\x8deU\xde\xee\xd4\x1e(tj\x14M\
\xb5kx%\xc9ZV\xaeV\xdd\x13\x02\xcc\x0b\xf6,\
r*]\xce\xaa\xd4c9\xb6p\xc5\x0f\xf9\xbd\xb9\x9c\
\xed\xcc\x0d}A\xd1\xde\x1f\x7f2\xda\xe4\xae\xa9I\x9f\
gL6\xe3\x92\xc5{\xd3\x0az}M\xdd\xe5\xa1t\
\xe5N\xfagM.\xec\x01\x00\x00\x00\x00\x00\x00\x00\x00\
\x00\x00\x00\x80\xff\x1b\xef\x00\xf1\x5ce\xbe\xc8\xf2\x1d\xb6\
\x00\x00\x00%tEXtdate:cre\
ate\x002024-03-03T1\
8:31:06+00:00\x08_\xcd\
\xb7\x00\x00\x00%tEXtdate:mo\
dify\x002024-03-03T\
18:31:06+00:00y\x02\
u\x0b\x00\x00\x00(tEXtdate:t\
imestamp\x002024-03\
-03T18:31:06+00:\
00.\x17T\xd4\x00\x00\x00\x19tEXtSo\
ftware\x00www.inksc\
ape.org\x9b\xee<\x1a\x00\x00\x00\x00I\
END\xaeB`\x82\
\x00\x00\x07;\
<\
!DOCTYPE svg PUB\
LIC \x22-//W3C//DTD\
 SVG 1.1//EN\x22 \x22h\
ttp://www.w3.org\
/Graphics/SVG/1.\
1/DTD/svg11.dtd\x22\
>\x0a\x0d<!-- Uploaded\
 to: SVG Repo, w\
ww.svgrepo.com, \
Transformed by: \
SVG Repo Mixer T\
ools -->\x0a<svg fi\
ll=\x22#ffffff\x22 wid\
th=\x22800px\x22 heigh\
t=\x22800px\x22 viewBo\
x=\x22-1.2 -1.2 26.\
40 26.40\x22 xmlns=\
\x22http://www.w3.o\
rg/2000/svg\x22 str\
oke=\x22#ffffff\x22 st\
roke-width=\x220.00\
0240000000000000\
03\x22>\x0a\x0d<g id=\x22SVG\
Repo_bgCarrier\x22 \
stroke-width=\x220\x22\
/>\x0a\x0d<g id=\x22SVGRe\
po_tracerCarrier\
\x22 stroke-linecap\
=\x22round\x22 stroke-\
linejoin=\x22round\x22\
 stroke=\x22#CCCCCC\
\x22 stroke-width=\x22\
0.192\x22/>\x0a\x0d<g id=\
\x22SVGRepo_iconCar\
rier\x22> <path fil\
l-rule=\x22evenodd\x22\
 d=\x22M3,21 C1.895\
4305,21 1,20.104\
5695 1,19 L1,5 C\
1,3.8954305 1.89\
54305,3 3,3 L21,\
3 C22.1045695,3 \
23,3.8954305 23,\
5 L23,19 C23,20.\
1045695 22.10456\
95,21 21,21 L3,2\
1 Z M21,5 L3,5 L\
3,19 L21,19 L21,\
5 Z M9.1843164,7\
.78768371 C9.673\
33621,7.30584332\
 10.2804658,7 11\
,7 L13,7 C13.719\
5342,7 14.326663\
8,7.30584332 14.\
8156836,7.787683\
71 C14.8879867,7\
.85892532 14.954\
1108,7.93005667 \
15.0143026,8 L15\
.6,8 C16.9414906\
,8 18,9.13411721\
 18,10.5 L18,14.\
5 C18,15.8658828\
 16.9414906,17 1\
5.6,17 L8.4,17 C\
7.05850939,17 6,\
15.8658828 6,14.\
5 L6,10.5 C6,9.1\
3411721 7.058509\
39,8 8.4,8 L8.98\
569742,8 C9.0458\
892,7.93005667 9\
.11201328,7.8589\
2532 9.1843164,7\
.78768371 Z M11,\
9 C10.8706092,9 \
10.7333263,9.069\
15668 10.5880336\
,9.21231629 C10.\
4804087,9.318361\
08 10.405992,9.4\
2597745 10.38364\
6,9.46815566 L10\
.1018749,10 L8.4\
,10 C8.19509331,\
10 8,10.2090285 \
8,10.5 L8,14.5 C\
8,14.7909715 8.1\
9509331,15 8.4,1\
5 L15.6,15 C15.8\
049067,15 16,14.\
7909715 16,14.5 \
L16,10.5 C16,10.\
2090285 15.80490\
67,10 15.6,10 L1\
3.8981251,10 L13\
.616354,9.468155\
66 C13.594008,9.\
42597745 13.5195\
913,9.31836108 1\
3.4119664,9.2123\
1629 C13.2666737\
,9.06915668 13.1\
293908,9 13,9 L1\
1,9 Z M12,14 C10\
.8954305,14 10,1\
3.1045695 10,12 \
C10,10.8954305 1\
0.8954305,10 12,\
10 C13.1045695,1\
0 14,10.8954305 \
14,12 C14,13.104\
5695 13.1045695,\
14 12,14 Z\x22/> </\
g>\x0a\x0d</svg>\
\x00\x00\x08\xb6\
\x89\
PNG\x0d\x0a\x1a\x0a\x00\x00\x00\x0dIHDR\x00\
\x00\x00\x80\x00\x00\x00\x80\x08\x06\x00\x00\x00\xc3>a\xcb\
\x00\x00\x00\x04sBIT\x08\x08\x08\x08|\x08d\x88\
\x00\x00\x00\x09pHYs\x00\x00\x0e\xc4\x00\x00\x0e\xc4\
\x01\x95+\x0e\x1b\x00\x00\x00\x19tEXtSof\
tware\x00www.inksca\
pe.org\x9b\xee<\x1a\x00\x00\x083ID\
ATx\x9c\xed\xdd{\x8cT\xd5\x1d\xc0\xf1\xef\xb9;\
\xb3\xafY`\xd7v\x97\x05\x8c\x7f\xa8\xe0\xa2\xd0\xf4\x85\
\x0dO\x81ZSI\xa9@k\x83\x0d\xa9i\x9a\xf6\x0f\
\x12\xda\xd0\x80\x09\xcf\x8e\x84\x15\x83XKL\xd3\xc46\
\xa6\xd2\x8a%\x06%\xb4\x8aZ\x5cSY\xd6\x94Gb\
\x04\xa4\xa0\xb6\xd5\x80\xe0.\xb0\xcbcv\xd8\x99\xdd\xf9\
\xf5\x8f]\xdab\xb8\xb3\xe7\xdcy0\xde\xfd}\xfe\xd9\
?\xeey\xfc6\xe7\xb7w\xe6\x9es\xeeYPJ)\
\xa5\x94RJ)\xa5\x94RJ)\xa5\x94RJ)\xa5\
\x94RJ)\xa5\x94RJ)\xa5\x94RJ)\xa5\x94\
RJ)\xa5\x94RJ\x95.S\xf4\x1e\x97I\x8cr\
\xa6\x01_\xf6\x0c\xb7\x89\xd0\x84\xa1\x1e\xa8\x03b@y\
\xd1c*\xae\x14\x90\x00:\x81v\x03\xc72\xc21<\
\x0e\x12\xa1\x95\xb8\xe9.f0\xc5I\x80\x952\x12\x8f\
\xef\x1ba\x01\xf05 Z\x94~?{R\x18\xfe.\
\xb0\x9d\x08\xcf\x117\xed\x85\xee\xb0\xb0\x09\xb0Jf\x18\
X\x06\xdc\x0bD\x0a\xdaW\xf8\xa4\x11v\x89\xe11\x9a\
Mk\xa1:)L\x02\xac\x96\x99\x06\xd6!L/H\
\xfbC\x8d\xe1o\x22\xac\xa5\xd9\xbc\x99\xff\xa6\xf3).\
\x8d^\x9a\x8d\x02\x8b\xf2\xde\xb6\xc2\xc0\xf3\x19a\x09\x8f\
\x98O\xf2\xd8f\x9e\xac\x96\xef\x1a\xe1\xb7@m\xde\xda\
T\xd7\xd2)\xf0#\x9a\xcd\x8b\xf9h,\xf7\x04X\x22\
\x15\xdep~)\xb08\x0f\xf1(;b\xe0\xc9L\x94\
\xe5\xc4M*\x97\x86rK\x80\xb8\xd4\x984\xdb\x81{\
rjG\x05\xd5\x22Q\xe6\x137\x17\x826\x10<\x01\
VH\xbd\xf1\xd8\x05|%p\x1b*w\xc2~)g\
\x0eqs&H\xf5`\x09\xf0\x90\x0c3Q\xde@\x07\
\xbfT\x1c\x904\xb3\xd9h.\xbaVtO\x80%R\
a\x86\xf320\xdb\xb9\xee\x10Q\xe6\xc1\x17\x1bRL\
\x1e\x9dbB}\x8a[k{i\xa8\xce\x10\x8b\x0a\x00\
\x89\xb4\xe1\x93n\x8f\x0f\xba\x22\x1c\xee(\xa7\xedd9\
o\xb7\x97\x93\x91\x9c\xba}M\xa2\xccu\xfdN\xe0\x9c\
\x00\xde*\xf9\xb5~\xe1\xbb\xb6\xd15}\xfc\xe0\x8e\x04\
\xf3\xc7%i\x8c\xf59\xd5=\x95(\xe3\xc5\xe3Ul\
9\x1c\xe3T\xa2,P\xff\x06~\x95i6K\x1d\xeb\
8\xe8\x7f\xd4{\xde\xa9\xce\x10\xf0\xb9\xaa\x0c\xcb&]\
\xe0\xfe\xa6$Q/\xb7?\xe3t\xc6\xb0\xedh5\x8f\
\xef\x1f\xc6\xb9\xcb\x9eku\x11\xf8\x8e\xcb#\xa2}\x02\
\xac\x94Q\xc6\xf0.\xfa\x9c\x7f\x95yc\x93<<\xed\
<\xb5\x15\x99\xbc\xb6\xdby\xd9cm\xeb\x08v\xbe_\
\xe5\x5cU\xa24\xd9\xae#X\xa7\x98\xe7\xb1\x09\x1d\xfc\
\xff\x8ax\xc2\xa3wu\xb1\xf9\xeb\x9dy\x1f|\x80\xba\
\xca\x0cO\xde\xdd\xc9#3\xba\x88\xb8\xddU\xea\xbc4\
\x1bm\x0b\xdb\xdd\x01V\xcbL#\xbc\xe1\x12E\x98U\
E\x84\xdf\xdcs\x8eY7\xf5\x14\xa5\xbf\x96\x8f*Y\
\xfcZ\x1d\xc9^\xeb\x1b\xb6H\x86\xbb\xd8`\xf6\x0cV\
\xd0\xea\x0e``\x9dm\xcfa\x17\xf1\x8a;\xf8\x00\xb3\
o\xba\xcc\xef\xbey\xce\xe5\xfb\x851\x1e\x0f\xdb\x14\x1c\
<\x01V\xc9\x0c]\xd5\xfb\x9f\xf5\xd3\xcf\x17u\xf0\xaf\
\x98vc\x0f\xf1\xa9N\x13~\xb3X%\xd3\x06+4\
h\x02\x0c\xac\xe7+`\xfe\xd8$\x0f\x8c/\xea\x86\x9d\
\xab,\xba#\xc1\xdc[\x92\xd6\xe5m\xc6.\xfb\x87J\
\x5c\x1aL\x9a\x13\xe8\x0e\x1e\xea*3\xb4,l\xe7\x86\
\xca\xfc\x7f\xe1s\xd1\xd5\xe31\xeb\xb9\x06\xdbG\xc4^\
\x11n\xcc\xb6|\x9c\xbd\x954\x8b\xd0\xc1\x07\xe0\xa1;\
/\x5c\xf7\xc1\x07\xa8\xad\xc8\xb0t\x92\xf5\x8co\x04\x8f\
\xefe+\x905\x01\x0c\xcc\xb7\xed)\xccF\xc5\xfa\xb8\
\xbf\xc9\xfe\xd6[h\x0f\x8c\xeff\xcc0\xbb\x99\xc6\x81\
}\x98\xbe\xfc\x13 .\xd5\xc0\x9dN\x91\x85\xd4\x83\x13\
\x129\xcf\xf0\xe5S\xd4\x13\x16\xdd\x9e\xb0->e`\
,\xaf\xc9?\x01RL'\xfc[\xb4\x07\xe5\x19\x987\
\xaet\xfe\xfa\xafX0.I\x99\xdd4^9\xbdL\
\xf1\xbb\xe8\xdf\x84\xd1\xa5^\x80/\x8dL1\xcaqa\
\xa7\x18\x1ac}L\xfc\xbc\xe5\xc2_\xc6\x7f,}\x13\
\xc03\xdc\xe6\x1eV\xf8L\x1e\x9d\xd3\x8e\xab\x82\x9a2\
\xc6.\xb6lc\xe9\x9b\x00\x22\x8c\x0b\x10S\xe8L\xac\
/\xdd\x04\x98X\x9f\xb6*'\x04H\x00`\x94k@\
atsm\xef\xf5\x0e\xc1\x97Cl\x8d~\x17\xb2%\
\xc00\xa7hB\xaa\xa1\xfa\xfa?\xfb\xfbi\xa8\xb6\xfe\
n2\xdc\xefB\xb6\x04\xa8q\x8a&\xa4\xael\xe3*\
E5\xf6\xb1\xf9\xfe1;o9Q\xe1\x92-\x01.\
\x15-\x8a\x12\x96H\x97\xee\x1bn\x97\xecc\xf3\x9d;\
\xce\x96\x00\xce[\x8c\xc3\xa8\xbd\xbbto\x92\xed\xdd\xd6\
\x9bG}\xd7\x91\xb3\xfdv\xa7\x9c\xa2\x09\xa9\x7fv\x95\
\xee[\xed\x0e\xb1\x9d\xf6\xbb\xe0\x9b\x00\xc6p\xdc5\xa0\
0:\xd4Q\xba\xb3\xe1\xeft\xd8-\xd4\x1a8\xe6w\
\xcd7\x012\xe2_i(i;Y\xba\x09\xd0v\xa2\
\xc2\xaa\x5c\xb6\xb1\xf4\xff\x08\x10\x0e\xba\x87\x14>o\xb7\
\x97\xf3\xf1\xa5`/j\x14\xd2\xc9\x8be\x1c:c\xbd\
U\xe3\x80\xdf\x05\xff\x04(g\x0fP\xfc\xcdo%&\
#\xb0\xe3=\xe7\xbd\xf9\x05\xb7\xe3\xbd*\xdbW\xc9z\
H\xd2\xe6w1\xcb~\x00\xd3\x8da\x9f{h\xe1\xb3\
\xe5p\x8ct\xa6t\x1e\x07S}\x86-Gb\xb6\xc5\
\xdbx\xc2\xf8\xaegg}\xc6\x11\xe1\x05\x97\xc0\xc2\xea\
T\xa2\x8cmG}\xf7T\x14\xdd\xd6\xa3\xd5\x9c\xb6|\
\x7fP\x0c\xdb\xb3]\xcf\xfe\x90\x1be+`\xb7\xe4\x14\
r\x8f\xed\x0b\xf4\xae^\xdeu^\xf6\xd8|\xc0z\x99\
&M\x84m\xd9\x0ad\xff\x8d\xe2\xa6\x1da\x97mo\
a\xd6\xd5\xe3\xf1\x8b\xd6\x11\xd7;\x0cV\xed\x19a\x9f\
\x88\xc2K\x83\x1d\x1c1hK\x22<j\xd7[\xf8\xed\
|\xbf\x8ag\xdf\xbd~\x1f\x05\xcf\x1c\x89\xf1\xd2\x07\xf6\
_HE\xd84X\x99\xc1Si\x83y\x0b\xc8\xfb\xf9\
t\x9fUkZky\xf5\xdf\x95E\xef\xb7\xe5\xc3J\
\xd6\xedu\xba\x03\xbd\xce\x06\xb3w\xb0BV\xf7\x12\x81\
5\xfd?T_\x06~\xb6\xbb\x8e\x96\x8f\x8a\x97\x04\xaf\
\x7fX\xc9\xe2\xbf\xd6\xd1k\xbf5A\x04\xd6\xda\x14\xb4\
\xfb0i6o\x1a\xc3\xb3\xd6\xdd\x87\x5c\xb2\xd7\xf0\xe3\
W\xea\xf8\xa3\xfd\xa3X`\xcf\x1c\x89\xf1\x93Wop\
y3\x18\x03\xbf\xa7\xd9\xf8>\xfb\x7f\xaa\xac\xa5\x952\
\xd2\x18\x8e\xd2\x7f\xaa\xb7\x1a0\xf7\x96$\xeb\xa6\x9f\xcf\
\xfb[Cg\x93\x1ekZG8}\xe6_\xa9*\x19\
\xc6\xb3\xc1t\xd8\x14v=\x22\xe6[F\xd8\xe9\x5c/\
\xe4\xea*3\xfc|\xd2E\x166uS^\x96\xdb'\
e\xaa\xcf\xb0\xf5h5O\xec\x1fFWO\x80#b\
\x0c\x0bXov\xd8V\x08rH\xd4f\x81\x9f\xba\xd6\
\x1b\x0a\x1ac}<8!\xc1\xbc\xb1IF\xd7\xb8\xbd\
K\xf0\xf1\xa5\x81C\xa2\x8e\xc4\xac'y>\xcd\xc0\xa6\
L\xb3Y\xeeX\xc7Q\x5c\xcaM\x9a\xbf\x00\xdfp\xae\
;Dx\x06\xbeP\x9fb\xca\x98\x14\x13\xeb\xd3\xdc\x5c\
\xdbKc\xac\xef\xaac\xe2N]*\xe3_\xe7#\xbc\
\xd3\x11\xa5\xedD\x05\x87\xceDs=&n\x97tp\
\x1fO\x19\xa7\x89\xbb`\xb7\xf2\xb8T\x9b^v#L\
\x0eT_\xe5W\xffi\xa1\xb3\x89\x1b\xe7m|\xc1\xe6\
6\xe3\xa6[\x22|\x1ba\x7f\xa0\xfa*\x9f\xf6\x89p\
o\x90\xc1\x87\x5cv\x05\xc7\xcd\x19I1\x0bx%p\
\x1b*W\xbb%\xcd\xddl0g\x836\x90\xdb\xea\xc6\
&\x93\x90(\xf7\x19a3:QTLb\x0c\x8fK\
\x07s\x82\x9c\x0f\xfc\xff\xf2\xf9\x0f#\xe6\x19\xe1it\
\x9e\xa0\xd0\xce\x0a\xfc\x90f\xf3\xe7|4\x96\xbf\xf5\xcd\
\xf5f\x87D\xb9\xd5\xc0S\xe8\xdd\xa0\x10\xc4\xc0\x1f$\
\xca\xed\xf9\x1a|(\xd4\x84\xce\x0a\x99n<\xd6\x013\
\x0b\xd2\xfe\xd0\xd3\x22\xb0\xc6vz\xd7Eag\xf4V\
\xc8T\xe3\xb1\x1c\x98\x83\x1e6\xe5*\x85\xf0\xf2\xc0\xbf\
\x8d\xcb\xfb\xc0_Q\x9c)\xdd\x15RO\x19\x0b\x07\x0e\
,\x9a\x0c\xd8\xedg\x1ez.\x03o\x09\xbc@\x94?\
\x05\xfd/ .\x8a?\xa7\xbfT\xaa\x881\x15\xe1\xab\
\x1e\x8c\x13C\x13\xc2H\xfa\x0f\xa2\xae!\xfc\xe7\x12\xa5\
\xe8\x7f\xed\xee<p\xda\xc0?2\xc2q<\x0e\x92`\
o\xb6\x0d\x9cJ)\xa5\x94RJ)\xa5\x94RJ)\
\xa5\x94RJ)\xa5\x94RJ)\xa5\x94RJ)\xa5\
\x94RJ)\xa5\x94RJ)\xa5\x94RJ\xa9\xa1\xe6\
?\x19\xff`H\xf8\xd0\xedB\x00\x00\x00\x00IEN\
D\xaeB`\x82\
\x00\x00\x0b\xa5\
\x89\
PNG\x0d\x0a\x1a\x0a\x00\x00\x00\x0dIHDR\x00\
\x00\x00\x80\x00\x00\x00\x80\x08\x06\x00\x00\x00\xc3>a\xcb\
\x00\x00\x00\x09pHYs\x00\x00;\x0e\x00\x00;\x0e\
\x01\xcc\xb6\xa1\x83\x00\x00\x00\x19tEXtSof\
tware\x00www.inksca\
pe.org\x9b\xee<\x1a\x00\x00\x0b2ID\
ATx\x9c\xed\x9d{\x8c]E\x19\xc0\x7f\xb7]\xeb\
\xd2\xa7\xed\xf6\x89\xe0\xdaB\xa1P\xa9\x85\xadP)-\
\x155U0\x8aV#\x06CVcJD\xabH%\
\x1ak\xb5\xc5\x98\x18\x0db\xe5!\xf5A\x80\xf8\x88\x8a\
\x9a\x88\xf8Z\x1a\x03*\x06\xd1R\xb5-\xd6\xed\x83V\
t\xfb@\xf7u\xcbR\xbb\xec\xf5\x8fo\xaf{w=\
\x8f\x999s\xce\xdcs\xcf\xfc\x92/i\xef\x9e3\xf3\
\x9d\x999sf\xbe\xf9\xe6\x1b\xf0x<\x1e\x8f\xc7\xe3\
\xf1x<\x1e\x8f\xc7S\x14J\xae\x15p\xc8\x14`\xf1\
\xf0\xbfw\x01e\x87\xbax2\xe6&\xa0\x0f\xa8\x0cK\
/\xf0\x11\xa7\x1ay2\xe3\xfd\x8cT\xfcXY\xe7P\
/OF\xec%\xbc\x01<\xe5P/O\x064\x01/\
\x10\xde\x00^\x18\xbe\xa60\x8cs\xad@\xc64\x11\xfd\
\xcc\xe3\xf0\x0d\xc0S$|\x03(8\xbe\x01\x14\x1c\xdf\
\x00\x0a\x8eo\x00\x9eBQ\x02\x9e'|\x1a8@\xc1\
\xcc\xe3E\xeb\x01*\xc0\xaf#\xfe\xfe\xc8\xf05\x9e\x06\
\xe6\x22d\xe1g\xec\xdb_\x06\x96:\xd4\xcb\x93!g\
\x01\xdf\x02\x0e\x02\x07\x80o\x0e\xffV8\xb2\xfc\xde-\
\x00V +o\xbfD\xbe\xc5\x9e\x11^\x84\x94\xcfD\
\xe01\xa0\xc7\xad:\xf6\x98\x08|\x9d\xd1\xdd\xed!\xe0\
\x12\x97J\xd5\x19\x97\x00\xfb\x19)\x9fS\xc0\x16`\xbc\
K\xa5l\xf1\x0d\x82G\xdc'\x80\xd78\xd4\xab^\xb8\
\x8c\xd1\xbe\x09\xb5\xb2\xd9\x9dZvX@\xf8\x94\xab\x02\
\xf4\x03\xab\x9ci\xe7\x9eU\x04\x0fHk{\x82ii\
*\x90\xf6\xca\xd7\xa51\x7f\x9f\x0c<\x04\x5c\x05<\x9a\
\xb2.\xe3\x90\x069\x0f\x98\x09\xcc\x01f!e\xf0\x1c\
\xd0\x8d\xf4J\xfb\x81N\xe0_)\xeb\xb3\x0a\xf8)0\
)\xe2\x9a&\xe0\xd5\xc0\xcfS\xd6%5\xdeDt\x0f\
\x90fO\xb0\x10\xb8\x01\xf8*\xf08\xd1oZ\x90<\
\x0bl\x07>5\xac\xdb\x8b-\xea\x16\xf7\xe6\xd7\xca\x0a\
\x8b\xf9fN3p\x18\xb5\x07-\x03m\x09\xf2\x1a\x07\
\xbc\x1e\xb8\x03\xd8\xa7\x98\xa7\x8e\x9c@\xa6\x8eW\x92\xac\
\xe7lC\xbd\xf2;\x13\xe6U\x17,G\xfd\x81\xffh\
\x90\xfe\xe9\xc0'\x919\xbd\xedJ\x0f\x93\xa3\xc0g\x90\
O\x88\x0e%\xe0/\x8ay\x94\x81\x8b5\xd3\xaf[.\
G\xbd\x11\xbcL1\xcdV\xe0\x1ed\xa0\x94U\xc5\x07\
\xf5\x0a[\x81\x97*\xea\xbcP1\xdd2Rf\x0d\x85\
j#8/&\x9d\xd9\xc0\xed\xc0I\x85\xb4\xb2\x92~\
\xe0f\xc4\x98\x13\x85J\x03h\xc8\xca\xaf\x127\xf8y\
\x96\xe8B|\x17p<\xe2~\xd7\xb2\x07\x99\xd7G\xf1\
t\xc4\xfde\x0a0-\x8ej\x04\x1f\x08\xb9g6\xf0\
\xa3\x90{\xeaM\x06\x81M\x84\xaf\xb4^\x05\x0c\x05\xdc\
W\x88\xca\xaf\xd2\x06\xec`\xf4\x9b\x7fC\xc8\xb5K\x11\
\xd3\xb1\xeb\x8a\xd5\x95\xed\x88\xad!\x88+\x91E\xa8\xea\
\xb5O\x02\x17\xc6\x94YCr&p>\xe1S\x9d\xb5\
\xe8\xcf\xdf\xebI\xf6\x11\xbd\xcax\x16b\x9c\xf2\x04\xd0\
N\xf4&\x8e\xbc\xc8\x11\xc4\x07\xc1\xa3\xc1u4F\xe5\
W\xa5\x97\x82v\xf1&\xacE\x06R\xae+-\x8d\x9e\
\xa0\xee\x9cN\xea\xcd\x01r\x09\xe2\x0c\x11\xb5@bB\
7\xf0;d\xe0\xb9\x0f1Q_\x0d\xbc\xc1r>q\
\xecGl\xfbG3\xce7\x17\xb40zdl\xa3\xdb\
\xbd\x0b\xf19\x08\x1bd\xb6\x93\xfd\xa7f;\xc5s\xc6\
U\xc2\xd6<\xbf\x0bX\x8f,5\xab\xf05K\xf9\xea\
\xc8&\x9d\x82)\x02\xd7\x90\xbcP\xff\x03\xdc\x82\xfe\xe7\
c\x85\x85\xbcue\x10X\xa9\xa9g\xc32\x0b8F\
\xb2\x02\xfd32~0a~\xc2\xbcMe\x0f\xf1k\
\x07\x85\xe0v\x92\x15\xe4wI6h|c\xc2\xfc\x93\
\xc8G\x13\xe8\xdd\x10\xcc'\xd9\xaa\xdeV\x92\xcfd\xee\
L\x90\x7fR\xe9C\x5c\xd4\x0a\xcb}\x98\x17\xdem\x16\
\xf2\x1f\x8f\xcc\xcf]5\x00[\xcf\x91K\xe6!\x037\
\x93B\xfb\x01v\xa6R\xe7\x1a\xe6oS\xca\x88\x93\xaa\
\x13\x5c\xceG\xd7a6\x08\xfa+b*\x1e\xb2\xa0C\
\x9c\xf3I\x16LB\xa6\xad\x85\xa2\x09x\x06\xfd\xb7\xe5\
$vm\xea\xed\x06:\xa4!Gp\xe4\xfc\xe9\xaa\x07\
X\x8d\xba\x1f]-\xb7!k\xe7\xaaL&zcE\
\xbdl\xbd\x9a\x03\xbc\xceE\xc6\xae\x1a\xc0\xd5\x06\xf7\x1c\
\x01>\xabq\xfdE\x88\xed\xff\xdc\x88k\xba\x0c\xf4H\
\x8bk]+\x90\x15%\xe0\xef\xe8w\x937k\xe4\xb1\
\x92\x91\xfdvWD\x5cw\xb6\x81\x1eiI?0A\
\xe3\x19s\xcb\xf9\xe8\x17N\x0f0U1\xfd%\x8c\xf6\
\x22zo\xcc\xf5O\x1b\xe8\x93\x96\xc49\x94Z\xc7\xc5\
'`\xb9\xc1=\x0f ot\x1cS\x91)b\xade\
0\xea\x13\x00\xb2\x08U/\xacv\xad@\x16lC\xff\
\xcdx\xadb\xda\x9f\x0f\xb8\xf771\xf7\xcc\xc7\xed\xe6\
\x92ZyX\xf19s\xcd\x1f\xd0+\x942j\xf6\x82\
3\x08\x8e\x00v\x92\xf8\xcf\xc7]\x9a:\xa5%\xc7\x14\
\x9e3\xf7\xfc\x1b\xbdBQ\xdd\x1a\xbd%\x22\x8d\xf6\x98\
{\xa7\x90\xed\xde\xc2(\x99\xae\xf8\xbc\xb9d\x1a\xfa\x05\
\xa2:\xf5\xab\x0d\xb12VTb\x0f,Fb\x02\xb8\
n\x00\x99\x86\xceQ\x1d\x04\x96\x80\x0d\xc8v\xe5(\xe5\
\x9fG\x02>,\x0eN\x86V\x03\x1d\xff\xa6p\xcd\xcb\
\x89\xf6\xaf_I\xfc\x08{7\xe2#x\x5cM\xad\xd4\
\x98\x1f\xf2\xfbeH\x1c\xc3\xb8\xd5\xd3\xdd\x88\xa9\xdc*\
\x9bc2\x1d+\xbd\xc8to,\xab4\xd3\xa9\xa0\x16\
G\xe8m\x0a\xe9<\x82\xda\xd2\xf1\xd9\xa8o\xe1NC\
\xae\x0f\xd0i\x09\xd1\x11N\x83D\xc7n\x12\xc9l$\
\x84\xaa\xee\x83\xfc8 -\x13\xe7\x0b\x95M\x15\x1fR\
LK\xf5\xcd\x98\x80\xc4\x1c\xe8\xd1\xd0\xf3\x19\xa0\x03\xd8\
I2G\xd3\x0d\x01\xfa\xfc\xc4 \x9d\x01,\xad2\xae\
1|\x90\xa0c\xd8\xd6\x1a\xa4\xb3HA\xc7\x8d\x8ai\
u\xa3\xe7\x9b?\x19y#\x1fDz\xb5\xda\xb4\x06\x91\
\xee\xf6\x0e\xfe\xdf\xb6\xf1J\xcc{\x91\xcd\x01z\x98\x8e\
M\xde\x1c\xf7\x80y\x08?r\x9a\xc25\x03\x8ai\xbd\
\x04\xf8>\xb2\xff\xbe_\xe1\xfa2b\xb7\xd86\xfc\xff\
\xe9\xc32\x88L\xd9\xc2\x82]\xfe\x09\xb1]\xec\xc6\xe1\
Z\xbf\x0a*\x83\xc0\x1d\x98E\xf5\xdc\x1e\xf0\xdb\x09\x83\
tT\xdc\xbbu\x06n\x17\x22\x9f'\x95\x865\x96n\
d\xef\xc2a\xe2\xcb\xe4\x18\xf0\x15\x83<\x82\x1a\xe6c\
\x06\xe9\x0c\x00\xbf\x8d\xbbH\xa5\x01\x1c\x07>\xa7\x99y\
\x1f\xf0\xf1\x80\xdf\x9f\xd3L\x07`\xae\xc25{5\xd3\
\x5c\x8d\xd8\x17\xd2\x9es\xeb,]W\x09\xfat~\x02\
\x19\xfd\xeb\xb0\x09\x8b\xa1\xeeJ\xc0\x8d\xc8\x94,(\xb8\
A\xed\xc0\xe3A\x82g\x00 \xa3Y\xdd\xef\xd8M\x0a\
\xfaM\xc1\xcc\xb9t\x0f\xf0\x0a\x95\x020\xe4\xdd\x06:\
]\x13\x92\xd6\xa5\xc0\xaf\x88\x9e\x0d\x0c!c\x8f\xba]\
Z\x9e\x8a~\x81\xdc\xa9\x98\xf6\xcf\x0c\xd2\xae \xbd\xd2\
\x06\xd2\xf1\xd17qyo\xf8\x18\xca\xba#\xda\xdf+\
\xa6\xdb\xae\x99\xeeXy\x0a\x89Ads`\xac\xbb\xee\
Q\xa1\xc1M\xc1\x00O\xa0W 'Q\x1b\xb0M\xc0\
\x8e=\xff02\xe6YF2\x97\xb19\xe8\xdb\x03\x0a\
\xb1\x18t7\xfa\x95\x12;\x9f\x1d\xe6:\x83\xb4\xa3\xa4\
\x17Y\xa2\xdd\x86\x0c\xaa>F\xf8\xf8f,\xeb\x0c\xf2\
\xebPL;\xd7\xbc\x07\xfd\x82\xb9W#\xfd\x1f\x1a\xa4\
\xaf*O\xa0\xee\xb6\xf5\xb0A\xfa\x1b5\x9e3\xb7\x9c\
\x87~\xc1\xf4#F\x1c\x15f \xdfs\xdb\x95\x7f\x14\
Y'Pa\x11\xd1\xb3\xa50\xc9u`hUJ\x98\
\x85}S\x99\x0eV\x99\x87l \xb1Y\xf9a+\x9c\
A\x98\xec7\xec\xa3 N\xa1\x00_F\xbf\x80\xfe\x89\
\xde.\xe0\x99\x88M\x22i\xe5?\x8e^(\xb7V\xf4\
W\xee*\xc0\xfd\x1ay\xe4\x9e+0\xab\x8cOk\xe6\
SB\x16s\xfea\x90W\x0f\xb2\x22\xa8k\x1f\xb8\xdf\
\xf0\xd9\xd6h\xe6\x93k\x9a0\xdb\x1b0\x80^W\x5c\
\xe54\xe0\x83\x88\x83h\xdc\xd4l'2\x18\x9ba\x90\
\xcf\x1a\xcc\xbe\xfd]8Z\x98s\x19%l\x13\x12\xd2\
E\x97'\x11\xb3\xa8\xe9\xb1ss\x91\xe5\xdaE\x8c\xec\
\xcd\xefF\x06\x8e;\x11;\x80\x093\x90U\xc03\x0c\
\xee\xddB\x03\x1c\x10\xa5\xcb\x5c\xcc\x83C|\x8f\xfa\x0a\
q7\x1e9\xff\xc7\xe4Y\x9cn\x0fw\xcd=\x98\x0f\
\xce\xbe\xe0@\xdf J\xc8\xb9D\xa6\xcfqk\xf6*\
\xd7\x0f\xad\x98\x8d\x98\xab\xf2E\xdc\xc68(!k\xfe\
\xa6\xfa\xf7\xa2\xb6\xdc\xdd\xd0l\xc5\xbc\x00+\x88\x17r\
\xaag\xeb\x850\x09\xd9\x86\x96Dw\x1d\xdbF\xc3\xd2\
\x82\x18Z\x92\x14d'\xd9Z\xd1\x96\x22\xa1\xe9\x92\xe8\
\xbc\x0b\x1f&\xee\x7f\xbc\x83d\x85YA\xfc\xf4\xb6\x11\
~H\x83\x0d\xa6 \x1bULc\x1bU\xe5\x14\x051\
\xfb\xea\xf0\x00\xc9\x1bA\x05Y7\xb8\x15\xf5\xd3\xc7T\
\x98\x8e\xc4\xf4K\xdaSU\xa5\x10\x8b>\xba\xcc\xc0\xee\
\x81\x8f\x83\x88\xdf_;f\x03\xadf\xe4\xe4\xd3\xfb\xb0\
{jI\x07u\x14,\xba\x9e\xe6\xd2\x00\x17 \x1e\xb0\
\xaa\x81\x9eU\xa9 \xfe\x7f;\x10\x9f\xb9\xc3\x88y\xb8\
\xeaN\xde\x8c\xac6\xb6\x02\xe7 \xce \xcb\xb0{\x5c\
,H\x03_AA\x1c?Ly+\x8dy`D\x17\
\xfe| e\xae\xa5\xb1\x1a\x81?2\xc6\x80w\xd2\x18\
\x8d\xc0\x1f\x1a\x15\xc19\xc8q\xaaa\xbc\x85\x91h_\
y\x94N\xc2\xbb\xfd\x12\xb2O\xd1d\xd51\xf7\xb41\
z\xf3\xe4!d\xc4\x1d\xc4\x05\xd8=J&+\xe9 \
\xfct\xf1\xf5\xc8a\x99\xd5kw\x0c\x97I!\x08;\
:v\x089V5\x88\x99\xc8\xa6N\xd7\x95\xaa\x22\xa7\
\x90y~\xd8To}\xc8}\x858:6\xee\xf0\xe8\
\x831\xf7\xbf\x1d{\xc6\x984d\x17\xd1\x16\xbe\x12\xa3\
\xdf\xfcB5\x82\xcbQ3\xa8\xc4\xed\xdfoAb\x06\
\x9b\x04\xadHKz\x91\x85\x9d8\xdb\xfe\x02\x85\xb4\x1a\
\xf2\xf8x\xd5\xca\xaf \xf1~T8\x13Y\x87Oj\
\x97O\x22U\xb3\xb3\xaa\xa5\xb1E1\xdd\x86j\x04\xcb\
Q\xaf|\x93\xed\xd4s\x91\xad\xe86\xcd\xc8q\xd2\x85\
\xb8p\xb5\x18\xe8[{jz\x5c#\xc8\xfdFQ\x9d\
\xfdze\x92\x19KJH@\xa9/awO@U\
\xfa\x10\x8f\xdf5$\xdb3\xd8\x86\xfa\x0b\xb1\x8f|D\
q\x09e5\xea]\xa9\xed\xc1\xcf\x02d\x7f\xde\xdd\xc8\
\xfa\x82\xae=\xe1\x182\x95\xdb\x88\x0c\xecl\xae\xdd\xaf\
B\x9eYE\x0f\x93\xd8\xca\xca\xa4\xdd\xbaT6r\x94\
\x91\xe9\x9fJ0G\x1d\x0e c\x84*%d|q\
:2\xad\x9c\x83D@kBB\xd7\xf4\x22\x8d\xe4\x00\
b\xc0\xe9\xb6\xacO-\x8f\x22\xcf\xfc\x10\xf1\x0b_\xb9\
v\x18\x9dNt \xe64\xde\xfc<\x11\xd7\x13\x0ca\
\x16\x5c\xb3\xae\xb8\x05_\xf9QD5\x82{\xdd\xa9e\
\x8f&\xa4\x11\xd4\xf6\x04\x9d\xc0\xab\x5c*Ug\x5c\xcc\
\xe80\xbcC\x88#\xca\xc4\xb43\xce\xd2!d\x1a2\
\x98\xeaF\xf6\xd9\x0ff\x98w\x1e\x18\x8f\xbc\x14\xb3\x10\
\x87\xd3Cn\xd5il\x16\x02\xdfA\xa6\xa8\x07\x81o\
\xa3\xbe\xf7\xdf\x93s\x96!\xa3~\xdbv\x08ON\xe8\
 |\xd4\xfd\x0b\x87zy2\xa0D\xf4V\xb4\x01\xea\
\xcfQ\xd6c\x91f\xe2-o\xcd\xce\xb4s@\xdd\xf8\
\xa7{\xdc\xe0\x1b@\xc1\xf1\x0d\xa0\xe0\xf8\x06Pp|\
\x03(8Ek\x00\x83\x88\x9d=\x8c!\x0af\xa2.\
b\x03\xe8\x8c\xf8\xfb^\x0a\xd6\x00\x8a\xc8\xf5\x84\xdb\x00\
\xde\xe7P/O\x86\xdc\xc8\xe8c\xe0z\x80\x0f;\xd5\
\xc8\x11E6{Nf$\xea\xe8.\xccN4\xf3x\
<\x1e\x8f\xc7\xe3\xf1x<\x1e\x8f\xc7\xe3\xc9\x0d\xff\x05\
\xe3K\xddh\xb9\x10Z \x00\x00\x00\x00IEND\
\xaeB`\x82\
\x00\x00\x08\xc4\
\x89\
PNG\x0d\x0a\x1a\x0a\x00\x00\x00\x0dIHDR\x00\
\x00\x00\x80\x00\x00\x00\x80\x08\x06\x00\x00\x00\xc3>a\xcb\
\x00\x00\x00\x04sBIT\x08\x08\x08\x08|\x08d\x88\
\x00\x00\x00\x09pHYs\x00\x00\x0e\xc4\x00\x00\x0e\xc4\
\x01\x95+\x0e\x1b\x00\x00\x00\x19tEXtSof\
tware\x00www.inksca\
pe.org\x9b\xee<\x1a\x00\x00\x08AID\
ATx\x9c\xed\xddm\x8cTW\x19\xc0\xf1\xffsw\
f\x96]v`Yd\x17hmiK)\x1a\xe8\x87\
\x82\x0a\x14\xea\xd2h\x13\x08\x82\xad\xc4V\xb3_\x8c_\
\x8c\x09\x1a\xb4\x98\xf0\xd6\x0e\xd8\x15\x83`\x8b\xc64\xa9\
\x891A[-\xa1\x22\x95b\xb4\xb6\xb6\xe5\xa5\xf2\xd2\
\xa4\x88/\x94\x06h\xd3\x14v\xe9\xee\x02\xbb;\xc3\xce\
\xcc\xce\xe3\x87\xdd\xa2\x16\xee\xec\xb9\xf3\xba\xcc>\xbf/\
|\xb8\xe7\xe5I\xce\xc3\x9d{\xcf=\xe7,\x18c\x8c\
1\xc6\x18c\x8c1\xc6\x18c\x8c1\xc6\x18c\x8c1\
\xc6\x18c\x8c1\xc6\x18c\x8c1\xc6\x18c\x8c1\xc6\
\x18c\x8c1\xc6\x18c\x86/)y\x8f\x0f\xebh\x22\
\xcc\x07\xee\xf2\x84;T\x99\x8e0\x01\x18\x07\x8c\x06\x22\
%\x8f\xa9\xb4\x92@/\xd0\x05\xb4\x0b\x9c\xc8('\xf0\
8J\x88}\xc4$^\xca`J\x93\x00k\xb4\x09\x8f\
\xaf\x8a\xf2\x00\xf0\x19 \x5c\x92~\xaf?I\x84\xbf)\
\xec$\xc43\xc4\xa4\xbd\xd8\x1d\x167\x01\xd6\xea=\x02\
\x0f\x03\x8b\x80PQ\xfb\xaa<)\x94\xbd*\xfc\x88V\
\xd9W\xacN\x8a\x93\x00\xeb\xb4Y`#\xca\x82\xa2\xb4\
?\xd2\x08\xaf\xa8\xf2\x08\xad\xf2j\xe1\x9b.\xa4\x98N\
\xf4RlVh)x\xdb\x06\x81\x1d\x19e\x05?\x90\
\xb6\x02\xb6Y \xebt\xb9(?\x07\xea\x0b\xd6\xa6\xb9\
\x96.\x85\xaf\xd3*\xbf+Dc\xf9'\xc0\x0a\xad\xf6\
\xc6\xf0c\x85o\x16 \x1e\xe3F\x05~\x9a\x09\xb3\x8a\
\x98$\xf3i(\xbf\x04\x88i\x9d\xa4\xd8\x09\xdc\x97W\
;&W/i\x98\xfb\x89\xc9\xa5\x5c\x1b\xc8=\x01V\
\xeb\x04\xf1\xd8\x0b\xcc\xca\xb9\x0d\x93?\xe5\xb0FXL\
L>\xc8\xa5zn\x09\xf0=\x8dJ\x98\x97\xb1\xc1\x1f\
.\x8eh\x8a{\xd9,\xddA+\x06O\x80\x15Z-\
cx\x01\xb87p\xdd\x91B\xfb\x19\xd5y\x8cQm\
\xaf\x13\xe9:N\xf8\xe2)B\x97\xcf#\xa9\xde\x81\xcb\
\xe1\xd1\xa4k\x1aI\x8d\xb9\x85\xe4\xb8\x19$\x9a\xe6\xd2\
\xd7p'\x88\x97O\xaf\x7f\xd20_\x08\xfaL\x108\
\x01\xbc\xb5\xfa3{\xe0\xbb\xb6P\xfc,\xd1\x93\xbf\xa2\
\xee\xcc\xef\x09%\x82\xbd\xa9\xa5k'\xd23e\x19\xdd\
S[H\xd7N\xcc\xa9\x7f\x81'2\xad\xb22`\x9d\
\x00\x06^\xf5v\x04\xaa3\x02T\xf5uR\x7f\xecq\
\xa2\xa7w\x22\x99T^m\xa9\x17\xa6\xfb\xd6\xe5\x5c\x98\
\xb9\x92\xfe\xeaq\x81\xab+|)\xc8+\xa2{\x02\xac\
\xd1I\x22\xfc\x13{\xcf\xff?u\xef<\xcf\xf876\
\xe0\xf5],h\xbb\xfd\x91z:g?J\xcfMK\
\x82V\xed\xd20\xd3]\xbf#8\xff\xe8x\x1e[\xb0\
\xc1\xbfB4\xcd\xc7\x0e\xade\xc2\xc1\xef\x14|\xf0\x01\
\xaa\x92\x17\x98p`%\xe3\x8f\xacG4\x1d\xa4\xea8\
/\xc5f\xd7\xc2nw\x80u\xda,\xca\xcbA\xa2\xa8\
d\x92N\xd0\xb8\x7f\x05\xb5g_)I\x7f\xf1\xc9\xcd\
\xb4\xcf\xfb\x09\x1a\xaaq\xad\xa2\x9a\xe1\xb3l\x92\xd7\x86\
*\xe8t\x07\x10\xd8\xe8\xdas\xa5\x13M\x97t\xf0\x01\
j\xdf\xff+M\xfb\xbe\x11\xe4\xf9B\xc4c\x83K\xc1\
\xa1\x13`\xad\xdec_\xf5\xfek\xfc\xe1GK:\xf8\
\x1f\xaa9w\x80\x867\xbe\x1f\xa4\xcaB\xd6\xea\xfc\xa1\
\x0a\x0d\x99\x00\x83\xdf\xf3\x0dPwf7\xd1S\xcf\x96\
\xad\xff1o?C\xdd\xbb{\x9c\xcb\xbb\x8c]\xf6g\
\x80\x986J\x8a\xf7\xb0\x15<T%/p\xc3\x9e\xfb\
\xa8\xea\xeb*k\x1c\x99\xea\xb1\xbc\xb7\xf8\xcf\xae\xaf\x88\
iUn\xcc\xf6\xf98\xfb\x1d E\x0b6\xf8\x00\xd4\
\xbf\xb9\xb5\xec\x83\x0f\xe0\xf5]\xa4\xfe\xef\xdb\x5c\x8b\x87\
\xf0\xf8r\xd6\xf6\xb2]\x14\xb8\xdf\xb5\xa7J\x16\x8a\x9f\
#zzg\xb9\xc3\xb8\x22z\xeaYB\xf1\xf7\x9d\xca\
\x0e\xae\xc3\xf4\xe5\x9f\x001\xad\x05>\x1d(\xb2\x0a\x15\
=\xb9=\xef\x19\xbeB\x92L\x8a\xe8\xdbO\xbb\x16\x9f\
78\x96\xd7\xe4\x9f\x00I\x16P\xf9K\xb4\x87\xa6\x19\
\xea\xde\xd9]\xee(\xaeRwz\x17h\xbfK\xd1\x08\
i\xe6\xf9]\xf4O\x00\xb1O\xbd\x00\xa3:\xdf$\x14\
?W\xee0\xae\x12J\xb4Q\xdd\xf9\x0f\xb7\xc2\x19\xff\
\xb1\xf4M\x00O\xb8#xX\x95gT\xdb\xeb\xe5\x0e\
\xc1WM\xdbA\xa7r\xd9\xc6\xd27\x01T\x99\x96C\
L\x15'\xd2y\xbc\xdc!\xf8\x8at\xb9\xc5\xa6\xe4\x90\
\x00\xc0\xa4\xa0\x01U\xa2p\xf7\xe9r\x87\xe0+@l\
\xbe\x0b\x0c\xb2%@4P4\x15*t\xb9\xe8\xbb\xb3\
rV\x95p\x8em\x8c\xdf\x85l\x09P\x17(\x9a\x0a\
%\xa9\x92\xee\xd5\x0c\xc4\x1b\x5cb\xe6\xc0\xf7?s^\
\x8b\xd0\xcc\xf5/[\x02\xf4\x94,\x8aaL\xc3\xbes\
(e\x97\x09\x8fv-\xea\xbbZ8[\x02\x04^b\
\x5c\x89\xd2\xa3\x1a\xcb\x1d\x82\xaf\xfe\x1a\xe7\xd8|7\x8e\
dK\x80\xb3\x81\xa2\xa9P\xa9\xe8-\xe5\x0e\xc1W\x80\
\xd8|g\xb2|\x13@\x84\xb7\x82\x06T\x89\x92\x0d3\
\xca\x1d\x82\xafd\xc3L\xa7r\x02'\xfc\xae\xf9&@\
F\xfd+\x8d$\x89\xa6\xb9\xe5\x0e\xc1W\xa2q\x8eS\
\xb9lc\xe9\xff\x13\xa0\x1c\x0d\x1eR\xe5\xe9k\xb8\x93\
t\xed\xf0\x9b\x13K\xd7N\xa6\xcf\xfd\xeet\xc4\xef\x82\
\x7f\x02Dx\x0d\xe8\x0b\x16V\x05\x12\x8f\x9e)K\xcb\
\x1d\xc5Uzn^\xea\xba\x95\xac\x8f\x04\x07\xfc.f\
Y\x0f q\x84C9\xc4Vq\xba\xa7\xb6\xa0\xde\xf0\
Y\x18\xa5^\x84\xeei-\xae\xc5\x0f\xf0\xb8$\xfc.\
fM!U\x9e\x0b\x12X\xa5J\xd7N\xa4\xfb\xd6\xe5\
\xe5\x0e\xe3\x8a\xee\xdb\x1e$]\xd3\xe4TV\x85\xacK\
\x99\xb2\xdfC\xc2<\x0d\x0c\x9f\xa50e\xd45\xf3\xbb\
\xb9\xec\xd5+\xb8\xfeH=\x17f\xacp-\x9e\x22\xc4\
o\xb3\x15\xc8\x9e\x001iG\xd9\xeb\xda[%\xcbT\
\x8f\xa5s\xd6#\xe5\x0e\x83\x8eOmtODe\xcf\
P\x07G\x0c\xf9\x14\xa1\xca\x0f\xddz\xab|=7-\
\xe1\xd2\xd4\x87\xca\xd6\xff\xa5\xdb[\xe8\xfd\xf8\x22\xe7\xf2\
\xaal\x19\xaa\xcc\xd0\x8f\x91\x9b\xe4 P\xf0\xf3\xe9\xae\
W\x1d\xb3b\xf4\xde\xf8\xf9\x92\xf7\x1b\x9f\xdcL\xe7]\
\xeb\x82T\xf9\x0b\x9bd\xffP\x85\x9c\xde#\x14\xd6\x0f\
\xfcc\x90*\xce\xcf\xd9J|rs\xc9\xba\x8c\xdf\xb0\
p`s\xa8T\xb9VQ\x05\xa7\xdf+\xb7\xcf\xc1\xad\
\xf2\xaa\x08\xbfv\xed\xbd\xd2i\xa8\x86\xf6\x05Ori\
\xeaW\x8a\xde\xd7\xa5\xdb[h\x9f\xffd\x90\x9d\xc1\x08\
\xfc\x92V\xf1}\xf7\xffHYGk\xb4I\x84\x7f1\
p\xaa\xb7\x19T\xf7\xee\x1e\x1a\x8en(\xf8\xae\xa1\xfe\
\xea\x06:f\xc7\x02\xfd\xe6\x0f\xea\xd0\x0c\x9f`\x93\x9c\
w)\x1c\xf4\x88\x98%\xa2\xec\x0e\x5c\xaf\xc2U%/\
P\x7f\xec\x09\xa2\xa7v \x99\xbc\xcem\x1c\x98\xe4\xb9\
\xedA\xbaf|\x9bL\xf5\xd8\xc0\xd5Ux\x80\xc7d\
\x97k\x85\x5c\x0e\x89\xda\xa6\xf0\xad\xa0\xf5F\x82P\xa2\
\x8d\xe8\xc9\xed\xd4\x9d\xd9M(\x1e\xeckz\xbav\x12\
=7/\xa3{Z\x8b\xf3$\xcfG\x09l\xc9\xb4\xca\
\xaa\x80u\x02\x8aiDR\xfc\x01(\xfd\xa3\xf0\xf5B\
3Tw\x1e\xa7\xa6\xed\xe0\xc01q\xdd\xa7\x09%\xce\
]Y_\xa8\xe1Z\xd25\x93HE\xa7\x90l\x98I\
\xa2q\xce\xc0\x87\x9d\xfc\x8e\x89\xdb\xab\xe7Y\xc6S\x12\
h\xe2.\xb7[yLk%\xcd\x8b(\xc3\xf7[\xe9\
H2pZ\xe8\xbd\xc4$\xf02\xbe\xdcR.&q\
\x0d\xb1\x14\xe5pN\xf5M!\x1dReQ.\x83\x0f\
\xf9\xac\x0a\x8e\xc9\x07\x9ad!\xf0\xc7\x9c\xdb0\xf9z\
QS|\x8eM\xd2\x91k\x03\xf9-\x0b\xdf\x22\xbd\x1a\
f\x99(\xdb\xb0\x89\xa2RR\x11\xb6\xeay\x16\xe7r\
>\xf0\xff*\xe4\x1f\x8c\xf8\xa2(\xbf\xc0\xe6\x09\x8a\xad\
C\xe1k\xb4\xca\xf3\x85h\xacp\x1bC\x1e\x93]\x1a\
f\xaa\xc0S\xd8\xdd\xa0\x18T`\xbb\x86\xf9d\xa1\x06\
\x1f\x8a5\xa1\xb3Z\x17\x88\xc7F\xa0\xb9(\xed\x8f<\
/)\xacw\x9d\xde\x0d\xa2\xb83z\xab\xf5n\xf1X\
\x05,\xc6\x0e\x9b\x0a*\x89\xf2\xc2\xe0\x9f\x8d+\xf8\xc0\
\x7f\xa84S\xba\xabu\x02U<4x`\xd1\x5c\xa0\
\xba$\xfd^\x7f.\x03\x07\x15\x9e#\xccor\xfd+\
 A\x94~N\x7f\xa5\xd60\x9a\xbbQf{0M\
\x85\xe9(M\x0c\x1cD]G\xe5\x9fK\x94d`\xdb\
\xddE\xe0\x9c\xc0\xbf3\xca[x\x1c\xa5\x97\xfd\xd9\x16\
p\x1ac\x8c1\xc6\x18c\x8c1\xc6\x18c\x8c1\xc6\
\x18c\x8c1\xc6\x18c\x8c1\xc6\x18c\x8c1\xc6\x18\
c\x8c1\xc6\x18c\x8c1\xc6\x18cF\x9a\xff\x00p\
!_]\xc2\xdc\x0a\xd0\x00\x00\x00\x00IEND\xae\
B`\x82\
\x00\x00\x0b\x04\
\x89\
PNG\x0d\x0a\x1a\x0a\x00\x00\x00\x0dIHDR\x00\
\x00\x00\x80\x00\x00\x00\x80\x08\x06\x00\x00\x00\xc3>a\xcb\
\x00\x00\x00\x04sBIT\x08\x08\x08\x08|\x08d\x88\
\x00\x00\x00\x09pHYs\x00\x00\x0e\xc4\x00\x00\x0e\xc4\
\x01\x95+\x0e\x1b\x00\x00\x00\x19tEXtSof\
tware\x00www.inksca\
pe.org\x9b\xee<\x1a\x00\x00\x0a\x81ID\
ATx\x9c\xed\x9dk\xac^E\x15\x86\xdf) \xd0\
\x0b\xb4\xdc+rW\x8bVPS\x1a\x81^\x00!J\
\x1bZ#\x0a\x0d\x12\xf8\xc1E\x12K\xc1\x7f\xd8\xa0\xc4\
Dc\xa2D\x8c@\x80\x14\xbc\x94 \x1a\xa9\x09\x14R\
Q\x83\xa1\x85\x16,\x14\xe4RZ\x05*\x22P\x8b\x10\
J{hk{z\x1e\x7f\xac\xef\xc8\xe1\xd0\x9e\xee\xb5\
o\xb3\xf7\xc7<\xc9\xceI\xd3\xf9f\xde\x99\xbd\xf6\xec\
\xd9k.KJ$\x12\x89D\x22\x91H$\x12\x89D\
\x22\x91H$\x12\xddO\x88-\xa0.\x80\x11\x92\xf6\x93\
4\xa2s\x8d\xe9\xfc\x0d\x92z$m\x90\xb4Y\xd2\xeb\
!\x84u\xb1tf\x058B\xd2\xa7:\xff|&\x84\
\xf0r\x9e|\xba\xce\x00\x801\x92>'\xe9\x13\x92\xc6\
\x0d\xb8\xc6:\xb2\xd9(\xe9\xc5\xce\xf5\x94\xa4\x87%-\
\x0f!\xbcS\xaeZ?\xc0'%\xdd,i\xea\xa0\xff\
zP\xd27B\x08\xabj\x17\x15\x13`$0\x1d\xb8\
\x16X\x01l\xa7\x1a\xb6\x01\x7f\x01\xbe\xd3\xb9\x091\xea\
z\x1c\xb0~\x08\x8do\x01\xe3ch\xab\x15`/`\
\x16p\x1f\xb0\xb5\xa2\x1b\xbe+V\x01\xd7\x00\x1f\xae\xb1\
\xdeK3\xe8ZR\x97\x9e\xda\x01\xa6\x00\xb72\xf4S\
P7[\x81\xbb\x80\xd3*\xae\xfb\xd1\x0eMGV\xa9\
\xa5V\x80\x00\xcc\x00\x1e\xad\xe0\xe6\x95\xcd2`FE\
\xed0\xdd\xa1\xe3\xcc\xac\xf9\x0e\xabBl\x19\x00\xbb\x01\
\xe7\xc9\x06a\x0be\x03\xbb\xa6s\x92\xa4\x85\xc0\xc3\xc0\
I%\xe7=\xc2\x91vT\xd6\x84\x8d4\x00\xac;}\
Z\xd2\x9d\x92\x8e\x8b,'\x0f\x93$-\x05n\xa7\xc6\
1B\x1e\x1ae\x00\xc0!\xc0\x1d\x92\x1e\x90\x14e\xa4\
]\x22A\xd2\x05\x92V\x03W\x00\x8dj\xeb~\x1a!\
\x0a\x18\x06\xcc\x91\xb4Z\xd2\xf9\xea.\xff\xc4(I?\
\x95\xf4 \xf0\xd1\xd8b\x06\x13\xdd\x00\x80\x03%-\x92\
t\xbd\xa4}#\xcb\xa9\x92)\x92\x9e\x02.\x8b-d\
 \xbb\xc7,\x1c8E\xf6\x9e\xaf\xf2=\xd9+\xe9\x05\
I\xcfKzE\xd2ZI\xeb$!i\xbd\xac\x0dF\
I\x1a)\xe9@I\xc7H:Z\xf6\x0a\xda\xbbd-\
\xc3%\xdd\xd2\xa9\xf7e!\x84\x8d%\xe7\xef&\x8a\x01\
\x00A\xd2\xd5\x92\xbe+i\xb7\x92\xb3_'i\x89\xa4\
\xc5\x92\x96Iz.\x84\xf0_o&\xc0\x1e\x92&H\
:Y\xd2tI\xa7\xaa<\xad\xe7I\x9a\x00\x9c\x1bB\
x\xaa\xa4<\xdb\x01\xb0\x07pG\xd1\x0f\xeeA\xac\x01\
~\x08\x9cX\xd5`\x0b8\x00\xb8\x04X^\xa2\xee\xcd\
\xc0\xd72\x96\x7f\x8e#\xdfs\xaah\x83\xc2\x00#\x80\
E%5\xdeV\xe0\xb7\xc0\x19X\x8fRg=N\xc0\
\x8c\xb8\xb7\x84z\xf4\x01\xdf\xdfU\x1dh\xbb\x01\x00\xfb\
\x03\x8f\x94\xd0`\x9b\x80\x1b\x80\xc3\x1bP\xa7c\x81_\
Q\xce\x04\xd4\x02`\xf8\x10e\xb5\xd7\x00\xb0\x9b\xffl\
\xc1\x06\xea\x05\xe6\x01\x87\xc4\xae\xcf`\x80\x89\x94\xe3\xaa\
~\x0c8h'e\xb4\xd3\x00\xb0n\xbf\xe8\x93\xbf\x18\
8>v]\x86\x02\x9b\xb3\xb8\x08\x9b\x92-\xc2jl\
\xb1\xc7\xe0\xfc\xdbg\x00\xd8\x80\xaf\xc8;\xff\x1d\xe0*\
\x1a\xeaE\xdb\x11\x987\xf3\xee\x02u\x06x\x0d8n\
P\xbe\xed2\x00\xec\x89(2\xda_N\x8b\xa75\x81\
\xcb\x81-\x05\xea\xff\x1f`\xe2\x80\xfcZg\x00\xdf.\
P\xf9\xeb\x81\x0f\xc5\xaeCQ\x80\x09\xc0\x0b\x05\xdaa\
\x03pz'\xaf\xf6\x18\x00p\x0a\xf9>\x91\xb6\x01_\
\x8f*\xbed\x80})\xf6J\xd8\x02\x9cM[\x0c\x00\
8\x08x5GE7\x02\xd3\xa2\x09\xaf\x10l\xb2\xeb\
\x079\xda\xa4\x9f^\xe0\x1eG\xfa8\x06\xd0\xa9\xe8\xfd\
9*\xf8\x0e\x15/\xa9j\x02\xd8:\xc6M9\xda\xc7\
K4\x03\x98\x93Cl\x0f0%\x8a\xe0\x08\x00\x93)\
\xfe\xa9\xb8+\xea7\x00\xe0\xe0\x1c\x15\xeb\x05\xbeT\xbb\
\xd8\xc8\x00\xe3\x81W\xca\xbe\xeb\x03\xc8l\x00e~_\
_'i\xb4\xf37W\x86\x10\xee)QC+\x08!\
\xac\x94\xad\x0fx>\xb6\x96R\x00\xa6b\x93\x1a\x1en\
\x8c\xad;6\x98\xd3\xe8\xc9\xd2\x9f\xff:_\x01\xd8\xea\
\xdd\x95N\x81\x8f\x01{\xd6&\xb2\xc1\x00c\xb0U\xc4\
Q\x0c\xa0\x8cW\xc0\xb9\xf2-\xe0\xec\x914+\xcf\x22\
\x8dn$\x84\xf0\x96\xa4/\xc8\x96\xc5\xd5N\xa1\x15A\
\xd8\x1c\xf6\x5c\xe7\xcf\xe6\x86\x10\xd6\x14)\xb7)\x00\x87\
I\xfa\x96l\xc5\xd0\xa1\x92\xf6\x88\xab\xc8O\xd1%a\
3\xe5[\xb7\xff\x90\xa4\x9b\x0a\x96\xd9\x080?\xfd\x1f\
d\xdb\xcc[K\xd1W\xc0\xd5\x8e\xb4}\x92\xe6\x84\x10\
\xfa\x0a\x96\x19\x1d`/Iw\xa9\xe57_*`\x00\
\x98\xf3f\xe2.\x13\xbe\xcb/\xbbh\x01\xe4W%\xbd\
o\xce\xbe\x8d\x14\xe9\x01.t\xa4\xdd\x22\xe9\x9a\x02e\
5\x8dI\xb1\x05\x94E.\x03\x00\xf6\x96\xe4\xf9\xd6\xfc\
E\x08\xe1\xd5<e5\x94\xcc\x9b/#\xb15k\xc2\
\xbc=\xc0Le\xdf\xc5\xd3+\xe9\xda\x9c\xe54\x95W\
b\x0b\xd8\x05/fM\x98\xd7\x00.p\xa4\xbd;\x84\
\xf0\x8f\x9c\xe54\x95{c\x0b\x18\x82\xe7B\x08\xcff\
M\xec6\x00`\x94\xccq\x91\x95\xdb\xbce4\x9d\x10\
\xc2R\xd9\x99\x05Mc\xbb\xa4+*-\x01\xdfI\x15\
/\xd1\xa2\x05\x9d\x1e\x80Q\xc0\xbd\xe5zp\x0b\xf1\x16\
\xf0\x15o=\xf28\x82<\x0b7\x16t\xc3w\xff\x8e\
\xe8l\xec\x9c\x81m\xf4\x9c&\xe90\xc5\xf1\x04\xf6H\
Z!\xe97!\x847+/\x0d;\x8a-+'W\
.(Q\x1f\xd8\xccU\xd6mP\xeb\xe8\xd2\xee\xbf\x9b\
\xf0\xde\xa0\x13\x1d\xbfY\xd2\xad\xdd\x7f7\xe15\x80c\
\x1di\x1fr\xe6\x9d\x88\x80\xd7\x00\xc69\xd2.s\xe6\
\x9d\x88@U=\xc0vI+\x9dy'\x22PU\x0f\
\xb0&\x84\xb0\xd9+&Q?\x99\x0d\x00\x18))\xeb\
\xde\xfc\xbf\xe5\x93\x93\xa8\x1bO\x0f\xe0Y\xf2\xddM3\
\x7f]\x8d\xc7\x00<S\xa0k\xbdB\x12q\xf0\x18\xc0\
HG\xda\xea]\x92\x89R\xa8\xaa\x07H\x03\xc0\x96P\
\x95\x01l\xf1\x0aI\xc4\xc1c\x00T\xa6\x22\x11\x0d\x8f\
\x01\xf48\xd2\x96}\xc6n\xa2\x22<\x06\xe09\xd88\
\x19@K\xa8\xaa\x07\xd8\xdf+$\x11\x87\xaaz\x80F\
\x87II\xbc\x8b\xc7\x00\xd6;\xd2\x1e\xea\x15\x92\x88C\
f\x03\x08!\xf4H\xfaw\xc6\xe4\x1f\xcb''Q7\
\xde\xd9\xc0\xd5\x19\xd3\x1d\x83\x05kN4\x9c\xaa\x0c`\
\x98\xda\x1f\xf5\xeb\x03\x81\xd7\x00\xfe\xeeH[v\xe0\xc4\
D\x05x\xf7\x05xB\x93O\x95E\x02K\x94\x04\x16\
v\xee4I\xfb\xc9\xd6\x5c<Pk\xe0\xa9\xce\xb2\xf0\
\xacg\x00\xbf\x0e\x94\x1d\x10\xea\x03\x09\xb0\x0fp'\xef\
?\x89\xedM\xe0\xe2\xba\xc5<\x9e\xd1\x00\x00&\xd7*\
\xae\x0b\xc1b.\xec*l\xfc\xe5y\xf3\xcf\xb3q\xe3\
\xcf\x8e\xb4_\xce\x91\x7f\xe2\xbd\x5c.\x0b]7\x14?\
\xa2\xae\x18\xc5\xc0\x99\x8e\x1e\xe0\x9f\xa4\xddA\xb9\xc1\x82\
nd\x8d7\xf0\xcd<e\xe4\xb99\x0fK\xda\x961\
\xed\xe1\xf2m%O\xbc\x97\xd3e\x91L\xb30>O\
\x01n\x03\xe8x\x04\xefw\xfc\xe4Ro\x19\x89\xffs\
\x89#m}\x07o\xe2\x8b^\xb1\x0d8\xaa6q]\
\x02p8\x16\x1c3+\x9eS[\x0a\x8b\xdb\x0b\xdf\xd1\
\xf0]q8d\x9d`q\x93\xb2\xb2\x11\xd8\xa7n\x81\
\xf3\x1c\x027S\xd7(\xb5\x0b\xc0N\x11\xf7D\x16\x99\
\x17C\xe4d\x87@\x80\x9f\xd5.\xb2\xa5\xe0{\xb8\x00\
N\x88%\xd4\x13.u;\xf0\x99(B[\x04p<\
\xbe\x88k\x8f\xc5\x14;\xd3!\x14\xe0!\x92_`\xa7\
`A\xb7\x16;\xdb\xf4\xec\x98\x82\x03\xf0\x84Sp\xb5\
\xc7\x98\xb5\x18`\xb6\xb3-W\x12\xfb\x81\xc2B\xa1y\
\xe8\x01\xb2:7>0\x00Gb\x91B=\xcc\x8a\xad\
\xbb?d\xcc3N\xe1+\xb0#\xd7\x13\x92\x80=\xb1\
X\xc9\x1e\xfeJ\xec\xa7\xbf\x1f,T\xac7h\xd4-\
\xb1u7\x05\xe0\x06g\xdb\xf5\xd1\xb4X\x8b\xc0\xed\xce\
J\x00\xcc\x89\xad;6\xc0\xc59\xda\xed\x8e\xd8\xba\xdf\
\x07\xf9\x03G\xce\x88\xad=\x16\xc04\xccU\xeea\x03\
Mu\xaa\xe1\x1f\xc5\x82\xc5\x0d>5\xb6\xf6\xba\x01\xa6\
`.\x5c/\x17\xc5\xd6\xbeS\xb0\xcfBO\x94\xeb\x81\
Fpzl\xfdu\x01L\xc2?\xe2\x07h~\x94U\
\xe0\x00\xe0_9\x8d\xe0\xac\xd8\xfa\xab\x06\xeb\xf6\xf3<\
\xf9\xeb\x80\x83b\xeb\xcf\x04\xd6\xbdy\xdfm`c\x82\
\xd9\xb1\xf5W\x05pi\xcev\xd9\x06\x9c\x11[\xbf\x0b\
`n\x8e\x8a\xf6s\x13]\x14Z\x16\xfb\xce\xf7~\xea\
\x0d\xe4\xca\xd8up\x83\x8d\x07\xe6\x17\xa8\xf4\x0a\xba\xc0\
c\x08\x1c\x85\xdf\xc93\x90\xf6\xce\xa2bK\x9a\xef+\
P\xf9\x8d\xc0\x1c\x9a\xe2\xf1r\x80=\x00\xb3\xc9\xf7\xbe\
\xef\xe7\x8f\xb4\xbd'\x04\x86\x03\xcb\x0a4\x02Xt\xed\
\xd6L%\x03\x9f\xc6?\xab\xb7\xa3:w\xc7\x06[`\
?\xfc\xf3\x05\x83\xd9\x0e\xfc\x1ch\xec\xd9\x03\xc0X\xe0\
V|\xf3\xf9;b\x05\x905,_;\xc0\x8c\xa0h\
O\x00\xb6\xbc\xecf\x1a\xb4\xd0\x148\x02\xb8\xb1\xa3\xad\
(\x8f\x02\xddy\xc4\x0e\xf6:(2&\x18\xc86\xe0\
w\xd8wu\xedc\x04l\xf1\xc6\x17\x81\x05\xf8V\xef\
\x0e\xc5\x22\xba\xa5\xdb\xdf\x19\xc0\xee\x14\xfb:\xd8\x11/\
\x03\xd7a\xfe\x87\xca\x8c\x01\xbb\xe9\x93\x80\x1fc!\xf1\
\xcad>P{\xd4\xb1Pw\x81\x92\x8d\x90%]%\
\xe9{\xca\x17\xban(\xde\x90\xb4\xa4s-\x93\xb42\
\x84\xb0)OFX\x8c\xe4\xf1\xb2\xbdyS;\xd7\x81\
%\xe9\xec\xa7W\xd6\x16?\x09!\xd4~\x18g\x14\x03\
\xe8\x07\xdb=\xfckI\x1f\xa9\xb0\x98>Ikd\xa7\
\x9b\xac\x95\xf4\x9a\xccH\xb6Jz\xbb\x93f_\xd9.\
\xa9\x83%\x8d\x95\x9dr6N\xb6-\xab\xca-\xee\xeb\
$\xcd\x0a!,\xae\xb0\x8c!\x89j\x00\x92\xcd\x1dH\
\x9a/izl-5s\xbf\xa4\x8bC\x08\xaf\xc5\x14\
\x11\xdd\xc1\x12BxC\xd2Y\x92f\xcbw\x14][\
Y/\xe9\xa2\x10\xc2\xb4\xd87\xbfq`\x8bJ\xe6\xe3\
_^\xd6\x16\x16\xd0`?Fc\xc0F\xf3OG\xbe\
Ye\xb2\x9c\xa6\xad\xe1k:\xd8'\xd7\xb9\xd8\xea\xd7\
\xb6\xb2\x0a8\x1f\xfb\xeaI\xe4\x058\x03x$\xee\xbd\
t\xf18p!\xe9\x90\xacr\xc16\xa4\xce\xc3\xbf\xf8\
\xb4\x0e\xde\x06n\x03\xd2\xf9\x88U\x83\x9dOp\x0e\xb0\
\x90\xf2\xdc\xb0y\xd8\x84\xb9o\xcf\x07\x86\xc7n\x97<\
\xb4\xfe\xdd\x84\x05\xb4\x9c,\xe9\xf3\xb2C\x14?\xab\xea\
\x9c7}\xb2\xd3R\xff$\xe9\xf7\x92\x16\xe7\xf526\
\x85\xd6\x1b\xc0`\x80\xd1\xb20\xf7\xc7\xca\xbcy\x1f\xef\
\xfc\xf5|~\xf5\xc9\xbc\x86/u\xae'%\xad\x90\xf4\
D\x08aC\x89r\xa3\xd3u\x06\xb03:]\xf4\x18\
I#d\x11\xd0F\xcbb!\x0e\x93\x05\xc3\xd8$;\
h\xe9\x0dIkC\x08[#IM$\x12\x89D\x22\
\x91H$\x12\x89D\x22\x91H$\x12\x89\x92\xf9\x1f3\
_U\xc6\x9d\xb36\x01\x00\x00\x00\x00IEND\xae\
B`\x82\
\x00\x00\x05\xbe\
<\
!DOCTYPE svg PUB\
LIC \x22-//W3C//DTD\
 SVG 1.1//EN\x22 \x22h\
ttp://www.w3.org\
/Graphics/SVG/1.\
1/DTD/svg11.dtd\x22\
>\x0a\x0d<!-- Uploaded\
 to: SVG Repo, w\
ww.svgrepo.com, \
Transformed by: \
SVG Repo Mixer T\
ools -->\x0a<svg wi\
dth=\x22800px\x22 heig\
ht=\x22800px\x22 viewB\
ox=\x220 0 24 24\x22 f\
ill=\x22none\x22 xmlns\
=\x22http://www.w3.\
org/2000/svg\x22>\x0a\x0d\
<g id=\x22SVGRepo_b\
gCarrier\x22 stroke\
-width=\x220\x22/>\x0a\x0d<g\
 id=\x22SVGRepo_tra\
cerCarrier\x22 stro\
ke-linecap=\x22roun\
d\x22 stroke-linejo\
in=\x22round\x22/>\x0a\x0d<g\
 id=\x22SVGRepo_ico\
nCarrier\x22> <path\
 fill-rule=\x22even\
odd\x22 clip-rule=\x22\
evenodd\x22 d=\x22M2 6\
C2 4.34315 3.343\
15 3 5 3H7.75093\
C8.82997 3 9.863\
25 3.43595 10.61\
62 4.20888L9.948\
52 4.85927L10.61\
62 4.20888L11.72\
27 5.34484C11.91\
1 5.53807 12.169\
3 5.64706 12.439\
1 5.64706H16.438\
6C18.5513 5.6470\
6 20.281 7.28495\
 20.4284 9.35939\
C21.7878 9.88545\
 22.5642 11.4588\
 21.977 12.927L2\
0.1542 17.4853C1\
9.5468 19.0041 1\
8.0759 20 16.440\
2 20H6C4.88522 2\
0 3.87543 19.542\
7 3.15116 18.807\
9C2.44035 18.086\
7 2 17.0938 2 16\
V6ZM18.3829 9.17\
647C18.1713 8.29\
912 17.3812 7.64\
706 16.4386 7.64\
706H12.4391C11.6\
298 7.64706 10.8\
548 7.3201 10.29\
01 6.7404L9.1835\
6 5.60444L9.8998\
7 4.90666L9.1835\
6 5.60444C8.8070\
9 5.21798 8.2904\
5 5 7.75093 5H5C\
4.44772 5 4 5.44\
772 4 6V14.4471L\
5.03813 11.25C5.\
43958 10.0136 6.\
59158 9.17647 7.\
89147 9.17647H18\
.3829ZM5.03034 1\
7.7499L6.94036 1\
1.8676C7.07417 1\
1.4555 7.45817 1\
1.1765 7.89147 1\
1.1765H19.4376C1\
9.9575 11.1765 2\
0.3131 11.7016 2\
0.12 12.1844L18.\
2972 16.7426C17.\
9935 17.502 17.2\
58 18 16.4402 18\
H6C5.64785 18 5.\
31756 17.9095 5.\
03034 17.7499Z\x22 \
fill=\x22#ffffff\x22/>\
 </g>\x0a\x0d</svg>\
\x00\x00\x08p\
\x89\
PNG\x0d\x0a\x1a\x0a\x00\x00\x00\x0dIHDR\x00\
\x00\x00\x80\x00\x00\x00\x80\x08\x06\x00\x00\x00\xc3>a\xcb\
\x00\x00\x00\x09pHYs\x00\x00\x03\xb0\x00\x00\x03\xb0\
\x01'\xc4\x0f\xad\x00\x00\x00\x19tEXtSof\
tware\x00www.inksca\
pe.org\x9b\xee<\x1a\x00\x00\x07\xfdID\
ATx\x9c\xed\x9dY\x8c\x15E\x14\x86\xbf\x99\x01Y\
\x14\x98AD\x165\x82\x0aQ$\x12\x15\x0d*\x0f(\
 * \x82{41jL\x8cK\xf4\x11\xa3\x06#\
.\x09&\xa81\xbc\xa8Q\x12\x89Q#\x021\x08j\
\x14DQ\xd1\xb8!\xb2*\x0a\x08\x84UE'\x83\xcc\
\xcc\xf5\xe10q\x18\xaa\xef\xed{\xbb\xaa\xabo\xd7\xf9\
\x92z\xe9\x99\xae:U\xfd\xdf\xae\xed\xd4iP\x14E\
Q\x14EQ\x14EQ\x14%\x14j*\xbc\xaf\x1e8\
\x198\xc6\xa2-Q4\x01\x1b\x80C)\x94e\x9bz\
`0\x95\xb7s9\xfc\x0dl\x02Z\x5c\x162\x1a\xf8\
\x00y\x18\x85\x14\xd3\xcf\xc0Y.+\xe6\x80{\x81\x83\
\xa4\xdbN{\x81\xe7\x81\xbe.*4\x1dhM\xb9B\
\xed\xd3G.*\xe5\x88SI\xffG\xd2>m\x07\xce\
\xb7Y\xa1\xdb=V\xa6-\xed\xb1Y!\xc7\x5c\x81\xff\
\xf6\xda\x09\x0c\xb4Q\x99z`_\x06*\xb4\xc0Fe\
R\xa2\x1f\xf0\x0f\xfe\xdbl\xae\x8d\xca\xdc\x91\x81\x8a|\
\x02\x9cd\xa32)2\x15\xd8\x85\xdfvk\x02z\x14\
32\xce\xe8\xf4e\xa4\x0bh\xcf^`\x1a\xb05\xc6\
\xfdI\xd9\x7f8U#5\x88p;\xa7P\xd6\xcd\xc0\
\xe3\x86\xebc\x80eI2^\xc4\xd1\xca\x9a\x97$C\
\xc5\x09\x9d\x90)`\xc7gu}\xb1\x9bjcdl\
\xfa\x9fj\x9c\x93\xe7\x9df\xe4\x81w\xa4\xae\xd8Mq\
\x04\xa0\xe4\x18\x15@\xe0\xa8\x00\x02G\x05\x108*\x80\
\xc0Q\x01\x04\x8e\x0a pT\x00\x81\xa3\x02\x08\x1c\x15\
@\xe0\xa8\x00\x02G\x05\x108*\x80\xc0Q\x01\x04\x8e\
\x0a pT\x00\x81\xa3\x02\x08\x1c\x15@\xe0\xa8\x00\x02\
G\x05\x108*\x80\xc0\xe9\xe4\xdb\x00\x07\x1c\x07\xdc\x08\
L\x01\x06\x01]-\xe4y\x009\xa1\xfc\x06\xb0\x10\xf1\
\xc0\x0d\x86w9\xda\xd7\xfcU\x9f\x06\x15\xe1b`3\
nO\xdb\xac\x02NO\xabBe\xd2\xe6\x1a\xde>\xdd\
T\xec\x868]\x80\xc9\xd7\xdct\xcd7\xe7\x02K\x91\
\x93\xb9.\x19\x09,'\x9bG\xd5\xca~Vq\x04\xb0\
\xd1pmC,s\xd2\xa3'\xf0\x0eplJ\xe5\x0d\
\x00^'{c(\xd3\xb3Z\x9f4\xd3\x81\xc06\xfe\
\x7f\xa5\xacGN\x0cg\x89\x97\xf0s\xf8\xf2\x814*\
W\x06\x93\x91\x03\xa1m\xf6\x95<\x1d\x1c7tI\x03\
p\x15\xd2\xc7,\x02\x1a+4\xd0\x05\xe3\x81%\x1c]\
\x97\x16`\x0e\xf0\xbb\x852\xce\xc1\xdc\x976\x02#0\
\xff\xf2|q\x06r \xf4\x17\xe0C\xcf\xb68\xa7'\
\xb0\x05\xf3\xafs\xba\xe5\xb2^\x8b(g\x05\xd9\xeb\x0a\
\x82!\xea\xd5\xff\x0d\xf6\x8fd\xd7sdW\x98\xe5\xae\
 \x08\xc6b\x8eY\xd4\x04\x9c\xed\xa8\xccI\x86\xf2\x0a\
H4\x90!\x8e\xcaT\x0c\xf4\x04~#\x9dW\x7fG\
\xa2\xba\x82\x95\x948\x8a\x9dE\xd2\x88_\x17\x97\x1a\xe0\
\x14\xa0O\x89\xff\xeb\x0e<\x04L0\xfc\xedk`\x14\
nW\xeaz\x03k\x908@\x1dy\x11\x89\xa8R\xac\
\xfcV$\x80\xd3\x0e\xfb\xa6U'\xbd\x80'\x90\xd0f\
I\xa6dM\xc0\xb0\x94l\xbe:\xa1\xad\x05d-\xe5\
~\xd2\x09\xb6\x99Y\x86 \xd1-m\xcc\xc9]\xbf\xfa\
;\x12\xd5\x15\x94\x9bV\x00\xc7\xa7l{&h@\x22\
\x80\xdah\xc4%\xa4\xbf\xb1\xd5\x00\xac\xb5`{\x01\xf8\
\x98*\x1c?$\xe5\x19\xec4\xde{\xc8\xa0\xd0\x07\x83\
\x80\xefc\xd8\x18'\xdd\x96\xae\xe9~\xe9\x84\x84\x9a\xab\
\xb4\xb1\xfe\x05>\x05n\xc1\xff@\xb6\x0b\xf0 \xb0\x1a\
s\x94\xae\xb8\xe9\xb3\xb4\x0d\x07\x7f\x8d7\x1c\xf8\xc1p\
\xfdYd\xf9\xb6X\xc4\xebC\xc8\x08\xba\x92\x91~7\
d\xe9x\x220\x14\x19\xc97 \x01\x1dw \x0bH\
\x0b\x81\xcf\x91\xd1z\xb9t\x01\xfaS|e\xb0\x0b\xf0\
4\xb2n\xdf\x9e\x16\xc4w!\x08_\x83K1\xff\x0a\
\x9cD\xb9Ff\x1aO\x22!\xd5\xe3\xfc\x1a\xb7\x00w\
\xe2\xae_\x1e\x13Q\xee\x89\x8e\xca\xcb\x1c\xe307@\
\x83\x83\xb2\xa6!\x81\xa6+y-\xff\x88\x9b\xa9\xe5%\
\x11\xe5\x0dpPVQ\xf2\xbc\x89Q\x03<\x0a\xbcE\
\xe5\xd3\xacaHw0\xd1\x96Q\x8a\x90\xc6\x1b`F\
D\x19\x95\xa4f$\x04\xbc-2\xf3\x06\xc8\xa3S(\
\xc0\xb5\xc8\xaf?\x8a\xbd\xc0b\xc4\xb9e\x1f\xd2\xf7\x8e\
D\xc6&&'\xd2:d\xe1\xe7Bd\xe1JI\x88\
\xcb7@=\xd1}\xfe~\xe0>\xa2\x97_\xfb\x00\xcf\
\x11=\x9d\xb3\xe5`\x91\x997\x80/\x5c\x0a\xe0\xa9\x88\
\xbc7\x11\x7f\xcbv\x12\xd1\x1f|0mB\x95\x8b\x0a\
\x007\x02\xe8\x8ey\xaa\xb7\x8f\xf2\xf7\xebo\xc0\xeco\
\xb0,\xa1\x8d\xa0\x02p&\x80\xa9\x11\xf9\xdeSa~\
o\x1b\xf2j\x06NHhgf\x04\x90\xb7i\xa0i\
\xba\xb6\x07\xd9\xa7\xaf\x84\x99\x86ku\xc0\x95\x15\xe6\x97\
9\xf2&\x00\xd3k~1\xb2wP\x09\xdf\x22\x9eG\
\x1d\x19Za~\x99#o\x020}&mM\xc2<\
\x7f2\x5c\xcbM_\x9d7\x01\xf42\x5c\xfb3a\x9e\
\xa6\x0fV\xb9X\xb2\xf6B\xde\x04\xb0\xcbp-\xe9\x06\
\x93\xc9\xf7og\xc2<3C\xde\x04`r\xb4L\xf2\
\x09\xd5:\xe4TP\x9cr\xaa\x92\xbc\x09\xe0;\xc3\xb5\
qT\xfe\xca\x1e\x87y#\xc9TNU\x927\x01\x98\
>/\xdb\x0dq#/\x97Z\xcc\x1fbl\x04\xde\xaf\
 ?\xa5\x1d\xae\x16\x82\xea0\xbb\x977\x03\x97\x97\x99\
\xd7\xcc\x08\x1b\xdfLh#dh!\xc8\x17.\xf7\x02\
\xee\x8e\xc8\xfb\x00\x126\xa6\x14\xb5\xc8\xc37-\x037\
c\xe7\xd8\x99\x0a\x00w\x02\xe8\x0c\xac\x8b\xc8\xbf\x15\x09\
\xec`z\x88u\x88\xbf\xe0\x97\x11\xf7\x16\x90\xc3\xa86\
P\x01\xe0N\x00 #\xf7R\xfe\x7f\x1b\x91X\x07s\
\x91s\x05\xbbK\xfc\xff\x1a\xec\xb9\x9f\xab\x00p+\x00\
\x90\x8d!S\xd0\xa4J\xd2n\xec\x06\x86\xca\x8c\x00\xf2\
6\x0bh\xcf|$\xaa\xc9\x1f\x09\xf3\xd9\x00\x8c&\xa7\
\x9e@y\x16\x00H\xd4\xb0Q\xc8\xf9\xbbri\x05^\
A\x5c\xc5\xd6\xd94JI\xd7-\xbc\x8d\xc9\xc8\xe9\x9b\
R\xa7w\x1a\x11?\x80\xe1\x0em\xc9L\x17\x90W\xa7\
P\x13\x8b\x0e\xa7~H\xd70\x149\xc5\xd3v2h\
\x1b\xb2\xc2\xb7\x14q\x07\x0b\x82\x90\x04\xd0\xc6N$\x88\
\x83B\xfe\xc7\x00J\x09T\x00\x81\xe3K\x00\x85\x88\xeb\
\xbe\x8fz\xa7ET=\xa3\xda\xc5\x19\xbe\x04\x1057\
\x1f\x9b\xaa\x15\xfe\x18o\xb8V\xc0\xec}\xe4\x94\xb8\xbf\
\xb8[\x81\xbb\x90\x95\xb5\xd9\xc8h:\x09=\x91\xd5\xb5\
\x8e'tZ\x91\xd1x\x9e\xcf\xc8w\xc5<\xdd\xdbH\
\xf2X\x83\xdd\x80G\x10\x81m\x06\x1e\xc6B\xb0\xe8\xc9\
\x1c9Wm\x01.J\x9a)f\x9f\xfb\x90\xd3\x8cD\
\xad)\xcc\xe9\x90\xe7V\xa0G\xd2LM\xd1\xb0f'\
\xcd\x148\x93\xe8\xe3W\xa1\xa5-\xd8\xd9h2mh\
\x15\xf5\x83\x883\x060\x85\x86\xb7\xb1b\xb7\x16\xe9Z\
\x0eZ\xc8\xab\x9a\xd9\x83\xf8)\xfce!/\xd3s\xe9\
]\xec\x06\xdf\xd3\xc0\xf9\xc8F\xcb\x17\x9e\xed\xf0A\x01\
qa\x1b\x89\xc4&\xf2B\x16V\x02\xbfB6l\x86\
\x01\x17\xe0.NPVhAV#\x97#}\xb4W\
\xb2 \x806\xd6\x90\xfc\x14\x8fR&\xbe\xbb\x00\xc53\
*\x80\xc0Q\x01\x04\x8e\x0a pT\x00\x81\xa3\x02\x08\
\x1c\x15@\xe0\xa8\x00\x02G\x05\x108*\x80\xc0Q\x01\
\x04\x8e\x0a pT\x00\x81\xa3\x02\x08\x1c\x15@\xe0\xa8\
\x00\x02G\x05\x108*\x80\xc0Q\x01\x04\x8e\x0a p\
T\x00\x81\x13G\x00M\x86k\xfdm\x1b\xa2$\xa6/\
\xe6\xe7\xd9X\xec\xa68n\xe1\xbf\x1a\xae\x8d\x03\xe6\x91\
\x8e_\xfb~\xe4\x13\xf1\xa6\x8fMg\x99Z\xe0\x1a`\
\x04\x12\xbc\xd25\x130\x1f\xf6\xdd\x9c4\xe3\xa8\x0f\x1d\
\xa7\x99\x0e\x01\xd7%\xadH\xca\xcc\xc7\x7f\xbbm\xc1B\
\xcc\x85\x1a`e\x06*c\xfatKV9\x0f\xff\xed\
U@\xe2&[\xe14J\x87Ru\x9d\xb6\xdb\xaaL\
\x0a\x5c\x86\xff\x87\xbf\x00\xcb\x83\xfc!H\x185_\x15\
\x9ae\xb32\x8e\xe9\x8e\xf4\xbd>\xda\xa9\x05x\x81\xe8\
\xcf\xe3\x1eA\xb9\xfdC-\x12\x83w\x0a08n!\
\x09iB>\xfd6\x0b\x19\x0bT\x0b\x83\x80\xc7\x908\
\x08i\xc4>:\x00\xacB\xe29\xacN\xa1<EQ\
\x14EQ\x14EQ\x14\xa5\xfa\xf8\x0f\xf5x\x08'\xa4\
\x80\xf3t\x00\x00\x00\x00IEND\xaeB`\x82\
\x00\x00\x0e\xed\
\x89\
PNG\x0d\x0a\x1a\x0a\x00\x00\x00\x0dIHDR\x00\
\x00\x00\x84\x00\x00\x00\x84\x08\x06\x00\x00\x00QD\x83\xa7\
\x00\x00\x00 cHRM\x00\x00z&\x00\x00\x80\x84\
\x00\x00\xfa\x00\x00\x00\x80\xe8\x00\x00u0\x00\x00\xea`\
\x00\x00:\x98\x00\x00\x17p\x9c\xbaQ<\x00\x00\x00\x06\
bKGD\x00\xff\x00\xff\x00\xff\xa0\xbd\xa7\x93\x00\x00\
\x00\x09pHYs\x00\x00\x0e\xc3\x00\x00\x0e\xc3\x01\xc7\
o\xa8d\x00\x00\x00\x07tIME\x07\xe8\x03\x03\x12\
\x1a\x08\xc2\x82\xe3\x86\x00\x00\x0d\x93IDATx\xda\
\xed\x9dkl\x9b\xd7y\xc7\x7f\xcf\xcbW\x12\xa5Z\x12\
/\x8eo\xa4\x9c\x8c\xa4d\x07\xad\xdd\xc1N\x80\x18\x9b\
\xed&\x91\x9c\xa1\x9d\x93\xae\xbb&\x1d\xdc!A\x91\x0e\
[\xba;\x16\xa0\xed\xdc\x0f\xdb\x87\x0d+\xda\xa1K;\
\xaci\xb6\xa1[\x1b\xacun-:\xdf\x1b;q\x80\
-\xb1\x8387[&\xe5V\x17\xdb\xa8\x22\x92\x92\x13\
\x91\x91\xc8\xf7\xec\x03I\x99\xd6\x22\xf2\xa5n\xd4\xcc\xe7\
\x07\x18\xfe\xa0\xf3\x9e\xcbs\xfe<\xf7\xf3\x1cP\x14E\
Q\x14EQ\x14EQ\x14EQ\x14EQ\x14EQ\
\x14EQ\x14EQ\x14EQ\x14EQ\x14EQ\x14\
EQ\x14EQ\x14EQ\x14EQ\x14EQ\x14E\
Q\x14\xe5\x06@\xea\x99\xf8\x83\x0f>\xc8\xd1\xa3Gi\
nn\xae\xab\x11\xe2\xf1\xf8\xb2\xa5\x15\x8b\xc5\xe6\xfc\xdb\
\xd4\xd4\x14\x0f=\xf4\x10\xfb\xf7\xef\xaf\x9b-\x96]\x10\
\xad\xad\xad\xac_\xbf\xde2\xc6t\xd8\xb6\xbd\xddq\x9c\
m\x22\xb2\x09\xe8\x01\xd6\x03\x9d@;\xd0\xbc\x8c\xf9[\
N;\x98\xe2\xbf)\xe0] \x0d\x5c\x01\xfa\x8d1\xe7\
-\xcb:\x9d\xcb\xe5\xce\x88\xc8\xb8\x888\x89Db\x19\
\xb3\xb6\x8c\x86\x88D\x22\xb6eY!\xc7q~UD\
\xee\x05n\xa7P\xf9\x16`D\xa4\xae\xadU\xbd1\xc6\
\x18\x0a\xf5\xe1\x00\xe3\xc0+\xc6\x98\xe7D\xe4G\x8e\xe3\
\x0c_\xbcx1\xb7\x1c\xf9X\xf2J\x88F\xa3m\xc6\
\x98\x1d\x22\xf2Y\xa0\x17\xf0S\x10\x01\x22\x821\x06\x11\
)\x19\xa3\x911\xc6\x14~\x17\x05m\x00\x05q\xa4\x81\
\xa3\xc6\x98o\x89\xc8K\x89Dbr)3\xb1d\x95\
\x10\x8b\xc5Z\x1d\xc7\xd9)\x22\x7f\x08|\x0ch/\x13\
\xc0R\x96\xe9\x86\xa1d\xab\xa2@\xde\x05N\x88\xc8c\
\xc0O\xe2\xf1xv)\xd2\xb4\x16;\xc2;\xee\xb8\x83\
H$r\xab1\xe6\x1fD\xe4I`/E1\x00*\
\x86\x1a\x98e\xb3U\xc0'\x8c1\xff\x0e\xfc]OO\
O\xcf\xa1C\x87\x16?\xcd\xc5\x8c,\x1a\x8d\xb6\x01\x9f\
\x04\xbe\x00\xdcZ(\x8b\x0a`\xb1\x98\xd5\x95\xf4\x1bc\
\xfe\x06xj```\xd1\xba\x11\xcfbE\xd4\xdd\xdd\
\xbd\xce\x18\xf3\x97\x22\xf2\x05\xe0f)\xb0\xac\x06\xbb\xd1\
)k1\x04X-\x22\xbb\x01_0\x18|#\x99L\
\xbe\xbb\x18i,\x8a \xa2\xd1h\xb7\xe38\x7f/\x22\
\xfb\x80\x0e\x15\xc2\xd21\xab\x1bi\x13\x91m\xc0-7\
\xddt\xd3\xabccc\xa9\x85\xc6\xbf`Atww\
\x7f\xd8\x18\xf3\x15\x11\xd9\x0b4\xd7\x22\x86\xf9\x0c0u\
Pz\x8d\xa2\x1dl\x0a\xdd\xf3\xa6@ \xf0j2\x99\
\x1c]H\x9c\x0b\x12Dwww\xd4\x18\xf3U\xe0W\
\x00\x8f\xdb\x8a2\xc6\xcc\xfc++XU\x1c\xc7)\xef\
GU\x18\xd7\xb0\x80(p\xb3\xcf\xe7\xfb\xeft:=\
\xef\x96b\xde\x16\xed\xee\xee^\xe78\xceW\x81\xdf\xa4\
(\xacj\x15T\x12\x81\xe38\xd8\xb6\x8d\xd7\xeb%\x12\
\x89\xf2\x91-[\xd8\xbci3\xa1p\x985k\xd6\xd0\
\xda\xda\x0a@&\x93att\x94\xe1\xa1!\xce\xf7\x9f\
\xe7\xf5\xb3\xaf100@6\x9b%\x97\xcbaY\x16\
\x22\xd2\xf0\xc2(\x9b\x9e\xe6\x81\x03\x22\xf2'\xf1x\xfc\
\xd2|\xe2\x9a\x97%\xa3\xd1h\x9b\x88|\xc9\x18\xf3y\
\x11i\xab\xd6\x8c\x97\x84\x90\xcf\xe7iii!\x1c\x0e\
\xd3\xdb\xdb\xc7\xce]\xbb\x09\x85B\xd8\xb6\xed*\xdd\x5c\
.\xc7\xa5\x91\x11^x\xe1$G\x8e\x1caxd\x98\
\xf7\xb3Y<\x1e\x8f\x0a\x83\x99YH\xd6\x18\xf3\x98\x88\
\xfc\xd5|\x16\xb1j\xb6\xe0\xe6\xcd\x9b\x99\x9e\x9e\xfe]\
\xe0k@\x10\xa8*\x86|.\x87\xc7\xb6\x09\x87\xc3\xdc\
w\xdf'\xb9\xeb\xee^\xfc~?\x1e\x8f\x07\xc7qj\
J\xdf\xb2,\xf2\xf9<\xe9t\x8a\xe3\xc7\x8f\xf3\xec3\
O344D.\x97\xc3\xb6m\x15EA\x14c\xc0\
#\xa3\xa3\xa3\xdf\x9b\x98\x98\xa8\xe9\xfb\x9a\xc7\x10\x9d\x9d\
\x9d\x9b\x81\xaf\x037Ce18\x8eC.\x97\xa3\xbd\
\xa3\x83\xde\xbe>\x1e\xf9\xfc\x1fs\xc7\x8e\x1d\xb4\xb7\xb7\
_7\x8e\xa8e\xecQJs\xd5\xaaU\xf4\xf4lb\
\xfbm\xb7\xf3\xfe\xfb\xefs\xe5\xcae&''\xb5\xa5\
(\xd0\x06|\xb8\xad\xad\xed\xf9T*U\xd3 \xb3&\
A\xc4b1/\xb0\x1f\xb8\xa7\xda:CI\x0ck\xd7\
\xaee\xdfg~\x8f\x07\x1ex\x80\xf5\xebC\xc0\xf5B\
\xa8\xa5\xf2Ja\xcb\xbf\x0f\xae^\xcd\xd6\xad[\xe9\xec\
\xe8d``\x80\xabW'\x1aZ\x14e\xd3\xd2 \xd0\
\x1c\x08\x04\x8e\xa6R)\xd7\x1bc5\x09\xc2\xe7\xf3\xdd\
%\x22_\xa60\xff\x9d3\x5cI\x0c]]]<\xfc\
\xf0\xe7\xd8\xb3\xe7\x1eV\xadj'\x9f\xcf\xcfK\x08s\
\x15\xba$\x8c\xd6\xd6V\x22\x91\x08\xeb\xd6\xae#\x1e\xbf\
@:\x9dVQ\x14\x86\x03Q\x119\x93L&/\xb8\
\xfd\xd6\xb5 b\xb1X\x9b\x88\xfc-\xf0\x8b\xd5\xc6\x0c\
\xa5\x96\xe1\xe1\xcf\xfd>\xbb?v'---3S\
\xc6\xc5\xac\xa4\xd2\xc6\x8f1\x86\xa6\xa6&B\xe10>\
\xbf\x9fs\xe7\xde\xe6\xea\xd5\xab3\xb3\x90F\xa4\xd8\xbd\
z\x01\x7f \x10x\xdam+\xe1Z\x10~\xbf\x7f7\
\xf0(\xd0\x02\x1f<v(\x0d \xdb;:\xd8\xb7\xef\
3\xec\xd9s\xcf\x92\x89\xa1D\xf9vqSS\x13\xe1\
p\x17\xad^/o\xbd\xf5&\x99L\xa6aEQ\xd6\
u\xac\x07N\xa5R\xa9\x8bn\xbes%\x88H$b\
\x8b\xc8_\x03\xdb\xca\x13\x9b\x8d1\x06\xcb\xe3\xa1\xb7\xaf\
\x8f\x07\xee\xff4\xab\xda\xdb\x97T\x0c\xe5\x85/\x89\xa2\
\xb9\xb9\x99P8\xcc;\xa3\xa3$\x12\x89\x86^\xd9,\
\x96\xbb\x19\xf0\x06\x83\xc1g\x92\xc9d\xd5)\x9d\xab\xed\
o\x8f\xc7\x13\x02\xfa*\xf5\xcb\xa5u\x86\x8d\x1b7r\
\xff\xfd\x9f\xc6\xe7\xf7_7fX\x8e\xc2\x97\xf2\xd0\xd9\
\xe9\xe3\xb7~\xfbw\x08\x87\xc33yhT\x8ae\xef\
u\x1c\xa7\xcbMxW\x82p\x1c\xe7\x13\x80\xaf\x92a\
\x8d1\xb4\xb4\xb4\xb0\xf7\xde\xfb\x08\x87\xc3\xe4r\xb9e\
\xffu^\x13Ea@\xfb\xa9O\xfd\x06\xad\xde\xd6\x86\
\x16D\xd1\xfe>\x11\xb9w\xe3\xc6\x8dU\xc3W\x15\xc4\
-\xb7\xdcb\x89\xc8}\x80U\xa9up\x1c\x87p8\
\xcc]w\xddMSSSyf\xeaa\x00\x9a\x9a\x9a\
\xb8\xf3\xce;\x09\x85C\xffg\x0f\xa4\x91(\x96\xdb2\
\xc6\xec5\xc6T\xad\xef\xaa\x01\x8c1\x1d\xc6\x98\xdb\xab\
\xcd,l\xdb\xa6\xb7\xb7\x0f\x7fYWQO#\xe4\xf3\
y:}>z{\xfb\xb0m\xbba\x05Q6\xb8\xdc\
nY\x96\xafZ\xf8\xea\x8a\xb1\xacm@\xe7\x5c\x06-\
M\xfb\xbc^/;w\xed\xc2\xe3\xf1\x5c\x97\x91z\x1a\
\xc1\xe3\xf1\xf0\xcb;w\xe1\xf5z\xaf\xdb]m4\x8a\
\xf6\xe8\xb0m\xfb\xb6u\xeb\xd6U\x0c[Q\x10\xa1P\
\x08\xcb\xb2\xb6S\xa1\xbb(\x0d4#\x91(\xa1Px\
\xc54\xcf\xa5n,\x14\x0a\x11\x8b\xc5\x1az\xa1\x0a@\
D,`\x9b\xdf\xef\xaf\x18\xae\xa2 z{{\x016\
W3\xa4eY|d\xcb\x96\x99]\xcb\x95`\xf8R\
\x1el\xdbf\xcb\xd6\x8fbY\x8b~\x9e\xf8\xff\x1d\x22\
\xb2izz\xbab\x98\x8aV:u\xea\x14\x22\xd2\xe3\
&\xb1\xcd\x9b6\xd7\xbb\xbcs\xd2\xd3\xe3\xaa\x08\x8d@\
UC\xb8\xf9\xd9\xacs\x11\x86p\x97\xabin]\xe8\
Z\xc1y[f\xd6W\x0b\xe0F\x10\x1dnR\x0a\x06\
\x83\xf5.l\x85\xbc\xad\xaew\x16V\x0a\xed\xd5\x02\xb8\
\x11D\xd5H\x00\xda\xda\xda\xea]\xd89)\x1d\xc9S\
XU-\x80\x8e\xb4\x94\xebp#\x88\xabn\x22\x9a\x9c\
\x5c\xd2;\xa8\x0b\x22\x93\xc9\xd4;\x0b+\x85\xaa\x97y\
\xdc\x08\xc2\xd5\xa1\xbc\xb1\xb1\xb1z\x17\xb6B\xde\xde\xa9\
w\x16V\x0aU\x7f\xdcn\x04q\xc5MJ\xc3CC\
\xf5.\xec\x9c\x0c\xad\xe0\xbc-3\x97\xab\x05p#\x88\
\xfe\xa23\x8b\x8a\xcb\x8f\xe7\xfb\xcf\xd7\xbb\xb0s\x17\xa0\
\xbf\xbf\xdeYX)T5DEALOOc\x8c\
9\x07\x881f\xce\xe5G\xc7qx\xfd\xeck\xe4r\
\x85SZ+e\xe9\x1a\x0aw9\xdex\xfdl\xcd\xc7\
\xfdoD\x8c1\xe7K;\xd1sQQ\x10;v\xec\
\xc0\xb2\xac3\x80Si\xeb\xdb\x18\xc3\xc5\x8b\x17\xb9|\
\xf9\xf2\x8a9\xb2&\x22X\x96\xc5\xa5K\x97\xb8p\xe1\
BCon\x15\xcb\xed\x00g\xaa\xdd\xd3\xa8(\x88'\
\x9f|\x92\xa9\xa9\xa9W\x81\x89\xb9\x8cY\xda4\xcad\
2\x9c<\xf1<\xf9\x15\xd0J\x94\xd2\xce\xe7\xf3\xbc\xf8\
\xc2I\xb2\xd9l\xc3nn\x95la\x8c\xb9\x9a\xcb\xe5\
^\x19\x19\x19\xa9\x18\xbe\xea\x18BD\xd2\xc0+U\xc2\
\x90\xcb\xe58v\xec(\xe9\xf1\xf1\x99\xabu\xf5BD\
\xf0x<\xa4\xd3i\x0e\x1f>L.\x97kH1\x94\
lQ\xfc\xff\xb4\xc7\xe3IW\x0b_U\x10\x81@\xc0\
1\xc6<\x0b8\x95Z\x09\xcb\xb2\x18\x1a\x1a\xe2\xf8\xf1\
c\x94v\xd4\xea\xd1J\x94\xd2\x9c\x9e\x9e\xe6\xf9\xe7\x7f\
\xc2\xc8\xc8\xf0\x8a\xe9\xc6\xeaA\xd1\x1e\xc6\x18\xf3\xa3\xe6\
\xe6\xe6\x85\x1f\xb2=s\xe6\x0c\xc6\x98\x1f\x1bc\xc6+\
\x85\x13\x11\xb2\xd9,\xcf=\xfb\x0c##\xc33\xf7,\
\x97S\x14\xa53\x9c\x1e\x8f\x87\xa1\xa1!\x9e~\xea\xc0\
Lw\xd1\xe0\xa4\x80g\xce\x9d;W5\xa0\xab\xa5k\
\x11\x19\x14\x91#U\xc2\xe0\xf1x\x18\x1c\x1c\xe4{\xdf\
\xfd.\xe9tz\xa6\xebX\x0eQ\x94\x8ba||\x9c\
\xef\x7f\xff?\x19\x1a\x1a\xaa{\xf7UO\xca\xec~\x5c\
D\x5c-\xc6\xb8\xba\x97\x91J\xa5\x1c\x9f\xcf7.\x22\
\xbfF\x15/1\xb9\x5c\x8e+W.\xd3\xd9\xd1I$\
\x12\x999p\xbb\x94'\xb0Kq[\x96E6\x9b\xe5\
\xd0\xc1\xff\xe2\xc0\x81\x1f\x90\xc9d\x1aZ\x10E\xde\x03\
\x1eM$\x12\xae\xae\xf3\xb9\xbe\xb9\x15\x08\x04\xae\x88\xc8\
m\xc0&\xf8\xe0SQ\xa5J\x99\x9c\x9c\xe4\xa7?\xbd\
HhC\x88\x0d\xa1\xf0\xccI\xaa\xa5\x10E\xb9\x18\xa6\
\xa6\xa68y\xf2\x04O|\xfbq\xc6\xc6\xc6hjj\
jX1\x94\xcd.\x8e\x01_I\xa5R\xd3n\xbes\
-\x88T*5\x1d\x0c\x06\xd3\xc0\xc7\x81V\x98[\x14\
\x22\xc2\xc4\xc4\x04\x17.\x5c\xc0\x1f\x08\x10\x0a\x85hn\
n\xae\xf9\xfa\xbf\x9bB\x97\xba\x89l6\xcb\xc9\x93'\
x\xfc[\xff\xcc\xa5K\x97\xb0m[\x8f\xcd\xc1\xb8\x88\
<:00\xf0\xa6\xdb\x0fj\xba\xfd\x1d\x0c\x06G\x80\
.`{%_\x00%Q\xa4R)\xce\x9d{\x1b\xaf\
\xd7K(\x1c\xa6\xad\xad\xad\x5c\xb9\xf3\x16F\xf9\x0dr\
\xdb\xb6\x19\x1f\x1f\xe7\xd0\xa1\x83<\xf1\xed\xc7U\x0c\x5c\
\x9bY\x00\xffa\x8c\xf9\xa6\xdb\xd6\x01j\x14D2\x99\
\xcc\xf9\xfd\xfe\x01\xe0n\x0a~\x12\xe7\x0c[\xdeR\xbc\
\xf5\xd6\x9b\xbc3:J(\x14\xa2\xbd\xbd\xe3\xba{\x12\
\xb5:\x0c)\xc5\xeb\xf1x\xc8\xe7\xf3\x0c\x0e\xfe\x8c\x7f\
\xfb\xd7\x7f\xe1\xc0\x81\x1f066\xd6\xf0b\x80\x99\x96\
\xbb\xdf\xb2\xac?M$\x12#\xb5|[\xb3\x07\x99@\
 0j\x8c\x99\x10\x91]T\xf1\x13Q\xea\xdb3\x99\
\x0c\x89D\x823\xa7O#\x08k\xd6\xae\xc5\xeb\xf5\xce\
\xdc\xe1\xa8\xa5\xa0\x96e\xe18\x0e\xa9T\x92\x83\x07\x0f\
\xf2\xcdo<\xc6\xcb/\xbfL&\x93\xa1\xa9\xa9\xa9\xe1\
\xc5\x00`\x8cI\x01_r\x1c\xe7p*U\x9bC\xba\
y;\x1d\x03\xbe\x0c<\x02x\xddz\x9f\xcb\xe7\xf3\x85\
\xee#\x14\xa2\xafo\x0f;w\xedf\xc3\x86\x0d59\
\x1d\xbb|\xf92/\x9c<\xc1\x91#\x87\x19\x1e\x1e&\
\xabN\xc7f(\xb6\xa0Y\xe0\x9f\x8c1_L$\x12\
\xef\xd5\x1a\xc7B\xdc\x12\xaew\x1c\xe7k\xc0\xaf\xb3\x00\
\xb7\x84\xb1X\x8c-[?JOO\x0f]]]\x04\
\x83\xabg\xcegNNN\x92L\x8e188H\x7f\
\x7f?o\xbc~\x96x<N&\x93Q\xb7\x84\xb3(\
\xdb\xc0z\x1a\xf8\xa3Z\xbb\x8a\x12\x0b\xb2d,\x16\x8b\
\x19c\xbe\x0e\xec\xa1\xec\x0d\x0c7\x99/\x9fq\xb8m\
\xe6\xcb}M\xa8\x10\xaeQ\xb4\x89c\x8c9\x22\x22\x8f\
\xc4\xe3q\xd7.\x84f\xb3 O\xb6\xc9d2\x19\x0c\
\x06_\x13\x91\x08\x05O\xaa\xae\x1c\x9e\x97Wh-}\
~\xf97*\x86\x02e-\xc3\x11\xe0/\x12\x89\xc4\xdb\
\x0b\x89o\xc1\xbe\xae\x93\xc9\xe4\xcf\xfd~\xff\xff\x00!\
 \x02\xd8n+k>\x95\xaaB\xb8\x9e\xe2\x98\xe1)\
\xcb\xb2\xfe<\x1e\x8fW\xdf\xac\xa8\xc2\xa2x\xc3O\xa5\
R\xc9`0\xf8\xa21\xc6.>\xa8\xd6\xa6\x15\xb7\xb4\
\x14\xbb\x89\x941\xe6\x09`\x7f<\x1e\xff\xd9b\xc4\xbb\
h\xefe$\x93\xc9\xab~\xbf\xff\x140(\x22\xb7\x02\
A\x11\x91F\xf6\xf1\xb4\xd8\x94\xf9\xb46\x14\xceG~\
QD\xfe1\x91H,\xda\x91\xf7E\x13\x04\x14\x96\xb7\
;::\xce\x8a\xc8\x09\x11\xf9\x10\xf0\x0b\x14\x5c\xe3\xa9\
(\x16\xc0\xac\xdd\xe24\xf0\x1d\xc7q\xfe\xcc\xb2\xac#\
\xf1x\xdc\xf5*\xa4\x1b\x96\xac\x96\x8a\x0e\xd2w\x1bc\
\xfe\x00\xd8M\xf1\x1a\x99>\xc4V\x9dY\x8f\xaf\x95x\
\xcf\x18sRD\xbea\x8c9600\xb0$\xb7\x8f\
\x96\xe5\x99F\xc7q~\xc9\xb2\xac\xcfRX\xf2\xf6\xf1\
\x01\xcf4\x96\x9e(lD\xcam0\xfbO\x14Z\x84\
c\xc0\xe3\xc6\x98\x17\x07\x06\x06j^l\xaa\x85e\xab\
\x81h4j\x1bc\xba,\xcb\xda\xeb8\xce\xbd\x22\xb2\
\x9d\xc2\xcdr\xabX\xf0\x82?\xde\xa5\x15\xc5\x8a{\x1f\
\xb4\xac\x15(\xe5\xcd\x00\x13\x22r\xda\x18\xf3C\xc7q\
\x9e\xb3,k0\x91H\xdc\x18\x0f\xb9\xcef\xdf\xbe}\
\x1c;v\xcc\xb2m\xdbg\xdb\xf6v`\x9b\x88l2\
\xc6\xf4\x88\xc8Z\x0a\x0f\xbd~\x88\xa5}\xea\xb9\x9e\xa2\
(\x7f\xea\xf9= e\x8c\xf9\xb9\x88\xf4\x17\xef\xc0\xbc\
j\xdb\xf6+\x96e\xa5\xfd~\xbf\xf3\xd2K/-k\
\xe6\xea\xfakY\xb3f\x0d\xc1`\x90\xb9\xdc\xdc,\xc5\
#\xed\xb1XlY\x1f\x7f\xff\xa0\xf4+1>>\xce\
\xe8\xe8\x82\x9e\xcdR\x14EQ\x14EQ\x14EQ\x14\
EQ\x14EQ\x14EQ\x14EQ\x14EQ\x14E\
Q\x14EQ\x14EQ\x14EQ\x14EQ\x14EQ\
\x14EQ\x14EQ\x14EQ\x14E\xf9_\xc9d\xda\
\x92\x8du\xcfU\x00\x00\x00%tEXtdat\
e:create\x002024-03\
-03T18:26:08+00:\
00{2rS\x00\x00\x00%tEXtda\
te:modify\x002024-0\
3-03T18:26:08+00\
:00\x0ao\xca\xef\x00\x00\x00(tEXtd\
ate:timestamp\x0020\
24-03-03T18:26:0\
8+00:00]z\xeb0\x00\x00\x00\x19t\
EXtSoftware\x00www.\
inkscape.org\x9b\xee<\x1a\
\x00\x00\x00\x00IEND\xaeB`\x82\
\x00\x00\x0b\xee\
\x89\
PNG\x0d\x0a\x1a\x0a\x00\x00\x00\x0dIHDR\x00\
\x00\x00\x80\x00\x00\x00\x80\x08\x06\x00\x00\x00\xc3>a\xcb\
\x00\x00\x00\x04sBIT\x08\x08\x08\x08|\x08d\x88\
\x00\x00\x00\x09pHYs\x00\x00\x03v\x00\x00\x03v\
\x01}\xd5\x82\xcc\x00\x00\x00\x19tEXtSof\
tware\x00www.inksca\
pe.org\x9b\xee<\x1a\x00\x00\x0bkID\
ATx\x9c\xed\x9d\x7f\x8c]E\x15\xc7?\xe7QJ\
\xb5RE\xdab\x17ZA\x12CK\xa8\x8d`\x0d-\
\x22\x14\x09\x90\x0am@\x03\x86\x1a\xc0\x00\xc1\x90 \xf8\
\xa3A#`\x0dJ\x01\x15bBJ\x02\xb1E\xda`\
\xd4\x22\x85@\x85\x08\x14\x15\xd4\xf2\xc3\x9a\x06K\xc4J\
mh\xb5P\x82,b\xa5\xb0\xfb\xf5\x8f\xb9\xado\x97\
\xf7f\xee\xbbo\xee{o\xf7\xce'\x99d\xb33\xf7\
\xcc\xdcw\xce\x9d;3\xf7\xcc\x19\x93D\xa2\xba\xd4\xba\
\xdd\x80DwI\x06Pq\x92\x01T\x9cd\x00\x15'\
\x19@\xc5I\x06Pq\x92\x01T\x9cd\x00\x15'\x19\
@\xc5I\x06Pq\xc6\xc4\x12df\x13\x80\x13\x80i\
@_]\x9aH2\xb4\xa2\x0c\x02;\x81\xedui+\
\xb0NR\x7f\x8c\x0a\xac\x9do\x01fv\x08p\x06\xb0\
\x00\xa7\xfc\xb11\x1a\x95\x08\xb2\x1bX\x07\xac\x01\xee\x95\
\xf4baI\x92ZN\xc0L`-\xa0\x94z\x22\xad\
\x05f\x16\xd2e\x8b\x8a\x9f\x0a\xac\x00\x06z\xe0\xa6S\
\x1a\x9a\x062\xddL-\xc5\x00\x80\xc5\xc0\xae\x1e\xb8\xd1\
\x94\xfci\x17\xb08\x9a\x01\x00\xe3\x80U=pc)\
\xb5\x96V\x01\xe3\xda2\x00\xdc(~}\x0f\xdcLJ\
\xc5\xd2z\xa0\xcf\xa7\xe3\xa6\xb3\x003\x9b\x06<\x01\x1c\
\xdc\xb0@b\xa4\xb0\x0d\x98#ik\xa3\xcc\x86\x06`\
f\xe3\x81\xdf\x02\xb3Z\xa8H\xc0\xd3\xc0}\xc0S\xb8\
9\xeb6`\xa7\x92\xdfY!\xcc\xccp\xeb(\x07\xe3\
z\xe3c\x80\xd3\x81\xa3\x01kA\xd4\x06\xe08Io\
\xbc#\xa7A\xb7o\xc0j\xf2w3\xfd\xc0U\xc0\x94\
\x22\xd3\x90\x94ZO\xc0\x94\xec7\xefoAO\xab\xc9\
\x1ex\xef\x18\x00X\x92S\xe0 \xb0\x0c\x98\xdc\xed\x1f\
\xa4\xaa\x09\x98\x9c\xe9`0\xa7\xce\x96\x0c\x971\xe4\x15\
`fGe\xddEh\xe9\xf6\x0d`\x91\xa4{\x02\xe5\
\x12\x1d\xc0\xcc\x16\x02+\x81\xf1\x81\xa2\x83\xc0,I\x1b\
\xf7\xfcc\xb8\xa2\xafo\xf0\xbf\xe1\xbc\x08\xccM\xca\xef\
\x1d2]\xcc\xc5\xe9\xc6G\x0d\xa7\xe3\xbd\xec\xed\x01\xcc\
l\x1e\xf0p@@?p\xac\xa4?\x17kj\xa2L\
\xccl\x06\xf0;`B\xa0\xe8I\x92\x1e\x81\xeci\xcf\
F\x9b7\x04.\x1a\x00\xceI\xca\xef]2\xdd\x9c\x83\
\xd3\x95\x8f\x1b2\x9d\xef\xed\xee\xe7\xe2\xa6\x16>\x96J\
Z\xdb^\x13\x13e\x93\xe9hi\xa0\xd8\xd18\x9d\xef\
5\x80\x05\x81\x0b^\xca!4\xd1;,\xc5\xe9\xcc\xc7\
\x02\xc8o\x00K$\xfd\xbb\xddV%:C\xa6\xab%\
\x81b\x0b\xc0-\xfaL\x07|\xef\xf5~`\x92\xa4\xdd\
q\x9a\x97\xe8\x04f6\x16x\x19\xff\x80pF\x0d\x98\
\x1f\x90\xf5@R\xfe\xc8#\xd3\xd9\x03\x81b\xf3k\xc0\
\xe1\x81Bi\xbe?r\x09\xe9\xee\xf0\x1a\xee#\x83\x8f\
_GjL\xa2\xf3\x84t\xd7\x172\x80A\xc2\xa3\xc9\
D\xef\xf2\x12N\x87\xcd\x08\x1a\xc0\xcb\x92B\x8b\x0a\x89\
\x1e%\xd3\xdd\xcb\x9e\x22}5\xe0 O\x01\xdf\xc5\x89\
\x91\x81O\x87\x07\xd5\x80}<\x05\xd2\xd3?\xf2\xf1\xe9\
p\x9f\xb4c\xa7\xe2$\x03\xa88\xd1\xf6\x06\x16%\xfb\
*u<p\x1a\xf0A\xdc\xde\xc2i\xc0$\x9c_\xe1\
\x96,\xbd\x00<$\xe9\x0f\x1dh\xd3|\xe0\xeb\xb8\x1d\
P[\x80;\x80\x9b\xf3\x0e\x88\xcdl\x11pYv\xfd\
~\x11\x9b\xf67\xe0^\xe0jI\xaf\xc7\x12\xeas!\
\xdaP\xa2;\xd3\x11\xc0w\x80\xbf\x07\xda0<m\x04\
.\x07\x0e,\xa9]\xe75\xa9wy\xce\xeb\xbf\xd9\xe2\
\xfd\x14I\x1b\x80\xb19\xdb\xb3! \xab\xb3\x06\x00\xbc\
\x0f\xb8-\xc2\x8f\xf0&p\x1396?\xb4\xd0\xb6}\
\x81\x7fy\xea\x9c\x1d\xb8~b\xd6\xae\xb2\x0d@\xc0e\
1\x0c\xa0\xa3c\x003;\x13\xf7\xe1\xe9\xc2\x08\xe2\xc6\
\xe2z\x82g\xcc,\xe4\xcb\x90\x97\xa3\x80\xf7z\xf2\x8f\
\x0b\x5c?\x9b\xce\xed\x90\x0e\xb5%\x17\x1d1\x003\x1b\
cfw\xe2\x5c\x93\xa7D\x16?\x1d\xf8\xbd\x99]e\
f\xed\xde\xcf\xe4\x92\xf3c\xf2\x9f\x18BJ7\x003\
\x1b\x03\xdc\x05,*\xb1\x9a1\xc0\xb7\x81[K\xac\xa3\
\xd7\xb8?\x86\x90R\x0d\xa0N\xf9\x9f)\xb3\x9e:.\
2\xb3\xeb:TW7\xb9K\xd2\xcfb\x08*{\x1a\
\xb8\x92b\xca\x7f\x15\xf7!\xa3\x0f\xd8\xbf\xc5k\xaf4\
\xb3\x9d\x92\xbe_\xa0\xde\xb2\xd9N\xf1\xe5u\xe1\xa6\x81\
\xf7H\xba3V\x83J3\x003\xbb\x088;g\xf1\
\xdd\xc0/p\xb3\x83\xa7$\xbdV'\xe7@\xdc\x80\xe7\
b\xe0T\xf2\xf5Z7\x9a\xd9f\xf5\xde\xde\x85\x1b%\
\xdd\xdc\xedF\xd4S\xca+\xc0\xcc\x0e\x05\xf2>\x81w\
\x03\xd3$\x9d#\xe9\xe1z\xe5\x03HzE\xd2\x1aI\
\xf3\x81\x0f\x03\x8f\xe5i\x02pm\x0bM\xae,\xd1\x0d\
 [\xd9\xfb\x11\xe1\xae{\x17p\x81\xa4\xb3$\xed\xc8\
#[\xd2f`\x1ep%\xf0v\xa0\xf8\x91f\xf6\xee\
<r\xabL\x19\xaf\x80\x0b\x80\x13\x03e\xde\x02\xceR\
\x81}\x06\x92\x06\x81\xeb\xcdl\x07\xb0\xdcS\xf4\xcdV\
eW\x91\xa8=@\xf6\xf4\x7f5Pl\x108\xb7\x88\
\xf2\xeb\x91\xb4\x02\xb7^\xdf\x8c{%E\x99+\x8ff\
b\xbf\x02N\xc5-\xcc\xf8\xb8%\xd6\x14F\xd2R\xdc\
>\xf9\xe1<\x07|1F\x1d\xa3\x9d\xd8\xaf\x80/\x07\
\xf2_\xc0\xff\xd4\xb6\x8c\xa4k\xcd\xecQ\xdc\x9e\xb8\xfd\
\x80'\x81\x1fKJ\xaf\x80\x1c\xc4\x0c\x15;\x1d\xf8T\
\xa0\xd8\x15j\x14\xa6\xa4M$=\x0e<\x1e[n\x15\
\x88\xd9\x03\x9c\x12\xc8\x7f\x01\x17?\xa8\xca\x5cmf\x97\
\x17\xbcV\xb8O\xe7\xf7\x037I\x0a\xcd\x82r\x11\xd3\
\x00>\x19\xc8\xbf5\x1b\xc1W\x99\x03\xb2T\x94Cq\
\xbf\xf3\xc9fv\x8aT\x17\xde\xa5 Q\x06\x81\xd9\xe8\
\xff\x13\x81bw\xc4\xa8+\x01\xc0\xc9\xc0\xf91\x04\xc5\
\x9a\x05\x1c\x09\x1c\xe8\xc9\xdf\x94w\xb1'\x91\x9b\xd0x\
+\x17\xb1\x0c\xe0\xa3\x81\xfc\xb4\xbd\xacG\x895\x06\x08\
9B<\x11\xa3\x123\xdb\x17\xf8\x1a\xf0i\xe00\xc2\
\xc1\x12\x07\x80\xbf\x00?\xc5\x8dA\xda~g\xf6\x10\x8f\
\xc6\x10\x12\xcb\x00&\x05\xf2\xb7\xb5[\x81\x99\xed\x83\x0b\
b\x15\x1ak\x0c\xa7\x0fw\x98\xc5\x5c\xcauJ\xe9$\
\x8f\xe1\xbe\xb7\xb4M\xa7z\x80\x9d\x11\xea\xb8\x84\xd6\x95\
_\xcf\xb9f\xb6B\xd2\xaf\x22\xb4\xa5(\xafS\xdc\x95\
\xab~\x1ax}\xac\x19U\xa7\x0c \xc6\x1e\xc3y\x11\
d\x9c\x08t\xd3\x00\xae\xae\x84?@\x0f\xd3\xce\x1c|\
T\x12\xcb\x00B1\x04Bc\x84<<\x12AF\x8c\
W\xd1\xa8\xa2S\x0601B\x1d\xb7\x02\xbfiSF\
2\x80a\xc4\x1a\x03\x84\xde\xf1m\x1f:!i\xc0\xcc\
N\xc2?\x0d\xdc\x1f\xf0y\x01%\x03\x18F\xa7z\x80\
91*\x91\xf4\x96\xa4\xefJ\x9a#i\x8a\xa4\x0f\xd4\
'\xdc!\x17>R\xc0\x8ba\xc42\x80g\x02\xf9\xc7\
G\xaa\xa7)fv\x00~W4\x01\x7f,\xbb\x1d#\
\x8dX\x06\xf0,\xf0\x8a'\x7f\xba\x99\xf9B\xd1\xc4`\
\x01nsg3\x9e\x95\x94^\x01\xc3\x88b\x00\xd9\x12\
kh\x80v^\x8c\xba<\x9c\x15\xc8\x8f\xb2t:\xda\
\x88\xb9\x0e\x10\xf2\xd7\xbf$\xc2\xe6\xcd\x86d\x07W\x9f\
\x1c(\xb6\xae\x8c\xbaG:1\x15\xf2` \xff0\xdc\
\x89Wep)\xfeH\x1c\xff%\xf5\x00\x0d\x89f\x00\
\x926\x11^f\xbd);\x92.\x1af6\x0b\xf8V\
\xa0\xd8JI\xaf\xc6\xacw\xb4\x10\xbbK\xfeA \xff\
0 \xda\xee]3\xdb\x0f\xb7\x01\xd5\x17\x94A\xb8H\
\x22\x89\x06\xc46\x80_\x02\x9b\x02e.5\xb3\xcfF\
\xaa\xef:\x9c7\x92\x8f\x87\x94\x8e\xb9iJT\x03\xc8\
f\x03\xdf\xcbQ\xe7*3;\xad\x9d\xba\xcc\xec\x02\x5c\
\x88\x98\x10\xa1\xb3\x90*M\x19\xa3\xf2\xe5\x84\x07\x5c\xfb\
\x02\xab\xcd\xec\xfcV\x85\x9b\xd9\x043[\x89s\x88\x08\
y\x04\xdd\xa9\xect\xacDc\xa2\x1b@\xd6\x0b|\x01\
\xe7\xfc\xe0\xe3]\xc0r3[\x9dw\x91\xc8\xcc>\x8e\
[\xcd;7G\xf1\xed\xc0\x97\xf2\xc8\xad2\xa5\xcc\xcb\
%m\x01\xbe\x92\xb3\xf8\x99\xc0V3\xfb\x89\x99\x9dd\
fC\xa2t\x99\xd9x3[hfw\xe1\xd6\xfa?\
\x94S\xee\xc5i\xe4\x1f\xa6\xb4\x08!\x92n\xcb\xbe\xde\
\xe5\x89\x1226+w6\x80\x99\xbd\x0a\xec\xc0y\x1a\
\xbd\xbf@\xf5?\x94\x14%\x88\xd2h\xa7\xec\x18A\x8b\
p\xd1\xc8[\x8d\x13\xd4\xce\x0e\x9ae\xe4\x1b\x1c&(\
\xd9%,\xdb\xbf\xf69\xe0\xe7e\xd6S\xc72\xe0\xd2\
Q\xe6\xfe]*\xa5\xfb\x04\xd6\x19\xc1\xca\x92\xab\xba\x99\
\xa4\xfc\x96\xe9\x88S\xa8\xa4\xb7%}\x1e\xf7\xc5\xee\x1f\
\x91\xc5\xff\x15w\x18\xf2\x15\x11\x94\x1frl);\xbf\
\xe3t\xd4+X\xd2\xdd\xc0\x0c\xe0\xf6\x08\xe2\xde\xc6\x1d\
\x85>3\xe2\x5c\x7f#\xf0\x9a'?\xe4q\xb4\x1e\x17\
\xf2\xae\x11\x03\xb8\x93\xbd{\x8e\x8eF\x0b\xaf\x8bb]\
4\x5c\xfcs\xc07p\xa1\xe5FR\xb8\xf8\xeb\xca\xfa\
-\x03\xed\xf1F\x0b\xb7\xec\x8ff\xfcI\xd2\xacbv\
\x95\x8f\xc0\x81\x11\xff\x04\xb6fi\x0b.\xf0\xd3\xfa2\
\xdb\x93\xb5)\xd6\x81\x11G\xe0\xf6&\xde\x22\xc9\x17\xd1\
\xac4\xccl\x03\xf0\x91\xa6\xf9t\xd9\x00\x12\xe5\x122\
\x80\xaa\xed\x0cJ\x0c#\x19@\xc5\xa9\x118W\xaeS\
\x0dI\x94\x86\xf7\x5c\xc8\x1an\xcd\xbd\x191\xf6\xf4%\
\xba\x8bO\x87;j\xb8\xcf\xa6M/\xce\x023$F\
 \x99\xee|\x06\xb0=d\x005:{\x0eN\x22.\
\x93\xf1\x8f\xf3\x82\x06\x00\x1d\xd8\xd6\x95(\x8d\x90\xee\xb6\
\xd7\x80\xcd\x81B\x0b#5&\xd1yB\xba\xdbl\xb8\
\xe8\xde>\xaf\xd9~`\x92\xa4fk\xdc\x89\x1e\xc4\xcc\
\xc6\xe2vCO\xf0\x14\x9bQ\xcb6t<\xef)4\
\x818\x07=&:\xcb\x85\xf8\x95\xff\xbc\xa4M{\x06\
\x08k\x02\xc2\xae1\xb3\xf7\xc4iW\xa2l2]]\
\x13(\xb6\x06\xfe?B\x0c\x19\xc0d\xdc9=\x89\x91\
\xc1\x95\x84gok\x00L\xd2\x9e/rO\x02\xbe3\
x\x07\x80\xd3\xd5\xe6Q/\x89r\xc96\xdc\xdc\x87\x7f\
\x05\xf0i\xe0c\x92d{\x9ch\xccl\x1e.\x12\xa7\
\x8f~\xe0\xd8\xb4\xd5\xaa71\xb3\x198\xa7\x13\xdf\xbb\
\x1f\x9c\x07\xd5#P\xb7H\x90\xfd#\xf4tO\x00\x1e\
4\xb3\xa6\x9f\x17\x13\xdd!\xd3\xc9\x83\x84\x95\xbf\xb6\xde\
\x83jo\x0f\x90\x099\x0a\xe7A\x12\xfaJ\xf8\x06\xb0\
H\xbdw2g%1\xb3\x858\xa7\xdb\xd0\xd6\xfbA\
`\x96\xa4\x8d{\xfe1D\xd1YF\x9e\x137\xc7\x03\
w\x9b\xd923KK\xc5]\xc2\xcc&\x9b\xd92\xdc\
\xe9\xaby\xe2.\x5c[\xaf|\x80F>d\x06\xac&\
\xbf\x8f^?\xee\xe8\xb6)\xdd\xf0y\xabb\x02\xa6d\
\xbfy\x7f\x0bzZM\xd6\xe3\xd7\xa7!\xaf\x80:\xcb\
\x1a\x8f\xf3\x80m\xc5\x1dL\xb8\xd1\xe5}\xc0S\xb8o\
\x0c\xdb\x80\x9djTI\x22H6;\x9b\x88\x0b\xb4\xd9\
\x07\x1c\x83\x0b\xb3s4\xe1\x9d\xd1\xf5l\x00\x8eS\x83\
\x13\xdb\x1a\x1a@V\xf94\xdcA\x0fmG\xf9Lt\
\x95m\xc0\x1cI[\x1be6\x1d\xece\x17\xcc\xc6\xad\
\x0f$F&O\x02\xb3\x9b)\x1fx\xe7\x18\xa0\xc1\xfb\
f\x1c\xb0\x8a\xd6|\xf7S\xea~Z\x05\x8c\x0b\xea\xb7\
\x85\x81\xc7b\xdc\x91\xef\xdd\xbe\xb1\x94\xfci\x17\xb08\
\xb7^[\x1c}N\x05V\xe0\x96\x85\xbb}\xa3)\x0d\
M\x03\x99n\xa6\xb6\xa4\xd3\x82\xd3\x90\x99\xb8U\xc3n\
\xdftJ.\xad\xc5\xed\x91lY\x97Mg\x01y0\
\xb3C\x803p\x81\x9aO\xc0\x1f\xaf/\x11\x8f\xdd\xb8\
\xd0\xb7kp\xdb\xe5^,*\xa8-\x03\x18\x22\xc8\xc5\
\xeb=\x01\xb7\xaf\xaf\xaf.M$m@)\xca \xee\
\x90\x8b\xedui+\xb0NR\x7f\x8c\x0a\xa2\x19@b\
d\x92\x9e\xcc\x8a\x93\x0c\xa0\xe2$\x03\xa88\xc9\x00*\
N2\x80\x8a\x93\x0c\xa0\xe2$\x03\xa88\xc9\x00*N\
2\x80\x8a\x93\x0c\xa0\xe2\xfc\x0f\x8b\xa5\xa4\x92gld\
P\x00\x00\x00\x00IEND\xaeB`\x82\
\x00\x00\x05\x0d\
\x89\
PNG\x0d\x0a\x1a\x0a\x00\x00\x00\x0dIHDR\x00\
\x00\x00\x80\x00\x00\x00\x80\x08\x06\x00\x00\x00\xc3>a\xcb\
\x00\x00\x00\x04sBIT\x08\x08\x08\x08|\x08d\x88\
\x00\x00\x00\x09pHYs\x00\x00\x0e\xc4\x00\x00\x0e\xc4\
\x01\x95+\x0e\x1b\x00\x00\x00\x19tEXtSof\
tware\x00www.inksca\
pe.org\x9b\xee<\x1a\x00\x00\x04\x8aID\
ATx\x9c\xed\xddI\xc8U\x05\x18\xc6\xf1\xff\xdbd\
\x13\x15MFZPAAE\x05E\x03A\x81\xda\xa2\
\x81f\x09\x22\xa2(\xd2UR-,\x0a\xa4\xa2a\xa9\
F\x11\x81\x9bt\xd3\x00\x05\xb6\x117A\xc3\xa6$\x17\
Q\x14\x84M.,\xda\x14e\xd6\x97O\x8b{\x03\xbb\
\xe8=\x83g\xf8\xeey\x9f\xdf\xee\xe3\x0c\xef{\xbf\xf3\
\xdc{\xde\xf3y=\x07\xcc\xcc\xcc\xcc\xcc\xcc\xcc\xcc\xcc\
\xcc\xcc\xcc\xcc\xcc\xcc\xcc\xcc\xccl \xa2\xcd\x9dK:\
\x1eX\x0e,\x05\x16\x03G\xb5YoF\xfd\x0e\xec\x00\
\xb6\x00\xefD\xc4\x9f]\x16o-\x00\x92V\x00\xcf\x03\
'\xb6Uc\x80~\x00\x1e\x8e\x88w\xbb*\xd8J\x00\
$\xad\x05V\xb5\xb1\xef\x04\x04<\x12\x11\xeb\xba(\xd6\
x\x00\xc6\xef\xfcW\x9b\xdeo2{\x81\x1b\x22bK\
\xdb\x85\x1a\x0d\x80\xa4\x13\x80o\xf0\xc7~\x13\xbe\x02.\
\x8c\x88\xb96\x8b\x1c\xd2\xf0\xfe\x96\xe3\x83\xdf\x94\xf3\x80\
k\xdb.\xd2t\x00\x964\xbc\xbf\xec\x96\xb6]\xe0\xb0\
\x86\xf7\xb7x\xca\xb29\xe0\xfb\x86\xeb\x0d\xc1\xd9S\x96\
\x9d\xd1v\xf1\xa6\x030\xed:\x7fgD\x9c\xd3p\xbd\
\x99'IS\x16\x1f\xddv\xfd\xa6O\x016c\x1c\x80\
\xe4\x1c\x80\xe4\x1c\x80\xe4\x1c\x80\xe4\x1c\x80\xe4\x9a\xbe\x0c\
\x1c<I\x8b\x80\xcb\x803i\xff2\xed\x5cI\xab\xf7\
\xf9y\x0f\xb0\x0b\xd8\x16\x11_\xb7\x5c\xbb:I\x9f\xea\
\xc0\xbe\xed\xbb\xbf\x83!\xe9\x12I[%\xfd3\xe55\
vi\xbb\xa4\x9b\x0e\xf6u\xf9\x14P\x82\xa4\x95\xc0'\
\xc02\xe6\xcf\xef\xecb`\xb3\xa4\xb5\x92j\xf74_\
^\xcc\xbc%\xe9>\xe0\x15\xe6\xef\xe9r\x15\xf0l\xdd\
\x8d\x1d\x80)$]\xc9\xe8\xbb\x0d\xad~u\xae\x01O\
H\xba\xb4\xce\x86\x0e\xc0\x01H:\x0dx\x1bX\xd0w\
/%\x04\xb0\xbap\xad\xfdp\x00\xf6C\xd2\x11\x8c\x0e\
\xfe\xa2\xbe{\xa9\xe0zI\x87W\xdd\xc8\x01\xd8\xbfu\
\xc0\xd5}7Q\xd1\xb1\xc0\xe9U7\x9a\xaf\x83Mo\
$=\x00\xac,\xb1\xea3\xc0\x07-\xb73\xe9n\xe0\
\xfe)\xcbO\x02\xbe\xab\xb2C\x07`\x1f\xe3\xa1\xef\xe5\
\x12\xabn\x8a\x885m\xf73I\xd2\x15\x05\xabT\x1e\
V}\x0a\x18\x93\xb4\x10x\x8b\xe2\xa1\xef3`E\xfb\
\x1du\xc3\x01\x00\xc6\xc3\xd3\x9bL\xffJ\x1b\xc0/\xc0\
\x1d\x11\xf1G\xfb]u\xc3\x01\x18Y\x0f\x5cS\xb0\xce\
\x1cpgD\xec\xe8\xa0\x9f\xce\xa4\x0f\x80\xa4{)7\
\xf4=\x1a\x11\xef\xb7\xdcN\xe7R\x07`<\xf4\xbdV\
b\xd5M\x11\xf1R\xdb\xfd\xf4!m\x00*\x0c}\xdb\
\x19\xd0\xd07)e\x00*\x0e}\xb7\x0fi\xe8\x9b\x94\
2\x00$\x1e\xfa&\xa5\x0b@\xf6\xa1oR\xad\xbf\x04\
JZ\x00\x9c\x05,\x04\xf6\xfd\x07\x88\xe3\xa6lv\xa4\
\xa4eu\xea5\xe8T\xca\x0d}\xaf\x0fu\xe8\x9bT\
)\x00\x92.\x02\x9e\x04n\x04\x8e\xa9Xk!\xb0\xb5\
\xe26}\xd8F\xb9O\x88A(\x1d\x00I\x8f\x03\xcf\
1\xec\xd3\xc6O\x8c\x86\xbe\xdd}7\xd2\x95R\x07S\
\xd2S\xc0\x0be\xd7\x9fQs\xc0]\x11\x91\xea\x7f0\
\x17\x1ePI\x97\x03Ow\xd0K\xdf\x1e\xcb0\xf4M\
*\xf3\x8e^Sr\xbdY\xb6!\x22\xd6\xf7\xddD\x1f\
\xa6\x1eX\x8d\xee\xf9s]G\xbd\xf4e\x03\xf0P\xdf\
M\xf4\xa5\xe8\x9d}>\xff\xbf\xcc\x1b\x92\xcf\x81\xdb\x22\
\xe2\xc1\x88\xd8\xdbw3})\xba\x0a8\xa5`\xf9\x1b\
\x8c\xbe 1+\xfe\x02v\x02\x9fG\xc4\x17}73\
\x1f\x14\x05\xe0\xd0\x82\xe5\xefE\xc4\xa6\xa6\x9a\xb1\xee\x0d\
}\xb8\xb3\x02\x0e@r\x0e@r\x0e@r\x0e@r\
\x0e@r\x0e@r\x0e@r\x0e@r\x0e@r\x0e\
@r\x0e@r\x0e@r\x0e@r\x0e@r\x0e@\
r\x0e@r\x0e@r\x0e@r\x0e@r\x0e@r\
\x0e@r\x0e@r\x0e@r\x0e@r\x0e@r\x0e\
@r\x0e@r\x0e@r\x0e@r\x0e@r\x0e@\
r\x0e@rEw\x08\xf9\xad`\xf9FI\x1b\x9bj\
\xc6\x0e\xda\xafU7(\xfa\x04\xa8\xf4\x082\xeb\xd5\xdf\
\x8c\xee\x7fT\xc9\xd4\x00\x8c\x9fQ?\xe8\xdb\xa5\x0f\xc8\
\x87u\x9ekPf\x06Hy\x03\xc5\x19\xb4\xb6\xceF\
\x85\x0f\x1a\x1c\xdf\x1a\xfe#\xa0\xd6\xd3\xa9\xad\x13\x9b#\
\xe2\xe6:\x1b\x16~\x02D\xc4\x1e\xe0V\xe0\xcb:\x05\
\xacu\x1f\x03\xf7\xd4\xdd\xb8\xd4e`D\xfc\x08\x5c\xc5\
\xe8a\x0bsu\x8bY\xa3v\x03/\x02K\x22\xa2\xf2\
\xf4\xff\x9f\xca\xcf\x9a\x95\xb4\x18\xb8\x05\xb8\x008\xb9n\
a\xabm\x17\xa3\xbb\xb3n\x8e\x88\x9f\xfbn\xc6\xcc\xcc\
\xcc\xcc\xcc\xcc\xcc\xcc\xcc\xcc\xcc\xcc\xcc\xcc\xcc\xcc\xcc\xcc\
\xcc\xcc\xcc\xcc\xcc\xfa\xf3/Gp\x98\xb1\x96\xcc\x0d\x9e\
\x00\x00\x00\x00IEND\xaeB`\x82\
\x00\x00\x0e\xb9\
\x89\
PNG\x0d\x0a\x1a\x0a\x00\x00\x00\x0dIHDR\x00\
\x00\x00\x80\x00\x00\x00\x80\x08\x06\x00\x00\x00\xc3>a\xcb\
\x00\x00\x00\x09pHYs\x00\x00;\x0e\x00\x00;\x0e\
\x01\xcc\xb6\xa1\x83\x00\x00\x00\x19tEXtSof\
tware\x00www.inksca\
pe.org\x9b\xee<\x1a\x00\x00\x0eFID\
ATx\x9c\xed\x9d{\xb4UE\x19\xc0\x7f\xe7\xc2\xbd\
\x88\xc2EE\x05A+\x11\x01\x91\x87\x86r}\xa0\x90\
\xba,\xf3\xcd\xb2\x92\x1e\xca\xb2\x14\xd2\xa4\xb04s\x95\
\xaf4\xad,s\x99\x95\xf6\xb6\x95f\x99\x95\xa5\x22,\
\xb3\x0cS|\x82\x06\xa47\x15\x11y\x88\x0a\x02\x8a\xdc\
{\xb9\xa7?\xbe{\xd6\xbdl\xf6\xcc7{\x9f\xfd8\
g\xef\xfd[k\x96x\xf7\x99\xd9\xdf\xcc\xfe\xf6\xcc\x9e\
o\xbe\xf9\x06\x0a\x0a\x0a\x0a\x0a\x0a\x0a\xf2H)m\x01\
Rd\x0f\xe0\xa0\xae\x7f?\x03\xbc\x9e\xa2,\x05\x09R\
\x02.\x076\x03\xe5\xae\xb4\xb9\xeboy~!r\xc3\
,\xba\x1f\xbc7\xcdJQ\xae\x82\x84X\x82Y\x01\x96\
\xa4(WAB\xb4aV\x80\xb6\x14\xe5J\x85<\x8e\
ye\xe5z\xae\xda\xa4!m\x01\x0a\xd2\xa5P\x80\x9c\
S(@\xce)\x14 \xe7\x14\x0a\x90s\xf2\xa8\x00\x1d\
!\xafe\x92<*@\xab\xe5\xda\xf3\x89IQ\x90\x1a\
31\x1b\x82\xa6\xa5(WAB\x94\x80\xcb\xd8\xd6\x22\
\xd8\x06|=M\xa1\xd2\x22WV/\x0f\xc3\x80c\xba\
\xfe\xfd \xf0R\x8a\xb2d\x96\x120\x12\x18\x91\xb6 \
u\xc8\xc8\xaeT\xb7\x9c\x06\xbcFw7\xfb\x0c06\
U\x89\xea\x83\xb1\xc0B\xba\xdbm\x05pj\xaa\x12\x85\
\xe04\xfc?\xb2\xd6\x03\x87\xa6(W\xad3\x01x\x0b\
\xff\xb6;=E\xb9\x02Qb\xdb7\xdfO\x09ZR\
\x93\xaeviA\xda\xc6\xd4n\xcb\xe3\xb8i\x1c\x1f\x81\
\xa3\x80\xa5\xcao\xde\x06>\x0c,\x88\xe1\xfe=\xd9\x17\
\x18\x87\x8c\xa5\xa3\x80\xe1\xc0\xae\xc0.]\xffm\xea\xf1\
\xdbM\xc8\xdb\xb7\x02X\x0d,\x03\x9eE\xba\xe3%@\
{\x8cr\xb6\x00\x0f\x00\x03\x94\xdf\x8d\xc0n\xc7\xa8\x09\
\xf6\xc3\xac\xc5\xde\x9e`b\xc4\xf7\xde\x1b\x99\xe7\xdf\x81\
\xbd\x17\x0a\x9a\xb6\x00\xff\x00.\x01\x0e$\xda\x17g\x22\
\xf67\xbfg\xda'\xc2\xfb\xc6\xca\xd3\xb8+\xc1!U\
\xdek0p\x010\x1f\xe8t\xbco\xb5\xe9U\xe0j\
\xa4\x87\xa9\x86Cp\x7f\xf8OVy\xafD\x19\x83{\
\xc5V ]rP&\x00\xbfA\xde\xce$\x1e\xba_\
\xea\x04\x1e\x02N\x22x\xaf0\x10\xa9\xbb\xeb\x8b2&\
`\xf9\xa9\xa3}\xd4\xf4L\x17\x04(w\x12\xf0O\xc7\
r\x93LO\x02'\xe3\xae\x08_r,w\x1d\xd1\x0f\
\x95\x89\xe1\xaa\x04?v(k?\xe0\x8f\x0ee\xa5\x9d\
\xe6\x03\x078\xd4\xe7V\x87\xb2\xde\xa6\x8e\x1f~\x05\x17\
%\xb8\xdc\x92\xbf\x11\xb8\x02\xbb7o\xad\xa56\xe0\x1a\
\xa0\xaf\xa5^W)elBz\xbbL`S\x826\
\xcc&\xcf\xd1H\xd7\x1a\xe5\xc3Y\x85L\xeb\x9e\x04\x1e\
\x06\x1eA\xa6z/\x02\x1b\x22\xbe\xd7bd\xfa\xe9\xc7\
(\xccJ\xbd\x118\xda\x90\xafn\x99\x88\xec\xbf\xebY\
\xd1\x0e\xe0s\x86\xdfOg\xdb\xed[A\xd3Vd\x1e\
\xffC\xe0\x0c`<\xb0\x93\x83\x9c\x83\x81)\xc0y\xc0\
\x9d\xc0\x9a*d(#J\xf51\xc3\xbdft\xc9\xd9\
\xf3\xf7/!\x1f\xb8\x99d7\xe0k\xc8\xd7\xfb\xb7\x90\
7\xdcK\x03\xf0m\xc27\xf8\xa3\xc8G\xe5\xa0\x88d\
.!\xcas\x1d\xee_\xed\xde\xd4\x89\x0c\x09~\x1c\x00\
\x5c\x0b\xdc\x06\x5c\x08\xf4\x8bH\xee\xbad\x07\xe0\xcf\x04\
o\xe0-\xc0\xcf1w\xb7Q\xd1\x00|\x04\xf8{\x08\
\x19\xcb\xc0M\xe4{\x09\xdeJ\x1f\xe0>\x825h\x07\
p304\x05y\x0f\x07\xe6\x05\x94\xb7\x0c\xfc\x02\xe8\
\x95\x82\xbc5M\x13\xf0\x17\x825\xe4\x13\xd4\xc6\x14\xe9\
$\xe0\x15\x82\xc9~k*\x92\xd6(%\xc4v\x1f\xa4\
\xbb\xff2\xb5\xd5\x95\xf6G\xde\xec J\x10\xc4\xf8\x95\
i.\xc2\xbd\xd1^\x22\xdc[\xdf\x80|p\x9e\x05|\
\xb5\xeb\xbf;W+\xb8\x0fg\x22\xf3w\xd7\xe1\xeb\xf8\
\x18d\xa8+\x8eE\x1a\xc2\xb5\xcb\xdf=@\xd9}\x80\
\xa9\xc8\x8c\xc3\xcf\xc9\xe2u\xe0\xc8(*\xe1a\x1c\xee\
+\x91o\x01Cb\x90\xa1.\xd8\x03X\x8b[C\xcd\
\xc3}z4\x08Y\xa9s\x99\xbf\xbf\x81,\xcaD\xcd\
\x07\x90=\x06.u\xbb\x8f\xda\x1a\xce\x12\xe3\xb7\xb85\
\xd0\x83\xc8\xdb\xac\xb1\x13b2\xde\xe8Xn%\x9d\x1f\
Q}\xbc\xec\x81\xbb\x12\x9c\x13\x93\x0c5\xcb\xf1\xb85\
\xcc\xd3@\xb3Cy\xc7\x00/;\x96\xe9M\xd7GT\
'?\xf6\xc1m8\xd8\x80X sA\x1f\xdc\x1e\xd6\
\xab\xe8\x8d\xd2\x0by\x80\xd58\x82\xc4\xd5\x03T\x18\x87\
\xdb\x87\xe1\x8fb\x96\xa3f8\x0f\xbd1:\x80\xc9J\
9\xcd\x88\x1f]\xd8\x07_I\xc3\x22\xab\x99\x99\xb3\x1c\
\xe4hC\x96\xbc3M\x1f\xc4\xbbUk\x8c+\x95r\
v\x01\x1ew(GKOEV3\x9d_9\xc8s\
g\x82\xf2\xa4\xc2\xe7\xd1\x1b\xe19\xa0\xb7\xa5\x8c~\xc8\
\x83\xab\xf6\xe1\x97\x91\x05\x9e\xa4hF\xff\x1e\xd8J\xf5\
~\x865\xcdR\xf4\x87\xf2!K\xfe\x06\xc2-\x16\x99\
\xd2g\xa2\xac\x9c\x03\xd3\x1cd\xfaN\xc22%\xc6\xe1\
\xe8\x95\xff\xbdR\xc6\x95\x0eeT\xd2r\xcc\xbbl*\
)\x0d\x8f\x1bm%q-\xb2*\x9a9n\xc1^\xf1\
N\xec{\x07'\xe1f5\xec\xec\xbaW3\xf0\x1f\xe5\
\xb7\xd5\xba\xa4\x87\xe1HE\xa64z\xa6\xd8\xe9\x8b\xee\
\x17x\xbf%\x7f\x13nF\x95v\xe0\xec\x1e\xf9\xb4\xfd\
\x09i(\x00\xe8^\xcd\xf7\xa6$Wl\x1c\x87\xfe\xf0\
\x8e\xb5\xe4\xff\x8aC\xfe6di\xb6's\x95<S\
\xab\xaeY8>\xaa\xc8\xf5.\xb0cJ\xb2\xc5\xc2\xb5\
\xd8+\xbc\x02s\xbc\xa2\xfe\xe8cy\x198\xd7'\xaf\
6\xec\x5c\x5cu\xcd\xc2\xd1\x0bX\xa9\xc8\xe6U\xe6X\
H*H\x94\xe6\xe1z'2v\xfb1\x03}\xe7\xd0\
-\xf8;YhA\x9f&+\xd7\xe3b+\xb2\x16b\
\xe3\xc4$\x04I\x82\x01\xc8\xd8l\xd3v\xd3v\xf1\x12\
\xb2K\xd7\x96w%\xe6\xf5\x82\xc3\x94\xbc\xef`\xf7\xdd\
\x8f\x93\x09\x8al\x99\x09Ys\x14\xf6\x8an\xc0\xec#\
\xe7\xf2\xc5\xfc)\xcb\xbd\x9b\xd0\xed\xf0~CG\x124\
 \xcb\xd1&\xb9:\x91-\xec\xb1\x0b\x117Z\x9c\x9b\
G\x91.\xd1\x8fO(y_\x01~g\xb9\xde\x06\xfc\
M)c6\xe98iV6\x96\x9a(\xd1}\xa6Q\
l$\xa1\x00Z\x80\xa8G,\xd7l3\x03\x10\x8f`\
\x93\xf2T\xb8C\xb9>\x0a\xf8\xa2\xf2\x9b\xb8xX\xb9\
\xfe\xc1D\xa4\x88\x99{\xb0w\xc1\xa6\xb7|\x88\x92\xaf\
\x0c\xbc\xdf\xe1\xfe\xbd\xd1\xbf#6\x91ND\xae\xa3\x15\
\xb9n\x8f[\x80$z\x00-\xaa\x85\xe9cg\xbc\x92\
\xaf\x15\x19\x024:\x80\xef+\xbf\xd9\x091\xbe\x04\xf1\
9\x8c\x02m\x96\x92\xea\xf2\xf0\xb9\x88)\xd5\xb6+\xb7\
\x1d\xa9\xc4l\xcc~m\x9a\xcf\xbc\xc9'\xefB%\xdf\
/\x03\xd4eG\xf4^\xa0\x8c\xac2\xee\x19\xa0\xdcj\
)awa{\xcd\x90\xaf\x01q\x8d\x7f\x01\xfb\x0c\xab\
\x0dY]5\xed\xbf42\xdbR\xa8)\x99\xf6\xbei\
F\x1c\xd3\x07\xd8\x8dJ\xbe\xcb\x02\xd6i\xaac=^\
%Y\x13\xf12\x8b,\x1d\xf8\xb7\xcfu\x96<\xa6\xe4\
\xfc\x9d\xd3\x1f\x09L\x10\xf4\x06[\xf0wq\xd64\xd4\
\xc4\xaf\x95\xfbMw\xadP\x0f\xfe\xe0X\x97\x0eD\x01\
\xe3\xd8;\xe0\xe59E\x16o\x9b\xeeE\xb8\xb08o\
\xe3\xe3Y\xed\xf7\x0d0\x067GL/Ml\xff\xe6\
\xf4\xc5\xee\xdc\xb1\xc5rM\x93!Ll\xffs\x10\x7f\
D\x8d^\xc8!\x92\xcb\x91\xed\xe5\x07\xa3\x7f/M@\
\xd6\xf2\xff\x874\xf8Jd\xf9\xbaQ\xc9\xb7A\xb9\xee\
U\x80\x83\xd96\xbc\x9d+\xcd\xf8\xc4\x19\xb2=\x9c0\
\x94=\xff\xaf5\x9am\xfe\xad\xc5\xe5\x0b\xb3f\xbe\x1e\
8\x05\x99~\xb9\xbc\xdd\xfd\x11\xa7\xd1\xf3\x91\xa1l\x01\
\xf2M\xb3\xa6\xeb\xfeM\xc8\x8e\xa3\xf1l\xef\xc0\xba'\
2L\xed\x0f|\xdcr\x0f\xeda\x86y\xd8U\xd1\x8f\
pC\xc0{l\xff\x01\xd5\x80\xee\xb1kRBm\x08\
\x98]E\x1d'!f\xe0\xa0u\x0c\x9bl^N\xda\
\xa2\x90\xf7\xad\x1dJ\xb8!`=>\x012\xfc\xde\xd0\
M\x04\xff\xc0\x02\xe9\xfeVy\xfe\xd6\x89D\xf9\xb0\xd1\
\xdf\xf0\xf77\x95|{\xb9\x08e`>\xb2\x97\xe0\x8d\
*\xca\x08\xc2d\xc3\xdf{#\x1bHll\xf4\xfc\xff\
k\xc0\xf7B\xc8\xf0\x0dD\xe9\x9d9\x1bX\x84]\xdb\
\xda\x91x;\xb30O\x03W[\xf2\x971\x1bsl\
\x87<\x97\x81\xbb\x82T\xc6\xc0~\xe8\x1faQ\xa4+\
\x0c\xf7\x1f\xea\x90\xd7o%\xb4\x84\x84\x99[\x8a\xfd#\
{\x0b\x12\xffhz\x806\x89\x9c'\xb0Wp\x8a!\
\x9f\xe64\xb18\x22\xf9\xfa\x22\x91;\xe2\x8c2j\xb2\
vNQ\xf2m&fc]\x12\x96\xc0e\xcau\x93\
\x09\xb6\xa28&F\x13\x8d\x0b\xf5fd\xaf\xfe\xa1\xc8\
\xc2T\x1c,4\xfc]\xb3\xf5\xb7b\xf6\x93\x88\x84$\
\x14\xe0e\xe5\xbaI\x01\xd6\xa2G\xc6>%\xb88F\
\x1e\x07\x8e@\xf6-V\x5c\xc9\xa2`\x15b\xb1\xf3C\
S\x80\xd8O1KB\x01\x96(\xd7m6\x7f\x9b\xa3\
(\x88\x893\xca\xa5\xdc20\x07\x09e?\x1cq\x19\
\x9b\x8f\xccp\xc2bS&-\x1c\x5c&\x8e\xb1\x1b\x8d\
>\xce\x99\xe6\xf4.\x0e!g\xc6({\x85F\xc4\x00\
s\x06b\x83\xbf\xae+-p\x90\xefdC\x99C\xd1\
\xbf;\xd2rZ\x8d\x94\x06t\xbb\x82\xc9g\xb0\x01\x89\
\xe0i\xcb\xfb\x22n\x01 \xa3f(\xfa:\xc7*\xcc\
v\x8e\x19J\xde\xadd\xc4#\xa8\x13\x19_m\x1cg\
\xc9{\x93\x92w\x18\xc9o\xad.\x01?EwV\xfd\
\x19f\x93\xb5\xe6\xf4\xb9\x10Q\xb0L\xa0\x85F_\x8e\
Y\x19\x9b\xb1\xfb\xceUR\x92\xbe}\x17;\xc8\xb3\x11\
\x89\x8c\xea\xc7\xce\x88\xef\xbf-\xffw\xe3\x13?y\xf6\
Eo0\x9b\xfb\x97Kl\xfd\x0e\xe0\xb3\xf1\x88\xbf\x0d\
3q\xb3\x19\x5cm)C3r\x95\x91\xbd\x94\x99B\
\xdb\xa7g\xf3\xddk\xc2mgq'\xf2v\xc6\x15t\
i&\xdb\x07w\xf6K\xcb\xb0\xef\xecY\xac\xe4o%\
\x83\x81\xa3.E\x7f\x83m\x0e\xa4\x87\xe2\x1eRn.\
\xd5\xad\x15xiF\xfc\xf3\x5c\xee\xdd\x89=\xfe\x9f\xe6\
\x07X\xc6~~B\xdd2\x18\xfd\xd0\x87\xdb\x942\xae\
P\xf2\xf7L\xeb\x90E\xadj\x9c:z\x01\x9fF\xfc\
\x16]\xefk\xf3?,!\xd6F[\xfe\xad$\x13\xb6\
&\x15\xeeB\xef\x05\xc6Y\xf27\x00\x7fR\xca\xf0\xa6\
\xf5\xc0\x0d\xc8\x12\xb0\xeb\xacg\x08\xd2\xdd\xff7\xe0\xbd\
\x1e\xc2\xbe~\xef\xe2\x96\xa6\xc5H\x88\x94\xa4\xc7\x99)\
\xd87C\x80\x18W\x8e\xc0\xec\xef\xdf\x0f\xe9\xe2\x0f\x0b\
q\xff\xd5\xc0c\x88ur)\xb2ZV\x99\xa6\x0dC\
>V'\x22&\xda\xa0m\xb3\x18Q\xb2\xf5\x86\xeb;\
 \xab\xab\xb6a\xae\x8cl\x06Y\x14\xf0\xdeu\xc5C\
\xe8o\xc1,\xa5\x8c\x01\xb8Y\xe1\x92J\x8b\xd0\x0f\xa8\
\xb8\xde\xa1\x9c{\x9422\xc1$\xf4\x86x\x17}[\
T?\xf4M'I\xa4\x87\xd1-v\x93\xd0g\x0f\xed\
\xe8{!2\xc3\xfd\xe8\x0d\xfb2fCJ\x85^\x88\
;\xba\xeb\xec \xeat#\xba\xd3\xe7`\xdc\xce\x13\xf8\
\x81RN\xa6\x18\x8en\x09+#\xe7\xf5\xbal\xdf>\
\x0a}\xcd \xca\xb4\x1c9:F\xa3/nC\x95m\
\x8b{f\xb9\x04\xb7\xc6\x9e\x8b\x9b\x07\xf0\x0e\xc8\x81T\
A\x83E\x07I\xef \x16>\x97\x87\xd5\x88\xfbA\x97\
\xa7;\x94\x979\x1a\x91\x05\x0f\x97\x06\x9a\x83{\xb8\xf8\
\x81\x88\x03d\xb5\xc7\xbd\xf5Lk\x91\xa1\xc6u\xdbX\
\x1f\xdc\xe3\x19\xde\xe2Xf&\x19\x81\xfb\xf9\xc2\x8b\x80\
\xf7\x05(\xbb\x118\x0190\x22\x8c2\xbc\x89X\xff\
\xa6\x12,\x8aH\x90\x18\xc6\x0bI9&`-\xd8\x9b\
O\x05\xee\xc6M\x965\x88\x03\xc8\xdc\x10\xf7\x19\x8d8\
u\x8cD\x0et\xd8\x0dqI/!\xae\xf0o 6\
\xfcVd\xf9\xbab\xaf\x0f\xc2X\xc4\xd8\xa5\xc5D\x00\
Q\xfc\x16\xcc\xeeb\xb9\xe2j\xdc\xdf\xccN$0D\
-\x85Qk@,\x87\xae\x9bM6\x13\xcfq5u\
K\x09=\xa4\x9b7-Cb\xef\xa6\xdd\x8b\x8dE\xa2\
\x9c\xb8\xca\xdd\x81\xf4z\x05\x1e\x1a\x90\xf1:\xe8X\xbd\
\x00\xd9C\x90\xb4\x22\x0cGb\x14h\x11\xd0\xbc\x0f\x7f\
z\xc2r\xd6\x15\xbd\x09\xa7\x04e\xc4\xbe?\x83x\xb7\
t\x97\x90}~\xb7\x13\xec\xc1W\xba\xfd\xdc\xbf\xf9C\
\x90\x83\xa1\xe7\x22V4\xbf@\x0c%d=<\xecN\
\x9d\xf7\x10\x13\xf1\x99Ds\xa4lod\xbc\xbe\x86\xf0\
\xc6\xa6u\x98\xc7\xfc\x83\x90\xbd~\xf7v\xdd#\xb3g\
\x07\xf9\x1d\x1f\xdf\x0e|\xc1\xf0\xfbiTw||%\
\xbd\x80t\xd5\x17!\x8e\x98\xfb#\x1b2\xbdK\xc3}\
\x80\xbd\x11\xc7\x93i\x88\xa2>\x80\xfb4\xd5\x94\x16b\
\x9e\x15\x9c\xcb\xf6>\x12k\xa8\x8d#q#\xa5\x05s\
C\xb6c\xde 1\x86\xe8N\x07\xf1Ko\xa1;\xa9\
T\x93~\x82y\x9e\x7f\xa0\xe5\xde\x95)b&\xb0=\
\xfcJ\xba\xc1\x92\xbf\x11\xb8\x8a\xe0cn\x9ai%\xba\
yW[\x1e\xce\x84\x12\xb8<\xfc2z4O\x90\xa5\
\xd29\x0ee\xa5\x99\xda\x91U=\x97\xb5\x02\x97\xa5\xec\
\xbaV\x02\xd7\x87_\x06\xbe\x19\xa0\xdc\xa3\x89\xe6\xc4\xb0\
(S'\xf2@\x83\xac\xe7\xbb\x1a\xbf\xeaR\x09F\xe2\
\xfe\xf0W\xa3{\xd3x)!\x1b8\xef&\xdd\xa1a\
+\xe2\xc3\x17\xc6\x91c\x10\xeek\x14\xebq3/\xd7\
\x0c\x0f\xe2V\xb1uT\x1f\x93o(\xe2\xfd\xebzN\
o\x14\xa9\x15\x99\xaaV\xeb\xbd;\x11\xf7\x17e^\x95\
\xf7J\x8c\xfe\xb8m\x9e\x88\xe2\xe1{\xd9\x17\x09\xf60\
\x87h\xa6\x90=\xdf\xf4\xa7\x90\xedZ\x87\x13\xad\xd5\xd1\
U\x09:\x88a\x13l\x1c\xe6\xd3]\xd1\x03<mD\
6\x84>\x16\xc3\xfd+4\x22s\xfeqH\x17=\x1e\
yc\x07a\xf7-x\x0f\xb1\x1dT\xd2S\x88gR\
\x9c\x1b5[\x10\x9b\xc3\x00\xe5w;#;\xadk\x1e\
\xdb6\xb0w0\xc7\x05J\x8a\xbe\x88oA\x0b\xf2F\
\x8fE\x96\x88w!\xb9ct\xbch\x1f\xcd\xcf\xa6$\
W(N\xc4\x7f\x18x\x93t\x0ek\xac\x17LJ\xd0\
\x81}\xbbYMr\x0a\xd2\x85\x96\x91i\xd2_q\x8b\
\xef\x9fw\xc6\x00\xff\xa2\xfb\xe1?OB'\x88\xc5\xc5\
\xee$\x10\xe9\x22\x83\xecJ\x02\xe7\x17\xa4\xedL\x91&\
#\xe86\xb0,\xa0p\xcd\xca\x0d\xbd\xe9>k\xa8\xe7\
4\xeff\xa2\x0f\x9e]P\x83\xd8\xe2\x14\x5c\x9a\xa2\x5c\
\x05\x09\xd1\x8a\xdd\xc2W\x90qlk\x07\xda\x19\x05\x99\
#\x8f\x1f\x81e\xe5z\xae\xda$-\xabWA\x8dP\
(@\xce)\x14 \xe7\x14\x0a\x90s\x0a\x05\xc89y\
T\x00\xdbT\xcfv\x90e&\xc9\xa3\x02\xd8\x0e\xb0\x88\
\xea\x1c\xa2\x82\x1a\xe6\x93\x98\x0dA'\xa4(WA\x82\
\xccd\xdbXB\x1bI6\xdc|\xcd\x90+\xab\x97\x87\
\x81t\x87d\xff7\xba\x1fcAAAAAAA\
Af\xf8?;\xde!\xc97\x95t\xf1\x00\x00\x00\x00\
IEND\xaeB`\x82\
\x00\x00\xbb\xd8\
\x89\
PNG\x0d\x0a\x1a\x0a\x00\x00\x00\x0dIHDR\x00\
\x00\x03\xfe\x00\x00\x03\xfc\x08\x06\x00\x00\x00\xffTe\xc6\
\x00\x00\x0a\xdciCCPICC Prof\
ile\x00\x00H\x89\x95\x97\x07TS\xd9\x16\x86\xcf\
\xbd\xe9!\xa1\x05\x22\x9dPC\x97N\x00)\xa1\x87\x22\
H\x07Q\x09I \xa1\xc4\x90\x10T\xc4\x86\x0c\x8e\xe0\
X\x10\x11\xc12\xa2\xa3\x22\x0a\x0e\x8e\x80\x8c\x05\xb1`\
\x1b\x14\x0bv'\xc8 \xa0\x8e\x83\x05\x1bj\xe6\x06\x1e\
af\xdez\xef\xad\xb7\xd7:9\xdf\xda\xd9g\x9f\xbd\
\xcf\xbdg\xad\xff\x02@\x0ec\x8bD\xb9\xb0:\x00y\
\xc2\x02qlh\x00-9%\x95\x86\x1b\x06\x10\xc0\x02\
\x0a@\x03o6G\x22b\xc6\xc4D\x02\xc4\xa6\xe6\xbf\
\xdb\xbb>$\x1a\xb1\x9b\xf6\x8a\x5c\xff\xfe\xff\x7f5M\
.O\xc2\x01\x00JC8\x83+\xe1\xe4!\xdc\x89\x8c\
g\x1c\x91\xb8\x00\x00\xd4!\xc4o\xb6\xa8@\xa4\xe0\xeb\
\x08k\x89\x91\x02\x11\xfeM\xc1Y\x93\xfcA\xc1\x19\x13\
\x8c&M\xc4\xc4\xc7\x06\x22L\x03\x00Ob\xb3\xc5Y\
\x00\x90\xec\x10?\xad\x90\x93\x85\xe4!)zp\x14r\
\x05B\x84\x8b\x11\xf6\xe5\xf0\xd9\x5c\x84O l\x97\x97\
\xb7P\xc1\xc3\x08[!\xf1\x22\x00\xc8\xc8\xe9\x00F\xc6\
_rf\xfd-\x7f\x862?\x9b\x9d\xa5\xe4\xc9\xbe&\
\x0c\x1f$\x90\x88r\xd9K\xfe\xcf\xa3\xf9\xdf\x96\x97+\
\x9d\xda\xc3\x12\x19$\xbe8,V\xb1\x1fr~ws\
\x16F(Y\x981;z\x8a\x05\xdc\xc9\x9a\x14\xcc\x97\
\x86%L1G\x12\x98:\xc5\x5cvP\x84rm\xee\
\xec\xc8)\xce\x14\x84\xb0\x94y\x0aX\xf1S\xcc\x93\x04\
\xc7M\xb1xa\xacr\xafLq s\x8a\xd9\xe2\x89\
}\x89\x08\xcb\xa49\x09J?\x9f\xc7R\xe6/\xe2\xc7\
'Mq\xa1 q\xf6\x14Kr\xe2\x22\xa6c\x02\x95\
~\xb14VY?O\x18\x1a0\xbdo\x88\xb2\xf7<\
\xc9_\xfa\x15\xb0\x94k\x0b\xf8\xf1a\xca\xde\xd9\xd3\xf5\
\xf3\x84\xcc\xe9\x9c\x92dem\x5c^P\xf0tL\x82\
2^T\x10\xa0\xdcK\x94\x1b\xa3\x8c\xe7\xe5\x86*\xfd\
\x92\xc28\xe5\xda\x02\xe4\xe5\x9c^\x1b\xa3<\xc3lv\
x\xcc\x14\x03\x01\x88\x02l\xc0\xa1\xa9M\x11\x00\x05\xbc\
\xc5\x05\x8aF\x02\x17\x8a\x96\x88\x05Y\xfc\x02\x1a\x13\xb9\
m<\x1aK\xc8q\xb0\xa39;:\xbb\x02\xa0\xb8\xbb\
\x93\xaf\xc3\x1b\xea\xc4\x9d\x84\xa8\x97\xa7}k\x90\xbb\xe1\
\x17#\x97\xcb;\xa6}a\xc8y\xb7 \xb5\x11[\xa6\
}t\xe4\xc4Ts\x00\xb8x\x86#\x15\x17N\xfa\xd0\
\x8a\x1f\x0c\xf2\xf4\xd4\x80\x16\xd0\x05F\xc0\x0cX\x01{\
\xe0\x0c\xdc\x817\xf0\x07\xc1 \x1cD\x83x\x90\x02\xe6\
#\xb5\xf2A\x1e\x10\x83E\xa0\x18\xac\x02e\xa0\x02l\
\x04[@-\xd8\x05\xf6\x80\x03\xe00h\x01m\xe0\x04\
8\x03.\x80+\xe0:\xb8\x0d\x1e\x00\x19\x18\x04\xcf\xc1\
(x\x07\xc6!\x08\xc2Ad\x88\x02\xe9B\xc6\x90\x05\
d\x0b9C\x0c\xc8\x17\x0a\x86\x22\xa1X(\x05J\x87\
\xb2 !$\x85\x8a\xa1\xd5P\x05T\x09\xd5B\xbb\xa1\
\x06\xe8G\xe88t\x06\xba\x04\xf5B\xf7\xa0~h\x04\
z\x0d}\x82Q0\x09\xd6\x82\x0daKx&\xcc\x80\
\x99p\x04\x1c\x0f\xcf\x83\xb3\xe0|\xb8\x08.\x85\xd7\xc3\
5p=|\x08n\x85\xcf\xc0W\xe0\xdb\xb0\x0c~\x0e\
\x8f\xa1\x00J\x05EE\x99\xa0\xecQ\x0cT *\x1a\
\x95\x8a\xcaD\x89Q\xcbQ\xe5\xa8jT=\xaa\x09\xd5\
\x81\xeaF\xddD\xc9P/P\x1f\xd1X4\x05MC\
\xdb\xa3\xbd\xd1a\xe8\x044\x07\x9d\x8f^\x8e^\x87\xae\
E\x1f@\xb7\xa2\xcf\xa1o\xa2\xfb\xd1\xa3\xe8\xaf\x182\
\xc6\x00c\x8b\xf1\xc2\xb00\xc9\x98,\xcc\x22L\x19\xa6\
\x1a\xb3\x0fs\x0cs\x1es\x1b3\x88y\x87\xc5b\xa9\
X:\xd6\x03\x1b\x86M\xc1fc\x97b\xd7aw`\
\x9b\xb1\x9d\xd8^\xec\x00v\x0c\x87\xc3\xe9\xe2lq>\
\xb8h\x1c\x1bW\x80+\xc3m\xc3\x1d\xc2\x9d\xc6\xdd\xc0\
\x0d\xe2>\xe0U\xf0\xc6xg|\x08>\x15/\xc4\x97\
\xe0\xab\xf1\x07\xf1\xa7\xf07\xf0C\xf8q\x82:\xc1\x82\
\xe0E\x88&p\x09K\x08\x1b\x08{\x09\x1d\x84k\x84\
A\xc28Q\x83H'\xfa\x10\xe3\x89\xd9\xc4U\xc4\x1a\
b\x13\xf1<\xf1!\xf1\x8d\x8a\x8a\x8a\xa9\x8a\xa7\xca\x1c\
\x15\x81\xcaJ\x95\x1a\x95#*\x17U\xfaU>\x924\
I6\xa4@R\x1aIJZO\xdaO\xea$\xdd#\
\xbd!\x93\xc9\x96d\x7fr*\xb9\x80\xbc\x9e\xdc@>\
K~L\xfe\xa0JQuPe\xa9rUW\xa8\xd6\
\xa9\xb6\xaa\xdeP}\xa9FP\xb3Pc\xaa\xcdW+\
R\xabV;\xaavM\xed\x85:A\xddR=P\x9d\
\xad\xbe\x5c\xbdN\xfd\xb8\xfa\x1d\xf51\x0d\x8a\x86\x93F\
\xb4F\x9e\xc6:\x8d\x83\x1a\x974\x865q\x9a\x96\x9a\
\xc1\x9a\x5c\xcdR\xcd=\x9ag5\x07((\x8a\x19%\
\x90\xc2\xa1\xac\xa6\xec\xa5\x9c\xa7\x0cja\xb5\xe8Z,\
\xadl\xad\x0a\xad\xc3Z=Z\xa3\xda\x9a\xda\xae\xda\x89\
\xda\x8b\xb5\xeb\xb4Oj\xcb\xa8(\xaa%\x95E\xcd\xa5\
n\xa0\xb6P\xfb\xa8\x9ff\x18\xce`\xce\xe0\xcdX;\
\xa3i\xc6\x8d\x19\xefu\xf4u\xfcux:\xe5:\xcd\
:\xb7u>\xe9\xd2t\x83ust7\xe9\xb6\xe9>\
\xd2C\xeb\xd9\xe8\xcd\xd1[\xa4\xb7S\xef\xbc\xde\x0b}\
-}o}\x8e~\xb9~\x8b\xfe}\x03\xd8\xc0\xc6 \
\xd6`\xa9\xc1\x1e\x83\xab\x06c\x86F\x86\xa1\x86\x22\xc3\
m\x86g\x0d_\x18Q\x8d\xfc\x8d\xb2\x8d\xaa\x8cN\x19\
\x8d\x18S\x8c}\x8d\x05\xc6U\xc6\xa7\x8d\x9f\xd1\xb4i\
LZ.\xad\x86v\x8e6jb`\x12f\x225\xd9\
m\xd2c2nJ7M0-1m6}dF\
4c\x98e\x9aU\x99u\x99\x8d\x9a\x1b\x9bG\x99\x17\
\x9b7\x9a\xdf\xb7 X0,\xf8\x16[-\xba-\xde\
[\xd2-\x93,\xd7X\xb6Y\x0e\xd3u\xe8,z\x11\
\xbd\x91\xfe\xd0\x8al\xe5g\x95oUou\xcb\x1ak\
\xcd\xb0\xce\xb1\xdea}\xdd\x06\xb6q\xb3\xe1\xdb\xd4\xd9\
\x5c\xb3\x85m\xddm\x05\xb6;l{\xed0v\x9ev\
B\xbbz\xbb;\xf6${\xa6}\xa1}\xa3}\xbf\x03\
\xd5!\xd2\xa1\xc4\xa1\xcd\xe1\xe5L\xf3\x99\xa937\xcd\
\xec\x9e\xf9\xd5\xd1\xcd1\xd7q\xaf\xe3\x03'M\xa7p\
\xa7\x12\xa7\x0e\xa7\xd7\xce6\xce\x1c\xe7:\xe7[.d\
\x97\x10\x97\x15.\xed.\xaf\x5cm]y\xae;]\xef\
\xbaQ\xdc\xa2\xdc\xd6\xb8u\xb9}q\xf7p\x17\xbb7\
\xb9\x8fx\x98{\xa4{l\xf7\xb8\xc3\xd0b\xc40\xd6\
1.zb<\x03<Wx\x9e\xf0\xfc\xe8\xe5\xeeU\
\xe0\xd5\xe2\xf5\x87\xb7\xbdw\x8e\xf7A\xef\xe1Y\xf4Y\
\xbcY{g\x0d\xf8\x98\xfa\xb0}v\xfb\xc8|i\xbe\
\xe9\xbe\xdf\xfb\xca\xfcL\xfc\xd8~\xf5~O\xfc\xcd\xfc\
\xb9\xfe\xfb\xfc\x87\x98\xd6\xccl\xe6!\xe6\xcb\x00\xc7\x00\
q\xc0\xb1\x80\xf7\x81^\x81\xcb\x02;\x83PA\xa1A\
\xe5A=\xc1\x9a\xc1\x09\xc1\xb5\xc1\x8fCLC\xb2B\
\x1aCFC\xddB\x97\x86v\x86a\xc2\x22\xc26\x85\
\xdda\x19\xb28\xac\x06\xd6h\xb8G\xf8\xb2\xf0s\x11\
\xa4\x88\xb8\x88\xda\x88'\x916\x91\xe2\xc8\x8e(8*\
<js\xd4\xc3\xd9\x16\xb3\x85\xb3\xdb\xa2A4+z\
s\xf4\xa3\x18zL~\xcc\xcfs\xb0sb\xe6\xd4\xcd\
y\x1a\xeb\x14[\x1c\xdb\x1dG\x89[\x10w0\xee]\
|@\xfc\x86\xf8\x07\x09V\x09\xd2\x84\xaeD\xb5\xc4\xb4\
\xc4\x86\xc4\xf7IAI\x95I\xb2\xe4\x99\xc9\xcb\x92\xaf\
\xa4\xe8\xa5\x08R\xdaSq\xa9\x89\xa9\xfbR\xc7\xe6\x06\
\xcf\xdd2w0\xcd-\xad,\xado\x1e}\xde\xe2y\
\x97\xe6\xeb\xcd\xcf\x9d\x7fr\x81\xda\x02\xf6\x82\xa3\xe9\x98\
\xf4\xa4\xf4\x83\xe9\x9f\xd9\xd1\xecz\xf6X\x06+c{\
\xc6('\x90\xb3\x95\xf3\x9c\xeb\xcf\xad\xe2\x8e\xf0|x\
\x95\xbc\xa1L\x9f\xcc\xca\xcc\xe1,\x9f\xac\xcdY#|\
?~5\xff\x85 PP+x\x95\x1d\x96\xbd+\xfb\
}Nt\xce\xfe\x1cynRns\x1e>/=\xef\
\xb8PS\x98#<\xb7\xd0h\xe1\xe2\x85\xbd\x22[Q\
\x99H\x96\xef\x95\xbf%\x7fT\x1c!\xde'\x81$\xf3\
$\xed\x05Z\x88H\xba*\xb5\x92~#\xed/\xf4-\
\xac+\xfc\xb0(q\xd1\xd1\xc5\x1a\x8b\x85\x8b\xaf.\xb1\
Y\xb2v\xc9PQH\xd1\x0fK\xd1K9K\xbb\x8a\
M\x8aW\x15\xf7/c.\xdb\xbd\x1cZ\x9e\xb1\xbck\
\x85\xd9\x8a\xd2\x15\x83+CW\x1eXE\x5c\x95\xb3\xea\
\x97\x12\xc7\x92\xca\x92\xb7\xab\x93Vw\x94\x1a\x96\xae,\
\x1d\xf8&\xf4\x9b\xc62\xd52q\xd9\x9d5\xdekv\
}\x8b\xfeV\xf0m\xcfZ\x97\xb5\xdb\xd6~-\xe7\x96\
_\xaep\xac\xa8\xae\xf8\xbc\x8e\xb3\xee\xf2wN\xdf\xd5\
|'_\x9f\xb9\xbeg\x83\xfb\x86\x9d\x1b\xb1\x1b\x85\x1b\
\xfb6\xf9m:P\xa9QYT9\xb09jsk\
\x15\xad\xaa\xbc\xea\xed\x96\x05[.U\xbbV\xef\xdaJ\
\xdc*\xdd*\xab\x89\xaci\xdff\xbem\xe3\xb6\xcf\xb5\
\xfc\xda\xdbu\x01u\xcd\xdb\x0d\xb6\xaf\xdd\xfe~\x07w\
\xc7\x8d\x9d\xfe;\x9bv\x19\xee\xaa\xd8\xf5\xe9{\xc1\xf7\
ww\x87\xeen\xad\xb7\xac\xaf\xde\x83\xddS\xb8\xe7\xe9\
\xde\xc4\xbd\xdd?0~h\xd8\xa7\xb7\xafb\xdf\x97\xfd\
\xc2\xfd\xb2\x03\xb1\x07\xce5x44\x1c48\xb8\xa1\
\x11n\x946\x8e\x1cJ;t\xfdp\xd0\xe1\xf6&\xfb\
\xa6\xdd\xcd\xd4\xe6\x8a#\xe0\x88\xf4\xc8\xb3\x1f\xd3\x7f\xec\
k\x89h\xe9:\xca8\xda\xf4\x93\xc5O\xdb\x8fQ\x8e\
\x95\xb7B\xadKZG\xdb\xf8m\xb2\xf6\x94\xf6\xde\xe3\
\xe1\xc7\xbb:\xbc;\x8e\xfd\xec\xf0\xf3\xfe\x13&'\xea\
Nj\x9f\xdcp\x8ax\xaa\xf4\x94\xfct\xd1\xe9\xb1N\
Q\xe7\x8b3Yg\x06\xba\x16t=8\x9b|\xf6\xd6\
\xb99\xe7z\xceG\x9c\xbfx!\xe4\xc2\xd9nf\xf7\
\xe9\x8b>\x17O\x5c\xf2\xbat\xfc2\xe3r\xdb\x15\xf7\
+\xadW\xdd\xae\x1e\xfb\xc5\xed\x97c=\xee=\xad\xd7\
<\xae\xb5_\xf7\xbc\xde\xd1;\xab\xf7\xd4\x0d\xbf\x1bg\
n\x06\xdd\xbcp\x8bu\xeb\xca\xed\xd9\xb7{\xfb\x12\xfa\
\xee\xdeI\xbb#\xbb\xcb\xbd;|/\xf7\xde\xab\xfb\x85\
\xf7\xc7\x1f\xac|\x88yX\xfeH\xfdQ\xf5c\x83\xc7\
\xf5\xbfZ\xff\xda,s\x97\x9d\xec\x0f\xea\xbf\xfa$\xee\
\xc9\x83\x01\xce\xc0\xf3\xdf$\xbf}\x1e,}J~Z\
=d<\xd40\xec<|b$d\xe4\xfa\xb3\xb9\xcf\
\x06\x9f\x8b\x9e\x8f\xbf(\xfb]\xe3\xf7\xed/\xad^\xfe\
\xf4\x87\xff\x1fWG\x93G\x07_\x89_\xc9_\xaf{\
\xa3\xfbf\xff[\xd7\xb7]c1c\x8f\xdf\xe5\xbd\x1b\
\x7f_\xfeA\xf7\xc3\x81\x8f\x8c\x8f\xdd\x9f\x92>\x0d\x8d\
/\xfa\x8c\xfb\x5c\xf3\xc5\xfaK\xc7\xd7\x88\xaf\x0f\xe5y\
r\xb9\x88-fOH\x01\x142\xe0\xccL\x00^\xef\
G\xb4q\x0a\x00\x14D\x97\x13\xe7Nj\xeb\x09\x83&\
\xbf\x07&\x08\xfc'\x9e\xd4\xdf\x13\xe6\x0e@\x132)\
d\x11\xb3\x13\xd1#\xc8\xb0\xf4Gr\xaf\x04@!\x89\
\xe2\xfd\x01\xec\xe2\xa2\x1c\xff2I\xa6\x8b\xf3d.\x12\
\xa2,1\x1f\xe4\xf27\x86\x00\xe0:\x00\xf8\x22\x96\xcb\
\xc7w\xc8\xe5_\xf6\x22\xc5\xde\x03\xa03\x7fR\xd3+\
\x0c\x8bh\xf9&\xfa\xc7\x9c\x1dv}U\xe4\xb5\xe0\x1f\
6\xa9\xf7\xff\xd2\xe3?g\xa0\xa8\xc0\x15\xfcs\xfe\x13\
>\xa7\x1a\x8f\x9bI\xe5U\x00\x00\x00\x8aeXIf\
MM\x00*\x00\x00\x00\x08\x00\x04\x01\x1a\x00\x05\x00\x00\
\x00\x01\x00\x00\x00>\x01\x1b\x00\x05\x00\x00\x00\x01\x00\x00\
\x00F\x01(\x00\x03\x00\x00\x00\x01\x00\x02\x00\x00\x87i\
\x00\x04\x00\x00\x00\x01\x00\x00\x00N\x00\x00\x00\x00\x00\x00\
\x00\x90\x00\x00\x00\x01\x00\x00\x00\x90\x00\x00\x00\x01\x00\x03\
\x92\x86\x00\x07\x00\x00\x00\x12\x00\x00\x00x\xa0\x02\x00\x04\
\x00\x00\x00\x01\x00\x00\x03\xfe\xa0\x03\x00\x04\x00\x00\x00\x01\
\x00\x00\x03\xfc\x00\x00\x00\x00ASCII\x00\x00\x00\
Screenshot\xcc\xf9a\x08\x00\x00\
\x00\x09pHYs\x00\x00\x16%\x00\x00\x16%\x01I\
R$\xf0\x00\x00\x01\xd8iTXtXML:c\
om.adobe.xmp\x00\x00\x00\x00\
\x00<x:xmpmeta xmln\
s:x=\x22adobe:ns:me\
ta/\x22 x:xmptk=\x22XM\
P Core 6.0.0\x22>\x0a \
  <rdf:RDF xmlns\
:rdf=\x22http://www\
.w3.org/1999/02/\
22-rdf-syntax-ns\
#\x22>\x0a      <rdf:D\
escription rdf:a\
bout=\x22\x22\x0a        \
    xmlns:exif=\x22\
http://ns.adobe.\
com/exif/1.0/\x22>\x0a\
         <exif:P\
ixelYDimension>1\
020</exif:PixelY\
Dimension>\x0a     \
    <exif:PixelX\
Dimension>1022</\
exif:PixelXDimen\
sion>\x0a         <\
exif:UserComment\
>Screenshot</exi\
f:UserComment>\x0a \
     </rdf:Descr\
iption>\x0a   </rdf\
:RDF>\x0a</x:xmpmet\
a>\x0a\xc46b\xe8\x00\x00\x00\x1ciDOT\x00\
\x00\x00\x02\x00\x00\x00\x00\x00\x00\x01\xfe\x00\x00\x00(\x00\
\x00\x01\xfe\x00\x00\x01\xfe\x00\x00K\x89A\x04\x1f\x1c\x00\
\x00@\x00IDATx\x01\xec\xdd\x7f\xd0]u}\
'\xf0/tK\x085\x01\x0d\x8c1I\x05\xec\x0a\xa4\
\xbb\x0a\xb6\x86(u\xa9I\xe4\xc7P\x0a\x12\xd0\x19\xa7\
fmp\xb6;\x05eg\xe8LE\xb1\x8b:\x15\x8a\
3\xd6\x16\x0d\x9di\xa7\xfc\xb4n\xa7BBP\xb2@\
!a[\xcb\x8f\xc4\x16\x22;\x10\x91nhM\x82\x14\
\x83\xe6\x89B\x02\xd5g\xef}\x14I\xe0\xb9\xf7\x9cs\
\xcf9\xdf{\xce\xf7\xbc\x9e?\xca\x93{\xbe?\xce\xe7\
\xf5\xf9\xde\x9aw\xee}\xees\xc0\x91\xc7\xfc\xead\xf0\
E\x80\x00\x01\x02\x04\x08\x10 @\x80\x00\x01\x02\x04\x08\
$)p\x80\xe0\x9fd_\x15E\x80\x00\x01\x02\x04\x08\
\x10 @\x80\x00\x01\x02\x04\xa6\x04\x04\x7f\x07\x81\x00\x01\
\x02\x04\x08\x10 @\x80\x00\x01\x02\x04\x08$, \xf8\
'\xdc\x5c\xa5\x11 @\x80\x00\x01\x02\x04\x08\x10 @\
\x80\x00\x01\xc1\xdf\x19 @\x80\x00\x01\x02\x04\x08\x10 \
@\x80\x00\x01\x02\x09\x0b\x08\xfe\x097Wi\x04\x08\x10\
 @\x80\x00\x01\x02\x04\x08\x10 @@\xf0w\x06\x08\
\x10 @\x80\x00\x01\x02\x04\x08\x10 @\x80@\xc2\x02\
\x82\x7f\xc2\xcdU\x1a\x01\x02\x04\x08\x10 @\x80\x00\x01\
\x02\x04\x08\x10\x10\xfc\x9d\x01\x02\x04\x08\x10 @\x80\x00\
\x01\x02\x04\x08\x10 \x90\xb0\x80\xe0\x9fps\x95F\x80\
\x00\x01\x02\x04\x08\x10 @\x80\x00\x01\x02\x04\x04\x7fg\
\x80\x00\x01\x02\x04\x08\x10 @\x80\x00\x01\x02\x04\x08$\
, \xf8'\xdc\x5c\xa5\x11 @\x80\x00\x01\x02\x04\x08\
\x10 @\x80\x00\x01\xc1\xdf\x19 @\x80\x00\x01\x02\x04\
\x08\x10 @\x80\x00\x01\x02\x09\x0b\x08\xfe\x097Wi\
\x04\x08\x10 @\x80\x00\x01\x02\x04\x08\x10 @@\xf0\
w\x06\x08\x10 @\x80\x00\x01\x02\x04\x08\x10 @\x80\
@\xc2\x02\x82\x7f\xc2\xcdU\x1a\x01\x02\x04\x08\x10 @\
\x80\x00\x01\x02\x04\x08\x10\x10\xfc\x9d\x01\x02\x04\x08\x10 \
@\x80\x00\x01\x02\x04\x08\x10 \x90\xb0\x80\xe0\x9fps\
\x95F\x80\x00\x01\x02\x04\x08\x10 @\x80\x00\x01\x02\x04\
\x04\x7fg\x80\x00\x01\x02\x04\x08\x10 @\x80\x00\x01\x02\
\x04\x08$, \xf8'\xdc\x5c\xa5\x11 @\x80\x00\x01\
\x02\x04\x08\x10 @\x80\x00\x01\xc1\xdf\x19 @\x80\x00\
\x01\x02\x04\x08\x10 @\x80\x00\x01\x02\x09\x0b\x08\xfe\x09\
7Wi\x04\x08\x10 @\x80\x00\x01\x02\x04\x08\x10 \
@@\xf0w\x06\x08\x10 @\x80\x00\x01\x02\x04\x08\x10\
 @\x80@\xc2\x02\x82\x7f\xc2\xcdU\x1a\x01\x02\x04\x08\
\x10 @\x80\x00\x01\x02\x04\x08\x10\x10\xfc\x9d\x01\x02\x04\
\x08\x10 @\x80\x00\x01\x02\x04\x08\x10 \x90\xb0\x80\xe0\
\x9fps\x95F\x80\x00\x01\x02\x04\x08\x10 @\x80\x00\
\x01\x02\x04\x04\x7fg\x80\x00\x01\x02\x04\x08\x10 @\x80\
\x00\x01\x02\x04\x08$, \xf8'\xdc\x5c\xa5\x11 @\
\x80\x00\x01\x02\x04\x08\x10 @\x80\x00\x01\xc1\xdf\x19 \
@\x80\x00\x01\x02\x04\x08\x10 @\x80\x00\x01\x02\x09\x0b\
\x08\xfe\x097Wi\x04\x08\x10 @\x80\x00\x01\x02\x04\
\x08\x10 @@\xf0w\x06\x08\x10 @\x80\x00\x01\x02\
\x04\x08\x10 @\x80@\xc2\x02\x82\x7f\xc2\xcdU\x1a\x01\
\x02\x04\x08\x10 @\x80\x00\x01\x02\x04\x08\x10\x10\xfc\x9d\
\x01\x02\x04\x08\x10 @\x80\x00\x01\x02\x04\x08\x10 \x90\
\xb0\x80\xe0\x9fps\x95F\x80\x00\x01\x02\x04\x08\x10 \
@\x80\x00\x01\x02\x04\x04\x7fg\x80\x00\x01\x02\x04\x08\x10\
 @\x80\x00\x01\x02\x04\x08$, \xf8'\xdc\x5c\xa5\
\x11 @\x80\x00\x01\x02\x04\x08\x10 @\x80\x00\x01\xc1\
\xdf\x19 @\x80\x00\x01\x02\x04\x08\x10 @\x80\x00\x01\
\x02\x09\x0b\x08\xfe\x097Wi\x04\x08\x10 @\x80\x00\
\x01\x02\x04\x08\x10 @@\xf0w\x06\x08\x10 @\x80\
\x00\x01\x02\x04\x08\x10 @\x80@\xc2\x02\x82\x7f\xc2\xcd\
U\x1a\x01\x02\x04\x08\x10 @\x80\x00\x01\x02\x04\x08\x10\
\x10\xfc\x9d\x01\x02\x04\x08\x10 @\x80\x00\x01\x02\x04\x08\
\x10 \x90\xb0\x80\xe0\x9fps\x95F\x80\x00\x01\x02\x04\
\x08\x10 @\x80\x00\x01\x02\x04\x04\x7fg\x80\x00\x01\x02\
\x04\x08\x10 @\x80\x00\x01\x02\x04\x08$, \xf8'\
\xdc\x5c\xa5\x11 @\x80\x00\x01\x02\x04\x08\x10 @\x80\
\x00\x01\xc1\xdf\x19 @\x80\x00\x01\x02\x04\x08\x10 @\
\x80\x00\x01\x02\x09\x0b\x08\xfe\x097Wi\x04\x08\x10 \
@\x80\x00\x01\x02\x04\x08\x10 @@\xf0w\x06\x08\x10\
 @\x80\x00\x01\x02\x04\x08\x10 @\x80@\xc2\x02\x82\
\x7f\xc2\xcdU\x1a\x01\x02\x04\x08\x10 @\x80\x00\x01\x02\
\x04\x08\x10\x10\xfc\x9d\x01\x02\x04\x08\x10 @\x80\x00\x01\
\x02\x04\x08\x10 \x90\xb0\x80\xe0\x9fps\x95F\x80\x00\
\x01\x02\x04\x08\x10 @\x80\x00\x01\x02\x04\x04\x7fg\x80\
\x00\x01\x02\x04\x08\x10 @\x80\x00\x01\x02\x04\x08$,\
 \xf8'\xdc\x5c\xa5\x11 @\x80\x00\x01\x02\x04\x08\x10\
 @\x80\x00\x01\xc1\xdf\x19 @\x80\x00\x01\x02\x04\x08\
\x10 @\x80\x00\x01\x02\x09\x0b\x08\xfe\x097Wi\x04\
\x08\x10 @\x80\x00\x01\x02\x04\x08\x10 @@\xf0w\
\x06\x08\x10 @\x80\x00\x01\x02\x04\x08\x10 @\x80@\
\xc2\x02\x82\x7f\xc2\xcdU\x1a\x01\x02\x04\x08\x10 @\x80\
\x00\x01\x02\x04\x08\x10\x10\xfc\x9d\x01\x02\x04\x08\x10 @\
\x80\x00\x01\x02\x04\x08\x10 \x90\xb0\x80\xe0\x9fps\x95\
F\x80\x00\x01\x02\x04\x08\x10 @\x80\x00\x01\x02\x04\x04\
\x7fg\x80\x00\x01\x02\x04\x08\x10 @\x80\x00\x01\x02\x04\
\x08$, \xf8'\xdc\x5c\xa5\x11 @\x80\x00\x01\x02\
\x04\x08\x10 @\x80\x00\x01\xc1\xdf\x19 @\x80\x00\x01\
\x02\x04\x08\x10 @\x80\x00\x01\x02\x09\x0b\x08\xfe\x097\
Wi\x04\x08\x10 @\x80\x00\x01\x02\x04\x08\x10 @\
@\xf0w\x06\x08\x10 @\x80\x00\x01\x02\x04\x08\x10 \
@\x80@\xc2\x02\x82\x7f\xc2\xcdU\x1a\x01\x02\x04\x08\x10\
 @\x80\x00\x01\x02\x04\x08\x10\x10\xfc\x9d\x01\x02\x04\x08\
\x10 @\x80\x00\x01\x02\x04\x08\x10 \x90\xb0\x80\xe0\x9f\
ps\x95F\x80\x00\x01\x02\x04\x08\x10 @\x80\x00\x01\
\x02\x04\x04\x7fg\x80\x00\x01\x02\x04\x08\x10 @\x80\x00\
\x01\x02\x04\x08$, \xf8'\xdc\x5c\xa5\x11 @\x80\
\x00\x01\x02\x04\x08\x10 @\x80\x00\x01\xc1\xdf\x19 @\
\x80\x00\x01\x02\x04\x08\x10 @\x80\x00\x01\x02\x09\x0b\x08\
\xfe\x097Wi\x04\x08\x10 @\x80\x00\x01\x02\x04\x08\
\x10 @@\xf0w\x06\x08\x10 @\x80\x00\x01\x02\x04\
\x08\x10 @\x80@\xc2\x02\x82\x7f\xc2\xcdU\x1a\x01\x02\
\x04\x08\x10 @\x80\x00\x01\x02\x04\x08\x10\x10\xfc\x9d\x01\
\x02\x04\x08\x10 @\x80\x00\x01\x02\x04\x08\x10 \x90\xb0\
\x80\xe0\x9fps\x95F\x80\x00\x01\x02\x04\x08\x10 @\
\x80\x00\x01\x02\x04\x04\x7fg\x80\x00\x01\x02\x04\x08\x10 \
@\x80\x00\x01\x02\x04\x08$, \xf8'\xdc\x5c\xa5\x11\
 @\x80\x00\x01\x02\x04\x08\x10 @\x80\x00\x01\xc1\xdf\
\x19 @\x80\x00\x01\x02\x04\x08\x10 @\x80\x00\x01\x02\
\x09\x0b\x08\xfe\x097Wi\x04\x08\x10 @\x80\x00\x01\
\x02\x04\x08\x10 @@\xf0w\x06\x08\x10 @\x80\x00\
\x01\x02\x04\x08\x10 @\x80@\xc2\x02\x82\x7f\xc2\xcdU\
\x1a\x01\x02\x04\x08\x10 @\x80\x00\x01\x02\x04\x08\x10\x10\
\xfc\x9d\x01\x02\x04\x08\x10 @\x80\x00\x01\x02\x04\x08\x10\
 \x90\xb0\x80\xe0\x9fps\x95F\x80\x00\x01\x02\x04\x08\
\x10 @\x80\x00\x01\x02\x04\x04\x7fg\x80\x00\x01\x02\x04\
\x08\x10 @\x80\x00\x01\x02\x04\x08$, \xf8'\xdc\
\x5c\xa5\x11 @\x80\x00\x01\x02\x04\x08\x10 @\x80\x00\
\x01\xc1\xdf\x19 @\x80\x00\x01\x02\x04\x08\x10 @\x80\
\x00\x01\x02\x09\x0b\x08\xfe\x097Wi\x04\x08\x10 @\
\x80\x00\x01\x02\x04\x08\x10 @@\xf0w\x06\x08\x10 \
@\x80\x00\x01\x02\x04\x08\x10 @\x80@\xc2\x02\x82\x7f\
\xc2\xcdU\x1a\x01\x02\x04\x08\x10 @\x80\x00\x01\x02\x04\
\x08\x10\x10\xfc\x9d\x01\x02\x04\x08\x10 @\x80\x00\x01\x02\
\x04\x08\x10 \x90\xb0\x80\xe0\x9fps\x95F\x80\x00\x01\
\x02\x04\x08\x10 @\x80\x00\x01\x02\x04\x04\x7fg\x80\x00\
\x01\x02\x04\x08\x10 @\x80\x00\x01\x02\x04\x08$, \
\xf8'\xdc\x5c\xa5\x11 @\x80\x00\x01\x02\x04\x08\x10 \
@\x80\x00\x01\xc1\xdf\x19 @\x80\x00\x01\x02\x04\x08\x10\
 @\x80\x00\x01\x02\x09\x0b\x08\xfe\x097Wi\x04\x08\
\x10 @\x80\x00\x01\x02\x04\x08\x10 @@\xf0w\x06\
\x08\x10 @\x80\x00\x01\x02\x04\x08\x10 @\x80@\xc2\
\x02\x82\x7f\xc2\xcdU\x1a\x01\x02\x04\x08\x10 @\x80\x00\
\x01\x02\x04\x08\x10\x10\xfc\x9d\x01\x02\x04\x08\x10 @\x80\
\x00\x01\x02\x04\x08\x10 \x90\xb0\x80\xe0\x9fps\x95F\
\x80\x00\x01\x02\x04\x08\x10 @\x80\x00\x01\x02\x04\x04\x7f\
g\x80\x00\x01\x02\x04\x08\x10 @\x80\x00\x01\x02\x04\x08\
$, \xf8'\xdc\x5c\xa5\x11 @\x80\x00\x01\x02\x04\
\x08\x10 @\x80\x00\x01\xc1\xdf\x19 @\x80\x00\x01\x02\
\x04\x08\x10 @\x80\x00\x01\x02\x09\x0b\x08\xfe\x097W\
i\x04\x08\x10 @\x80\x00\x01\x02\x04\x08\x10 @@\
\xf0w\x06\x08\x10 @\x80\x00\x01\x02\x04\x08\x10 @\
\x80@\xc2\x02\x82\x7f\xc2\xcdU\x1a\x01\x02\x04\x08\x10 \
@\x80\x00\x01\x02\x04\x08\x10\x10\xfc\x9d\x01\x02\x04\x08\x10\
 @\x80\x00\x01\x02\x04\x08\x10 \x90\xb0\x80\xe0\x9fp\
s\x95F\x80\x00\x01\x02\x04\x08\x10 @\x80\x00\x01\x02\
\x04\x04\x7fg\x80\x00\x01\x02\x04\x08\x10 @\x80\x00\x01\
\x02\x04\x08$, \xf8'\xdc\x5c\xa5\x11 @\x80\x00\
\x01\x02\x04\x08\x10 @\x80\x00\x01\xc1\xdf\x19 @\x80\
\x00\x01\x02\x04\x08\x10 @\x80\x00\x01\x02\x09\x0b\x08\xfe\
\x097Wi\x04\x08\x10 @\x80\x00\x01\x02\x04\x08\x10\
 @@\xf0w\x06\x08\x10 @\x80\x00\x01\x02\x04\x08\
\x10 @\x80@\xc2\x02\x82\x7f\xc2\xcdU\x1a\x01\x02\x04\
\x08\x10 @\x80\x00\x01\x02\x04\x08\x10\x10\xfc\x9d\x01\x02\
\x04\x08\x10 @\x80\x00\x01\x02\x04\x08\x10 \x90\xb0\x80\
\xe0\x9fps\x95F\x80\x00\x01\x02\x04\x08\x10 @\x80\
\x00\x01\x02\x04\x04\x7fg\x80\x00\x01\x02\x04\x08\x10 @\
\x80\x00\x01\x02\x04\x08$, \xf8'\xdc\x5c\xa5\x11 \
@\x80\x00\x01\x02\x04\x08\x10 @\x80\x00\x01\xc1\xdf\x19\
 @\x80\x00\x01\x02\x04\x08\x10 @\x80\x00\x01\x02\x09\
\x0b\x08\xfe\x097Wi\x04\x08\x10 @\x80\x00\x01\x02\
\x04\x08\x10 @@\xf0w\x06\x08\x10 @\x80\x00\x01\
\x02\x04\x08\x10 @\x80@\xc2\x02\x82\x7f\xc2\xcdU\x1a\
\x01\x02\x04\x08\x10 @\x80\x00\x01\x02\x04\x08\x10\x10\xfc\
\x9d\x01\x02\x04\x08\x10 @\x80\x00\x01\x02\x04\x08\x10 \
\x90\xb0\x80\xe0\x9fps\x95F\x80\x00\x01\x02\x04\x08\x10\
 @\x80\x00\x01\x02\x04\x04\x7fg\x80\x00\x01\x02\x04\x08\
\x10 @\x80\x00\x01\x02\x04\x08$, \xf8'\xdc\x5c\
\xa5\x11 @\x80\x00\x01\x02\x04\x08\x10 @\x80\x00\x01\
\xc1\xdf\x19 @\x80\x00\x01\x02\x04\x08\x10 @\x80\x00\
\x01\x02\x09\x0b\x08\xfe\x097Wi\x04\x08\x10 @\x80\
\x00\x01\x02\x04\x08\x10 @@\xf0w\x06\x08\x10 @\
\x80\x00\x01\x02\x04\x08\x10 @\x80@\xc2\x02\x82\x7f\xc2\
\xcdU\x1a\x01\x02\x04\x08\x10 @\x80\x00\x01\x02\x04\x08\
\x10\x10\xfc\x9d\x01\x02\x04\x08\x10 @\x80\x00\x01\x02\x04\
\x08\x10 \x90\xb0\x80\xe0\x9fps\x95F\x80\x00\x01\x02\
\x04\x08\x10 @\x80\x00\x01\x02\x04\x04\x7fg\x80\x00\x01\
\x02\x04\x08\x10 @\x80\x00\x01\x02\x04\x08$, \xf8\
'\xdc\x5c\xa5\x11 @\x80\x00\x01\x02\x04\x08\x10 @\
\x80\x00\x01\xc1\xdf\x19 @\x80\x00\x01\x02\x04\x08\x10 \
@\x80\x00\x01\x02\x09\x0b\x08\xfe\x097Wi\x04\x08\x10\
 @\x80\x00\x01\x02\x04\x08\x10 @@\xf0w\x06\x08\
\x10 @\x80\x00\x01\x02\x04\x08\x10 @\x80@\xc2\x02\
\x82\x7f\xc2\xcdU\x1a\x01\x02\x04\x08\x10 @\x80\x00\x01\
\x02\x04\x08\x10\x10\xfc\x9d\x01\x02\x04\x08\x10 @\x80\x00\
\x01\x02\x04\x08\x10 \x90\xb0\x80\xe0\x9fps\x95F\x80\
\x00\x01\x02\x04\x08\x10 @\x80\x00\x01\x02\x04\x04\x7fg\
\x80\x00\x01\x02\x04\x08\x10 @\x80\x00\x01\x02\x04\x08$\
, \xf8'\xdc\x5c\xa5\x11 @\x80\x00\x01\x02\x04\x08\
\x10 @\x80\x00\x01\xc1\xdf\x19 @\x80\x00\x01\x02\x04\
\x08\x10 @\x80\x00\x01\x02\x09\x0b\x08\xfe\x097Wi\
\x04\x08\x10 @\x80\x00\x01\x02\x04\x08\x10 @@\xf0\
w\x06\x08\x10 @\x80\x00\x01\x02\x04\x08\x10 @\x80\
@\xc2\x02\x82\x7f\xc2\xcdU\x1a\x01\x02\x04\x08\x10 @\
\x80\x00\x01\x02\x04\x08\x10\x10\xfc\x9d\x01\x02\x04\x08\x10 \
@\x80\x00\x01\x02\x04\x08\x10 \x90\xb0\x80\xe0\x9fps\
\x95F\x80\x00\x01\x02\x04\x08\x10 @\x80\x00\x01\x02\x04\
\x04\x7fg\x80\x00\x01\x02\x04\x08\x10 @\x80\x00\x01\x02\
\x04\x08$, \xf8'\xdc\x5c\xa5\x11 @\x80\x00\x01\
\x02\x04\x08\x10 @\x80\x00\x01\xc1\xdf\x19 @\x80\x00\
\x01\x02\x04\x08\x10 @\x80\x00\x01\x02\x09\x0b\x08\xfe\x09\
7Wi\x04\x08\x10 @\x80\x00\x01\x02\x04\x08\x10 \
@@\xf0w\x06\x08\x10 @\x80\x00\x01\x02\x04\x08\x10\
 @\x80@\xc2\x02\x82\x7f\xc2\xcdU\x1a\x01\x02\x04\x08\
\x10 @\x80\x00\x01\x02\x04\x08\x10\x10\xfc\x9d\x01\x02\x04\
\x08\x10 @\x80\x00\x01\x02\x04\x08\x10 \x90\xb0\x80\xe0\
\x9fps\x95F\x80\x00\x01\x02\x04\x08\x10 @\x80\x00\
\x01\x02\x04\x04\x7fg\x80\x00\x01\x02\x04\x08\x10 @\x80\
\x00\x01\x02\x04\x08$, \xf8'\xdc\x5c\xa5\x11 @\
\x80\x00\x01\x02\x04\x08\x10 @\x80\x00\x01\xc1\xdf\x19 \
@\x80\x00\x01\x02\x04\x08\x10 @\x80\x00\x01\x02\x09\x0b\
\x08\xfe\x097Wi\x04\x08\x10 @\x80\x00\x01\x02\x04\
\x08\x10 @@\xf0w\x06\x08\x10 @\x80\x00\x01\x02\
\x04\x08\x10 @\x80@\xc2\x02\x82\x7f\xc2\xcdU\x1a\x01\
\x02\x04\x08\x10 @\x80\x00\x01\x02\x04\x08\x10\x10\xfc\x9d\
\x01\x02\x04\x08\x10 @\x80\x00\x01\x02\x04\x08\x10 \x90\
\xb0\x80\xe0\x9fps\x95F\x80\x00\x01\x02\x04\x08\x10 \
@\x80\x00\x01\x02\x04\x04\x7fg\x80\x00\x01\x02\x04\x08\x10\
 @\x80\x00\x01\x02\x04\x08$, \xf8'\xdc\x5c\xa5\
\x11 @\x80\x00\x01\x02\x04\x08\x10 @\x80\x00\x01\xc1\
\xdf\x19 @\x80\x00\x01\x02\x04\x08\x10 @\x80\x00\x01\
\x02\x09\x0b\x08\xfe\x097Wi\x04\x08\x10 @\x80\x00\
\x01\x02\x04\x08\x10 @@\xf0w\x06\x08\x10 @\x80\
\x00\x01\x02\x04\x08\x10 @\x80@\xc2\x02\x82\x7f\xc2\xcd\
U\x1a\x01\x02\x04\x08\x10 @\x80\x00\x01\x02\x04\x08\x10\
\x10\xfc\x9d\x01\x02\x04\x08\x10 @\x80\x00\x01\x02\x04\x08\
\x10 \x90\xb0\x80\xe0\x9fps\x95F\x80\x00\x01\x02\x04\
\x08\x10 @\x80\x00\x01\x02\x04\x04\x7fg\x80\x00\x01\x02\
\x04\x08\x10 @\x80\x00\x01\x02\x04\x08$, \xf8'\
\xdc\x5c\xa5\x11 @\x80\x00\x01\x02\x04\x08\x10 @\x80\
\x00\x01\xc1\xdf\x19 @\x80\x00\x01\x02\x04\x08\x10 @\
\x80\x00\x01\x02\x09\x0b\x08\xfe\x097Wi\x04\x08\x10 \
@\x80\x00\x01\x02\x04\x08\x10 @@\xf0w\x06\x08\x10\
 @\x80\x00\x01\x02\x04\x08\x10 @\x80@\xc2\x02\x82\
\x7f\xc2\xcdU\x1a\x01\x02\x04\x08\x10 @\x80\x00\x01\x02\
\x04\x08\x10\x10\xfc\x9d\x01\x02\x04\x08\x10 @\x80\x00\x01\
\x02\x04\x08\x10 \x90\xb0\x80\xe0\x9fps\x95F\x80\x00\
\x01\x02\x04\x08\x10 @\x80\x00\x01\x02\x04\x04\x7fg\x80\
\x00\x01\x02\x04\x08\x10 @\x80\x00\x01\x02\x04\x08$,\
 \xf8'\xdc\x5c\xa5\x11 @\x80\x00\x01\x02\x04\x08\x10\
 @\x80\x00\x01\xc1\xdf\x19 @\x80\x00\x01\x02\x04\x08\
\x10 @\x80\x00\x01\x02\x09\x0b\x08\xfe\x097Wi\x04\
\x08\x10 @\x80\x00\x01\x02\x04\x08\x10 @@\xf0w\
\x06\x08\x10 @\x80\x00\x01\x02\x04\x08\x10 @\x80@\
\xc2\x02\x82\x7f\xc2\xcdU\x1a\x01\x02\x04\x08\x10 @\x80\
\x00\x01\x02\x04\x08\x10\x10\xfc\x9d\x01\x02\x04\x08\x10 @\
\x80\x00\x01\x02\x04\x08\x10 \x90\xb0\x80\xe0\x9fps\x95\
F\x80\x00\x01\x02\x04\x08\x10 @\x80\x00\x01\x02\x04\x04\
\x7fg\x80\x00\x01\x02\x04\x08\x10 @\x80\x00\x01\x02\x04\
\x08$, \xf8'\xdc\x5c\xa5\x11 @\x80\x00\x01\x02\
\x04\x08\x10 @\x80\x00\x01\xc1\xdf\x19 @\x80\x00\x01\
\x02\x04\x08\x10 @\x80\x00\x01\x02\x09\x0b\x08\xfe\x097\
Wi\x04\x08\x10 @\x80\x00\x01\x02\x04\x08\x10 @\
@\xf0w\x06\x08\x10 @\x80\x00\x01\x02\x04\x08\x10 \
@\x80@\xc2\x02\x82\x7f\xc2\xcdU\x1a\x01\x02\x04\x08\x10\
 @\x80\x00\x01\x02\x04\x08\x10\x10\xfc\x9d\x01\x02\x04\x08\
\x10 @\x80\x00\x01\x02\x04\x08\x10 \x90\xb0\x80\xe0\x9f\
ps\x95F\x80\x00\x01\x02\x04\x08\x10 @\x80\x00\x01\
\x02\x04\x04\x7fg\x80\x00\x01\x02\x04\x08\x10 @\x80\x00\
\x01\x02\x04\x08$, \xf8'\xdc\x5c\xa5\x11 @\x80\
\x00\x01\x02\x04\x08\x10 @\x80\x00\x01\xc1\xdf\x19 @\
\x80\x00\x01\x02\x04\x08\x10 @\x80\x00\x01\x02\x09\x0b\x08\
\xfe\x097Wi\x04\x08\x10 @\x80\x00\x01\x02\x04\x08\
\x10 @@\xf0w\x06\x08\x10 @\x80\x00\x01\x02\x04\
\x08\x10 @\x80@\xc2\x02\x82\x7f\xc2\xcdU\x1a\x01\x02\
\x04\x08\x10 @\x80\x00\x01\x02\x04\x08\x10\x10\xfc\x9d\x01\
\x02\x04\x08\x10 @\x80\x00\x01\x02\x04\x08\x10 \x90\xb0\
\x80\xe0\x9fps\x95F\x80\x00\x01\x02\x04\x08\x10 @\
\x80\x00\x01\x02\x04\x04\x7fg\x80\x00\x01\x02\x04\x08\x10 \
@\x80\x00\x01\x02\x04\x08$, \xf8'\xdc\x5c\xa5\x11\
 @\x80\x00\x01\x02\x04\x08\x10 @\x80\x00\x01\xc1\xdf\
\x19 @\x80\x00\x01\x02\x04\x08\x10 @\x80\x00\x01\x02\
\x09\x0b\x08\xfe\x097Wi\x04\x08\x10 @\x80\x00\x01\
\x02\x04\x08\x10 @@\xf0w\x06\x08\x10 @\x80\x00\
\x01\x02\x04\x08\x10 @\x80@\xc2\x02\x82\x7f\xc2\xcdU\
\x1a\x01\x02\x04\x08\x10 @\x80\x00\x01\x02\x04\x08\x10\x10\
\xfc\x9d\x01\x02\x04\x08\x10 @\x80\x00\x01\x02\x04\x08\x10\
 \x90\xb0\x80\xe0\x9fps\x95F\x80\x00\x01\x02\x04\x08\
\x10 @\x80\x00\x01\x02\x04\x04\x7fg\x80\x00\x01\x02\x04\
\x08\x10 @\x80\x00\x01\x02\x04\x08$, \xf8'\xdc\
\x5c\xa5\x11 @\x80\x00\x01\x02\x04\x08\x10 @\x80\x00\
\x01\xc1\xdf\x19 @\x80\x00\x01\x02\x04\x08\x10 @\x80\
\x00\x01\x02\x09\x0b\x08\xfe\x097Wi\x04\x08\x10 @\
\x80\x00\x01\x02\x04\x08\x10 @@\xf0w\x06\x08\x10 \
@\x80\x00\x01\x02\x04\x08\x10 @\x80@\xc2\x02\x82\x7f\
\xc2\xcdU\x1a\x01\x02\x04\x08\x10 @\x80\x00\x01\x02\x04\
\x08\x10\x10\xfc\x9d\x01\x02\x04\x08\x10 @\x80\x00\x01\x02\
\x04\x08\x10 \x90\xb0\x80\xe0\x9fps\x95F\x80\x00\x01\
\x02\x04\x08\x10 @\x80\x00\x01\x02\x04\x04\x7fg\x80\x00\
\x01\x02\x04\x08\x10 @\x80\x00\x01\x02\x04\x08$, \
\xf8'\xdc\x5c\xa5\x11 @\x80\x00\x01\x02\x04\x08\x10 \
@\x80\x00\x01\xc1\xdf\x19 @\x80\x00\x01\x02\x04\x08\x10\
 @\x80\x00\x01\x02\x09\x0b\x08\xfe\x097Wi\x04\x08\
\x10 @\x80\x00\x01\x02\x04\x08\x10 @@\xf0w\x06\
\x08\x10 @\x80\x00\x01\x02\x04\x08\x10 @\x80@\xc2\
\x02\x82\x7f\xc2\xcdU\x1a\x01\x02\x04\x08\x10 @\x80\x00\
\x01\x02\x04\x08\x10\x10\xfc\x9d\x01\x029\x04\x0e\x9cup\
\x98u\xeck\xc3\xeb\x97-\x0c\xf3\x16\xbd!\xcc\x98=\
#\xcc\x9e\xf7\xea\x1c3\x0d!@\xa0-\x02{\x7f\xb0\
'|\xf7\xd1'\xc3\xee\x1d\xdf\x0f\xffr\xf7\xa3a\xe7\
\xa6'\xc2\x8fw\xefi\xcb\xed\xbb\xcf\xc4\x05\xfa\xff;\
\xf4\xfaw\x9f\x10\x0e?\xeeu\xbd\xff\x1d:\xaa\xf7\xbf\
C3\xc3\x8cW\x1d\x9cx\xd5?)\xef\xc5\xe7\xe6w\
\xb7<\x19\xbe\xd3{^>\xbd~K'\xeaV$\x01\
\x02\x04\xaa\x14\x10\xfc\xab\xd4\xb4Vr\x02\xfd\xbfh\xbd\
q\xc5\xdb\xc2\x9b\xff\xebI\x9d\xf9\x0bVrMT\x10\
\x81\x12\x02[\xd6>\x18\xbe\xb1j}x~\xc7\xae\x12\
\xab\x98J`t\x81C\xdfzd\xf8\x95\x0b\x97\x86\xf9\
\x8b\x8e\x1e}\x91\xc4f\xf6\xff!`k\xef\x1f\xe7<\
7\x13k\xacr\x08\x10\xa8U@\xf0\xaf\x95\xd7\xe2m\
\x15\x10\xf8\xdb\xda9\xf7M\xa0\x1e\x81\xcd7\xde\x1b\x1e\
\xb9\xfa\x9e\xf0#\xef\x00\xa8\x07\xd8\xaa\xaf\x108h\xde\
\xa1\xe1\xd7>\xbd\x5c\xe0\x7f\x85\xcc\xfe\x0fl\xbaz}\
\xf8f\xef\xb9\xe9\x8b\x00\x01\x02\x04\x86\x0b\x08\xfe\xc3}\
\x5c\xed\xa0@\xff/[K\xae\xfa\xadp\xc4qs;\
X\xbd\x92\x09\x10\x18$0\xd1\xfb\x11\x80\xdb\x7f\xfb/\
\xbd\xfa?\x08\xc8\xe3\x95\x09\x1c\xd5{\xa7\xd9\xa2\xde\xab\
\xfc]y+\x7fY\xb8\x89\xed\xbd\xe7\xe6J\xcf\xcd\xb2\
\x8e\xe6\x13 \x90\xb6\x80\xe0\x9fv\x7fUWP\xe0\x90\
^\xd8\xff\x8d\xeb\xce\xf7\x97\xad\x82n\x86\x13\xe8\x8a\xc0\
\xde\xde+\xfe\xf7\x5c\xba\xda\xcf\x18w\xa5\xe1c\xa8\xf3\
\xd8\x0b\xde\x19\x16]\xb0t\x0c;\xb7{\xcb=\x13\xcf\
\x85u\xe7_\x1b\x9e\xdd\xf2\x9dv\x17\xe2\xee\x09\x10 \
P\x93\x80\xe0_\x13\xace\xdb' \xf4\xb7\xafg\xee\
\x98\xc0\xb8\x04\xbe\xb2\xf2\x9a\xb0\xab\xf7!c\xbe\x08T\
) \xf4\x97\xd3\x14\xfe\xcb\xf9\x99M\x80@\xda\x02\x82\
\x7f\xda\xfdU]N\x81\xfe\xdb\xfbO\xbf\xee\x83\xbdO\
\xea?,\xe7\x0c\xc3\x08\x10\xe8\xb2@\xff\x95\xff\xb5\xe7\
\xae\xf2\xb6\xff.\x1f\x82\x8ak\x17\xfa\xab\x01\xed\x87\xff\
[\xcf\xbb\xdas\xb3\x1aN\xab\x10 \x90\x90\x80\xe0\x9f\
P3\x952\xba\xc0Yw^,\xf4\x8f\xceg&\x81\
N\x0a<\xdd{K\xf1\x1d\xbd\x80\xe1\x8b@Y\x81\x83\
\xe6\x1f\x1a\xde{\xc7\xef\x95]\xc6\xfc\x9f\x0al\xdb\xb8\
5\xdc\xd3{\xdb\xbf/\x02\x04\x08\x10xI@\xf0\x7f\
\xc9\xc2w\x1d\x15\x98w\xf6\x09ai\xef\x93\x93}\x11\
 @\xa0\xa8\xc0\xd7\xae\x5c\x17\x9e\xb8\xf1\xfe\xa2\xd3\x8c\
'\xf0\x92\xc0\x01!\x9cu\x87\x7f|~\x09\xa4\x9a\xef\
<7\xabq\xb4\x0a\x01\x02\xe9\x08\x08\xfe\xe9\xf4R%\
#\x08\xf4\x7fm\xdf\x997_\xe0\xd5\xfe\x11\xecL!\
@ \x84\xfe[\xfeW\x9f\xfa\xc7~\xcd\x9f\xc30\xb2\
\xc0\xfcw\x9f\x10\x96\xfc\xa1\x7f|\x1e\x19p\xc0\xc4\xfe\
[\xfe\xd7\x9c\xf69\xcf\xcd\x01>\x1e&@\xa0{\x02\
\x82\x7f\xf7z\xae\xe2}\x04\xbc\xda\xbf\x0f\x86o\x09\x10\
\x18I\xc0+\x8b#\xb1\x99\xd4\x17\xe8\xbd\xda\xbf\xe4\x9a\
\x95a\xfe\xa2\xa3y\xd4 \xe0\xb9Y\x03\xaa%\x09\x10\
h\xad\x80\xe0\xdf\xda\xd6\xb9\xf1*\x04N\xef\xbd\xda\x7f\
\xf8\xb1s\xabX\xca\x1a\x04\x08tT`\xfb\xa6\xada\
\xc3J?O\xdc\xd1\xf6\x97*\xdb\xcf\xf6\x97\xe2\xcb\x9c\
\xecg\xfd3\x89\x0c @\xa0C\x02\x82\x7f\x87\x9a\xad\
\xd4\xfd\x05\xfa\x9f\xe4\xff\xde;}\x98\xd2\xfe*\xfeD\
\x80\xc0(\x02\x7fs\xeag}\x8a\xf8(p\x1d\x9fs\
\xd4\x8a\xb7\x85w|\xe4\x8c\x8e+\xd4W\xfe\xe4\xe4d\
\xf8\xeb\x93\xae\xf0v\xff\xfa\x88\xadL\x80@\x8b\x04\x04\
\xff\x165\xcb\xadV+\xe0m\xfe\xd5zZ\x8d@\x97\
\x05\xd6_\xba:\xecX\xfbP\x97\x09\xd4^T\xc0\xdb\
\xfc\x8b\x8a\x15\x1e\xdf\xcb\xfda\xc3\xc7=7\x0b\xc3\x99\
@\x80@\x92\x02\x82\x7f\x92mUT\x1e\x817}\xe4\
\xf4p\xfc\x8a\x93\xf2\x0c5\x86\x00\x01\x02C\x056\xdf\
xox\xf8\xca\xdb\x87\x8eq\x91\xc0~\x02\xbd\xe0\xff\
\x9e\xfb>\x16f\xbc\xea\xe0\xfd\x1e\xf6\x87j\x056\xdf\
\xd0{n~\xc6s\xb3ZU\xab\x11 \xd0F\x01\xc1\
\xbf\x8d]s\xcf\x95\x08,\xb9\xd6\x07*U\x02i\x11\
\x02\x04\xc2\xa3\xb7<\x18\xfe\xf1\xe3kH\x10\xc8/\xd0\
\x0b\xfe\xef\x7f\xf8S\xf9\xc7\x1b9\x92\xc0\xa3kz\xcf\
\xcd?\xf0\xdc\x1c\x09\xcf$\x02\x04\x92\x12\x10\xfc\x93j\
\xa7b\x8a\x08\xf8`\xbf\x22Z\xc6\x12 0L\xc0\x87\
\x88\x0d\xd3qm:\x01\x1f\xec7\x9dJ\xf5\x8fm{\
`k\xb8\xe7\x83>|\xb3zY+\x12 \xd06\x01\
\xc1\xbfm\x1ds\xbf\x95\x09\x9cu\xe7\xc5a\xf6\xbc\xc3\
*[\xcfB\x04\x08tW@\xf0\xefn\xefG\xad\x5c\
\xf0\x1fU\xae\xd8<\xc1\xbf\x98\x97\xd1\x04\x08\xa4+ \
\xf8\xa7\xdb[\x95e\x08\x08\xfe\x19@.\x13 \x90[\
@\xf0\xcfMe\xe0O\x05\x04\xff8GA\xf0\x8f\xe3\
l\x17\x02\x04\x9a/ \xf87\xbfG\xee\xb0&\x01\xc1\
\xbf&X\xcb\x12\xe8\xa0\x80\xe0\xdf\xc1\xa6\x97,Y\xf0\
/\x09\x98s\xba\xe0\x9f\x13\xca0\x02\x04\x92\x17\x10\xfc\
\x93o\xb1\x02\x07\x09\x08\xfe\x83d<N\x80@Q\x01\
\xc1\xbf\xa8\x98\xf1\x82\x7f\x9c3 \xf8\xc7q\xb6\x0b\x01\
\x02\xcd\x17\x10\xfc\x9b\xdf#wX\x93\x80\xe0_\x13\xac\
e\x09tP@\xf0\xef`\xd3K\x96,\xf8\x97\x04\xcc\
9]\xf0\xcf\x09e\x18\x01\x02\xc9\x0b\x08\xfe\xc9\xb7X\
\x81\x83\x04\x04\xffA2\x1e'@\xa0\xa8\x80\xe0_T\
\xccx\xc1?\xce\x19\x10\xfc\xe38\xdb\x85\x00\x81\xe6\x0b\
\x08\xfe\xcd\xef\x91;\xacI@\xf0\xaf\x09\xd6\xb2\x04:\
( \xf8w\xb0\xe9%K\x16\xfcK\x02\xe6\x9c.\xf8\
\xe7\x842\x8c\x00\x81\xe4\x05\x04\xff\xe4[\xac\xc0A\x02\
\x82\xff \x19\x8f\x13 PT@\xf0/*f\xbc\xe0\
\x1f\xe7\x0c\x08\xfeq\x9c\xedB\x80@\xf3\x05\x04\xff\xe6\
\xf7\xc8\x1d\xd6$ \xf8\xd7\x04kY\x02\x1d\x14\x10\xfc\
;\xd8\xf4\x92%\x0b\xfe%\x01sN\x17\xfcsB\x19\
F\x80@\xf2\x02\x82\x7f\xf2-V\xe0 \x01\xc1\x7f\x90\
\x8c\xc7\x09\x10(* \xf8\x17\x153^\xf0\x8fs\x06\
\x04\xff8\xcev!@\xa0\xf9\x02\x82\x7f\xf3{\xe4\x0e\
k\x12\x10\xfck\x82\xb5,\x81\x0e\x0a\x08\xfe\x1dlz\
\xc9\x92\x05\xff\x92\x809\xa7\x0b\xfe9\xa1\x0c#@ \
y\x01\xc1?\xf9\x16+p\x90\x80\xe0?H\xc6\xe3\x04\
\x08\x14\x15\x10\xfc\x8b\x8a\x19/\xf8\xc79\x03\x82\x7f\x1c\
g\xbb\x10 \xd0|\x01\xc1\xbf\xf9=r\x875\x09\x08\
\xfe5\xc1Z\x96@\x07\x05\x04\xff\x0e6\xbdd\xc9\x82\
\x7fI\xc0\x9c\xd3\x05\xff\x9cP\x86\x11 \x90\xbc\x80\xe0\
\x9f|\x8b\x158H@\xf0\x1f$\xe3q\x02\x04\x8a\x0a\
\x08\xfeE\xc5\x8c\x17\xfc\xe3\x9c\x01\xc1?\x8e\xb3]\x08\
\x10h\xbe\x80\xe0\xdf\xfc\x1e\xb9\xc3\x9a\x04\x04\xff\x9a`\
-K\xa0\x83\x02\x82\x7f\x07\x9b^\xb2d\xc1\xbf$`\
\xce\xe9\x82\x7fN(\xc3\x08\x10H^@\xf0O\xbe\xc5\
\x0a\x1c$ \xf8\x0f\x92\xf18\x01\x02E\x05\x04\xff\xa2\
b\xc6\x0b\xfeq\xce\x80\xe0\x1f\xc7\xd9.\x04\x084_\
@\xf0o~\x8f\xdcaM\x02\x82\x7fM\xb0\x96%\xd0\
A\x01\xc1\xbf\x83M/Y\xb2\xe0_\x120\xe7t\xc1\
?'\x94a\x04\x08$/ \xf8'\xdfb\x05\x0e\x12\
\x10\xfc\x07\xc9x\x9c\x00\x81\xa2\x02\x82\x7fQ1\xe3\x05\
\xff8g@\xf0\x8f\xe3l\x17\x02\x04\x9a/ \xf87\
\xbfG\xee\xb0&\x01\xc1\xbf&X\xcb\x12\xe8\xa0\x80\xe0\
\xdf\xc1\xa6\x97,Y\xf0/\x09\x98s\xba\xe0\x9f\x13\xca\
0\x02\x04\x92\x17\x10\xfc\x93o\xb1\x02\x07\x09\x08\xfe\x83\
d<N\x80@Q\x01\xc1\xbf\xa8\x98\xf1\x82\x7f\x9c3\
 \xf8\xc7q\xb6\x0b\x01\x02\xcd\x17\x10\xfc\x9b\xdf#w\
X\x93\x80\xe0_\x13\xace\x09tP@\xf0\xef`\xd3\
K\x96,\xf8\x97\x04\xcc9]\xf0\xcf\x09e\x18\x01\x02\
\xc9\x0b\x08\xfe\xc9\xb7X\x81\x83\x04\x04\xffA2\x1e'\
@\xa0\xa8\x80\xe0_T\xccx\xc1?\xce\x19\x10\xfc\xe3\
8\xdb\x85\x00\x81\xe6\x0b\x08\xfe\xcd\xef\x91;\xacI@\
\xf0\xaf\x09\xd6\xb2\x04:( \xf8w\xb0\xe9%K\x16\
\xfcK\x02\xe6\x9c.\xf8\xe7\x842\x8c\x00\x81\xe4\x05\x04\
\xff\xe4[\xac\xc0A\x02\x82\xff \x19\x8f\x13 PT\
@\xf0/*f\xbc\xe0\x1f\xe7\x0c\x08\xfeq\x9c\xedB\
\x80@\xf3\x05\x04\xff\xe6\xf7\xc8\x1d\xd6$ \xf8\xd7\x04\
kY\x02\x1d\x14\x10\xfc;\xd8\xf4\x92%\x0b\xfe%\x01\
sN\x17\xfcsB\x19F\x80@\xf2\x02\x82\x7f\xf2-\
V\xe0 \x01\xc1\x7f\x90\x8c\xc7\x09\x10(* \xf8\x17\
\x153^\xf0\x8fs\x06\x04\xff8\xcev!@\xa0\xf9\
\x02\x82\x7f\xf3{\xe4\x0ek\x12\x10\xfck\x82\xb5,\x81\
\x0e\x0a\x08\xfe\x1dlz\xc9\x92\x05\xff\x92\x809\xa7\x0b\
\xfe9\xa1\x0c#@ y\x01\xc1?\xf9\x16+p\x90\
\x80\xe0?H\xc6\xe3\x04\x08\x14\x15\x10\xfc\x8b\x8a\x19/\
\xf8\xc79\x03\x82\x7f\x1cg\xbb\x10 \xd0|\x01\xc1\xbf\
\xf9=r\x875\x09\x08\xfe5\xc1Z\x96@\x07\x05\x04\
\xff\x0e6\xbdd\xc9\x82\x7fI\xc0\x9c\xd3\x05\xff\x9cP\
\x86\x11 \x90\xbc\x80\xe0\x9f|\x8b\x158H@\xf0\x1f\
$\xe3q\x02\x04\x8a\x0a\x08\xfeE\xc5\x8c\x17\xfc\xe3\x9c\
\x01\xc1?\x8e\xb3]\x08\x10h\xbe\x80\xe0\xdf\xfc\x1e\xb9\
\xc3\x9a\x04\x04\xff\x9a`-K\xa0\x83\x02\x82\x7f\x07\x9b\
^\xb2d\xc1\xbf$`\xce\xe9\x82\x7fN(\xc3\x08\x10\
H^@\xf0O\xbe\xc5\x0a\x1c$ \xf8\x0f\x92\xf18\
\x01\x02E\x05\x04\xff\xa2b\xc6\x0b\xfeq\xce\x80\xe0\x1f\
\xc7\xd9.\x04\x084_@\xf0o~\x8f\xdcaM\x02\
\x82\x7fM\xb0\x96%\xd0A\x01\xc1\xbf\x83M/Y\xb2\
\xe0_\x120\xe7t\xc1?'\x94a\x04\x08$/ \
\xf8'\xdfb\x05\x0e\x12\x10\xfc\x07\xc9x\x9c\x00\x81\xa2\
\x02\x82\x7fQ1\xe3\x05\xff8g@\xf0\x8f\xe3l\x17\
\x02\x04\x9a/ \xf87\xbfG\xee\xb0&\x01\xc1\xbf&\
X\xcb\x12\xe8\xa0\x80\xe0\xdf\xc1\xa6\x97,Y\xf0/\x09\
\x98s\xba\xe0\x9f\x13\xca0\x02\x04\x92\x17\x10\xfc\x93o\
\xb1\x02\x07\x09\x08\xfe\x83d<N\x80@Q\x01\xc1\xbf\
\xa8\x98\xf1\x82\x7f\x9c3 \xf8\xc7q\xb6\x0b\x01\x02\xcd\
\x17\x10\xfc\x9b\xdf#wX\x93\x80\xe0_\x13\xace\x09\
tP@\xf0\xef`\xd3K\x96,\xf8\x97\x04\xcc9]\
\xf0\xcf\x09e\x18\x01\x02\xc9\x0b\x08\xfe\xc9\xb7X\x81\x83\
\x04\x04\xffA2\x1e'@\xa0\xa8\x80\xe0_T\xccx\
\xc1?\xce\x19\x10\xfc\xe38\xdb\x85\x00\x81\xe6\x0b\x08\xfe\
\xcd\xef\x91;\xacI@\xf0\xaf\x09\xd6\xb2\x04:( \
\xf8w\xb0\xe9%K\x16\xfcK\x02\xe6\x9c.\xf8\xe7\x84\
2\x8c\x00\x81\xe4\x05\x04\xff\xe4[\xac\xc0A\x02\x82\xff\
 \x19\x8f\x13 PT@\xf0/*f\xbc\xe0\x1f\xe7\
\x0c\x08\xfeq\x9c\xedB\x80@\xf3\x05\x04\xff\xe6\xf7\xc8\
\x1d\xd6$ \xf8\xd7\x04kY\x02\x1d\x14\x10\xfc;\xd8\
\xf4\x92%\x0b\xfe%\x01sN\x17\xfcsB\x19F\x80\
@\xf2\x02\x82\x7f\xf2-V\xe0 \x01\xc1\x7f\x90\x8c\xc7\
\x09\x10(* \xf8\x17\x153^\xf0\x8fs\x06\x04\xff\
8\xcev!@\xa0\xf9\x02\x82\x7f\xf3{\xe4\x0ek\x12\
\x10\xfck\x82\xb5,\x81\x0e\x0a\x08\xfe\x1dlz\xc9\x92\
\x05\xff\x92\x809\xa7\x0b\xfe9\xa1\x0c#@ y\x01\
\xc1?\xf9\x16+p\x90\x80\xe0?H\xc6\xe3\x04\x08\x14\
\x15\x10\xfc\x8b\x8a\x19/\xf8\xc79\x03\x82\x7f\x1cg\xbb\
\x10 \xd0|\x01\xc1\xbf\xf9=r\x875\x09\x08\xfe5\
\xc1Z\x96@\x07\x05\x04\xff\x0e6\xbdd\xc9\x82\x7fI\
\xc0\x9c\xd3\x05\xff\x9cP\x86\x11 \x90\xbc\x80\xe0\x9f|\
\x8b\x158H@\xf0\x1f$\xe3q\x02\x04\x8a\x0a\x08\xfe\
E\xc5\x8c\x17\xfc\xe3\x9c\x01\xc1?\x8e\xb3]\x08\x10h\
\xbe\x80\xe0\xdf\xfc\x1e\xb9\xc3\x9a\x04\x04\xff\x9a`-K\
\xa0\x83\x02\x82\x7f\x07\x9b^\xb2d\xc1\xbf$`\xce\xe9\
\x82\x7fN(\xc3\x08\x10H^@\xf0O\xbe\xc5\x0a\x1c\
$ \xf8\x0f\x92\xf18\x01\x02E\x05\x04\xff\xa2b\xc6\
\x0b\xfeq\xce\x80\xe0\x1f\xc7\xd9.\x04\x084_@\xf0\
o~\x8f\xdcaM\x02\x82\x7fM\xb0\x96%\xd0A\x01\
\xc1\xbf\x83M/Y\xb2\xe0_\x120\xe7t\xc1?'\
\x94a\x04\x08$/ \xf8'\xdfb\x05\x0e\x12\x10\xfc\
\x07\xc9x\x9c\x00\x81\xa2\x02\x82\x7fQ1\xe3\x05\xff8\
g@\xf0\x8f\xe3l\x17\x02\x04\x9a/ \xf87\xbfG\
\xee\xb0&\x01\xc1\xbf&X\xcb\x12\xe8\xa0\x80\xe0\xdf\xc1\
\xa6\x97,Y\xf0/\x09\x98s\xba\xe0\x9f\x13\xca0\x02\
\x04\x92\x17\x10\xfc\x93o\xb1\x02\x07\x09\x08\xfe\x83d<\
N\x80@Q\x01\xc1\xbf\xa8\x98\xf1\x82\x7f\x9c3 \xf8\
\xc7q\xb6\x0b\x01\x02\xcd\x17\x10\xfc\x9b\xdf#wX\x93\
\x80\xe0_\x13\xace\x09tP@\xf0\xef`\xd3K\x96\
,\xf8\x97\x04\xcc9]\xf0\xcf\x09e\x18\x01\x02\xc9\x0b\
\x08\xfe\xc9\xb7X\x81\x83\x04\x04\xffA2\x1e'@\xa0\
\xa8\x80\xe0_T\xccx\xc1?\xce\x19\x10\xfc\xe38\xdb\
\x85\x00\x81\xe6\x0b\x08\xfe\xcd\xef\x91;\xacI@\xf0\xaf\
\x09\xd6\xb2\x04:( \xf8w\xb0\xe9%K\x16\xfcK\
\x02\xe6\x9c.\xf8\xe7\x842\x8c\x00\x81\xe4\x05\x04\xff\xe4\
[\xac\xc0A\x02\x82\xff \x19\x8f\x13 PT@\xf0\
/*f\xbc\xe0\x1f\xe7\x0c\x08\xfeq\x9c\xedB\x80@\
\xf3\x05\x04\xff\xe6\xf7\xc8\x1d\xd6$p\xfa\xcd\x17\x84\xc3\
\x8f\x9d[\xd3\xea\x96%@\xa0K\x02\x82\x7f\x97\xba]\
M\xad\x82\x7f5\x8eY\xab\x08\xfeYB\xae\x13 \xd0\
\x15\x01\xc1\xbf+\x9dV\xe7+\x04N\xba\xea}\xe1\x0d\
K\x17\xbe\xe2q\x0f\x10 @\xa0\xa8\x80\xe0_T\xcc\
\xf8p@\x08\xef\x7f\xf8S j\x16\x10\xfck\x06\xb6\
<\x01\x02\xad\x11\x10\xfc[\xd3*7Z\xb5\xc0\xaf\xfe\
\xe1\xbb\xc3\xc2w\xffJ\xd5\xcbZ\x8f\x00\x81\x0e\x0a\x08\
\xfe\x1dlz\xd9\x92{\xc1\xff\xac;.\x0e\xb3\xe7\x1d\
Vv%\xf3\x87\x08\x08\xfeCp\x5c\x22@\xa0S\x02\
\x82\x7f\xa7\xda\xad\xd8}\x05\x8eZ\xf1\xb6\xf0\x8e\x8f\x9c\
\xb1\xefC\xbe'@\x80\xc0H\x02\x82\xffHl\xdd\x9e\
\xd4\x0b\xfe'\xfd\xa9w\x9e\xd5}\x08\x04\xff\xba\x85\xad\
O\x80@[\x04\x04\xff\xb6t\xca}V.p\xd0\xbc\
C\xc3{\xef\xfc\xbd\xca\xd7\xb5 \x01\x02\xdd\x13\x10\xfc\
\xbb\xd7\xf3**>\xe6w\xdf\x19N\xbcpi\x15K\
Yc\x80\x80\xe0?\x00\xc6\xc3\x04\x08tN@\xf0\xef\
\x5c\xcb\x15\xbc\xaf\xc0\x92kW\x86\xf9\x8b\x8e\xde\xf7!\
\xdf\x13 @\xa0\xb0\x80\xe0_\x98\xcc\x84\x9e\xc0!\x0b\
\xe7\x86\xe5_\xbe\x80E\x8d\x02\x82\x7f\x8d\xb8\x96&@\
\xa0U\x02\x82\x7f\xab\xda\xe5f\xab\x16\xf0jK\xd5\xa2\
\xd6#\xd0M\x01\xc1\xbf\x9b}/]u\xef\xed\xfeK\
\xae\xf1\x0f\xd0\xa5\x1d\x87, \xf8\x0f\xc1q\x89\x00\x81\
N\x09\x08\xfe\x9dj\xb7b_.p\xe0\xac\x83\xc3\xb9\
\x7f{q\x98\xf1\xaa\x83_~\xc9\x9f\x09\x10 \x90[\
`b\xc7\xf7\xc3\xad\xa7\xfeq\xee\xf1\x06\x12xQ\xe0\
\xb0EG\x853\xaf=\xff\xc5?\xfao\xc5\x02\x13\xdb\
\xbf\x17n=\xeds\x15\xafj9\x02\x04\x08\xb4O@\
\xf0o_\xcf\xdcq\xc5\x02>\xe4\xafbP\xcb\x11\xe8\
\xa8\xc0\x17\xff\xf3\xff\xech\xe5\xca.%\xe0U\xffR\
|Y\x93'''\xc3_\xbd\xe9\xb2\xaca\xae\x13 \
@ y\x01\xc1?\xf9\x16+0\x8f\x80\x9f\xf5\xcf\xa3\
d\x0c\x01\x02\xc3\x04\xd6\x9c\xb7*\xfcp\xcbS\xc3\x86\
\xb8F`Z\x01?\xeb?-K%\x0f\xf6r\x7f\xb8\
\xe5=\x9e\x9b\x95`Z\x84\x00\x81V\x0b\x08\xfe\xadn\
\x9f\x9b\xafJ\xa0\xff\x09\xffg\xaf\xbe\xd0[\xfe\xab\x02\
\xb5\x0e\x81\x0e\x0a|\xed\xcau\xe1\x89\x1b\xef\xef`\xe5\
J\xaeB\xc0\xbb\xcf\xaaP\x9c~\x0d\xcf\xcd\xe9]<\
J\x80@\xb7\x04\x04\xffn\xf5[\xb5C\x04\x0e9n\
n\xf8\x8d\xeb\xce\x17\xfe\x87\x18\xb9D\x80\xc0`\x81\xed\
\x9b\xb6\x86\x0d+\xaf\x1d<\xc0\x15\x02\x19\x02\xc7\xfc\xee\
\x92\xde\xaf\xf7[\x921\xca\xe5\xa2\x02>|\xb3\xa8\x98\
\xf1\x04\x08\xa4( \xf8\xa7\xd8U5\x8d, \xfc\x8f\
Lg\x22\x01\x02=\x01o\xf7w\x0c\xca\x0a\x08\xffe\
\x05_9\xdf\xdb\xfd_i\xe2\x11\x02\x04\xba' \xf8\
w\xaf\xe7*\xce\x10\xe8\xbf\xed\xff\xf4\xde+\xff\xb3\xe7\
\xbd:c\xa4\xcb\x04\x08\x10\xd8_`\xcb\xda\x07\xc3\xd7\
/]\xb3\xff\x83\xfeD\xa0\xa0\x80\xf0_\x10,\xc7\xf0\
\xcd7\xdc\x1b\x1e\xfe\xcc\xed9F\x1aB\x80\x00\x814\
\x05\x04\xff4\xfb\xaa\xaa\x0a\x04\xfc\xc5\xab\x02DK\x10\
\xe8\xa0\xc0\xdf\x9c\xfa\xd9\xf0\xfc\x8e]\x1d\xac\x5c\xc9U\
\x0a\x1c4\xff\xd0\xb0\xf4\xaa\xdf\x0a\x87\x1f;\xb7\xcae\
;\xbb\xd6\x9e\x89\xe7\xc2\xad\xe7]\xed\xb9\xd9\xd9\x13\xa0\
p\x02\x04\x04\x7fg\x80\xc0\x10\x81\xfe\xab\xffo\xba`\
i\x98\x7f\xe2Q\xde\x010\xc4\xc9%\x02\x04^\x12\xf0\
\xb3\xfe/Y\xf8\xae\xbc\xc0\xbc\xb3O\x08\xc7\x9c\xfd\x96\
\xb0\xe0\xc4\xa3\xcb/\xd6\xf1\x15\xfc\xac\x7f\xc7\x0f\x80\xf2\
\x09t\x5c@\xf0\xef\xf8\x01P~~\x81#\x96.\x0c\
s\x17\x1d\x19\xe6\x1c\xfb\xbap\xc4/\xbf\xce\x87\x00\xe6\
\xa73\x92@\xe7\x04|\x8ax\xe7Z^{\xc1\xfd\x7f\
\x88\x9e\xb7la\x98\xb7\xe8\xe80\xab\xf7\xa3hG\xf4\
>\x90\xd6Wq\x01\xcf\xcd\xe2ff\x10 \x90\x86\x80\
\xe0\x9fF\x1fUA\x80\x00\x01\x025\x08\x1c4\xef\xb0\
0s\xfea\xe1\xa0Y3\xc3\xeb\x97\x1e\x97\xfb\xdd?\
{w\xef\x09\xb7\xad\xbc&<\xbb\xe5;5\xdc\x95%\
\x09\x10\x18\xf5\xb9\xd9\x7f\xcb\xff\xba\xf3\xaf\xf5\xdct\x84\
\x08\x10\xe8\x9c\x80\xe0\xdf\xb9\x96+\x98\x00\x01\x02\x04\xca\
\x08\xf4\x7f\xfb\xc7\xc2\xf7\xbf=,|\xf7[\x86.\xd3\
\x0f\xffk\xcf]\xe5g\x8a\x87*\xb9H\xa0:\x81\xbc\
\xcf\xcd\x89\xed\xdf\x0f\xb7\xaf\xfcK\xcf\xcd\xea\xe8\xadD\
\x80@\x0b\x04\x04\xff\x164\xc9-\x12 @\x80@\xf3\
\x04^\xfc\x0c\x90a\xff\x000\xb1\xe3\xfb\xe1\xae\x8b\xbe\
\xe4\xd5\xc5\xe6\xb5\xcf\x1d%,\x90\xeb\xb9\xd9\x0b\xffw\
\xfd\x0f\xcf\xcd\x84\x8f\x81\xd2\x08\x10x\x99\x80\xe0\xff2\
\x10\x7f$@\x80\x00\x01\x02E\x04\x0e]tT\xf8\xf5\
O\x9f3\xf4\x03@7]\xbd>|\xf3\xea{\x8a,\
k,\x01\x02%\x05\x0e\xeb=7O\xcexn\xfa\x99\
\xff\x92\xc8\xa6\x13 \xd0\x1a\x01\xc1\xbf5\xadr\xa3\x04\
\x08\x10 \xd0T\x81\xfe+\x8cK??\xfcW\xaf\xf5\
?\xed\xff\x1f.]\xed\xed\xc5Mm\xa2\xfbJR \
\xcf\xafE\xec\x7f\xda\xff\xbd\x1f\xf7\xdcL\xf2\x00(\x8a\
\x00\x81\x9f\x09\x08\xfe?\xa3\xf0\x0d\x01\x02\x04\x08\x10\x18\
]\xe0\xc0Y\x07\x87S\xaf;?\xf3\xf7\xaeoY\xfb\
`\xf8\xd6\x9a\x7f\x0a\xbb\xbe\xfe/\xa3of&\x01\x02\
\xb9\x05~n\xf6\xc1\xe1\x94k\xf3=7\x1f\xb9\xf1\xde\
\xde\x8f\xe6<\x95{m\x03\x09\x10 \xd0\x16\x01\xc1\xbf\
-\x9dr\x9f\x04\x08\x10 \xd0x\x81\xbc\xe1\xbf_H\
\xff\xe7\xff\xb7\xde\xfdH\xf8\xd7\xbb\x1f\x0d\xbb\xbf\xf9T\
\xf8q\xef\xc3\x00}\x11 P\x8f@\xde\xf0\xdf\xdf\xdd\
s\xb3\x9e\x1eX\x95\x00\x81\xf1\x0a\x08\xfe\xe3\xf5\xb7;\
\x01\x02\x04\x08$&\xd0\x7f\xdb\xff\xd9\xab/\x0c3^\
up\xe1\xca&v|\xaf\xf0\x9cT&\xec\x9d\xd8\x1b\
\x9e\xdf\xfd\x5c\xf8\xee\x96'\xc3\xce\xde\xafA\xfcn\xef\
G#\x9e\xdf\xb1+\x95\xf2\xd4\xd1\x00\x81\xfe\xdb\xfe\xcf\
\xbe\xd9s\xb3h+<7\x8b\x8a\x19O\xa0\x99\x02\x82\
\x7f3\xfb\xe2\xae\x08\x10 @\xa0\xc5\x02\xfd\x0f\xfc\xfb\
\xcd\xde[\x8b}\x95\x13x\xba\xf7\x0f\x00\x0f\xf7\xdez\
\xbdc\xedC\xe5\x162\x9b\xc0O\x05\x8eX\xb60\x9c\
\xf6\xa7\xef\xe3QR\xa0\xff\x99%\xdf\xbc\xe5A\xcf\xcd\
\x92\x8e\xa6\x13\x88) \xf8\xc7\xd4\xb6\x17\x01\x02\x04\x08\
tF`\xc9\xb5+\xc3\xfcEGw\xa6\xde:\x0b\xed\
\xff\xde\xf5\xaf\xf7~3\x82\x7f\x00\xa8S\xb9#k\x1f\
\x10\xc2\x92k<7\xab\xeav\xff\xc7\x22\xbe\xbe\xcas\
\xb3*O\xeb\x10\xa8S@\xf0\xafS\xd7\xda\x04\x08\x10\
 \xd0Y\x01\xaf\xfaW\xdf\xfaG{\xaf0>t\xe5\
\xff\x0e?\xf2y\x08\xd5\xe3vh\xc5\xfe\xaf\xf9;\xd3\
;r*\xed\xf8\xe6\xde;s\x1e\xe9\xfd\xcaR\xcf\xcd\
JY-F\xa0R\x01\xc1\xbfRN\x8b\x11 @\x80\
\x00\x81\x97\x04\xbc\xea\xff\x92EU\xdf\xf5_\xfd\xbf}\
\xe5_\xfa\xf9\xff\xaa@\xbb\xb8\x8eW\xfdk\xe9z\xff\
\xd5\xff\xdb\x7f\xdbs\xb3\x16\x5c\x8b\x12\xa8@@\xf0\xaf\
\x00\xd1\x12\x04\x08\x10 @`:\x01\xaf\xfaO\xa7R\
\xfe1\xe1\xbf\xbca\xd7W\xf0\xaa\x7f='@\xf8\xaf\
\xc7\xd5\xaa\x04\xaa\x10\x10\xfc\xabP\xb4\x06\x01\x02\x04\x08\
\x10\x98F\xa0\xff\xeb\xfd\xce\xfd\xdb\x8bG\xfa\x84\xffi\
\x96\xf3\xd0>\x02O?\xfad\xb8\xeb\xfck\xbd\xb5x\
\x1f\x13\xdf\xe6\x17\xe8\xffz\xbf\xe5wzn\xe6\x17\xcb\
?\xb2\xff\xa1\x9cw\x9cwu\xfe\x09F\x12 \x10E\
@\xf0\x8f\xc2l\x13\x02\x04\x08\x10\xe8\xaa\x80\xb7\xfb\xd7\
\xd7\xf9\xcd7\xdc\x1b\x1e\xfe\xcc\xed\xf5m`\xe5t\x05\
\xbc\xdd\xbf\xd6\xde\xf6\x7f\xe6\xff\xe1+=7kE\xb6\
8\x81\x82\x02\x82\x7fA0\xc3\x09\x10 @\x80@\x11\
\x81c~\xf7\x9d\xe1\xc4\x0b\x97\x16\x99blN\x81\xc9\
\xc9\x10\xbez\xfe5a\xd7\xa6'r\xce0\x8c\xc0K\
\x02o\xfa\xc8\xe9\xe1\xf8\x15'\xbd\xf4\x80\xef*\x15\xf8\
\xcaJ\xcf\xcdJA-F\xa0\xa4\x80\xe0_\x12\xd0t\
\x02\x04\x08\x10 0L`\xde\xd9'\x84\xa5\x9f^>\
l\x88k%\x04\xb6m\xdc\x1a\xee\xe9\xbd\xe5\xdf\x17\x81\
\xa2\x02\xf3\xdf}BX\xf2\x87\x9e\x9bE\xdd\xf2\x8e\xdf\
\xbeik\xd8\xb0\xd2s3\xaf\x97q\x04\xea\x16\x10\xfc\
\xeb\x16\xb6>\x01\x02\x04\x08tZ\xe0\xd0\xb7\x1e\x19~\
\xf3\xba\x0fv\xda\xa0\xce\xe2\xbd\xea_\xa7n\xdak\x1f\
\xb6\xe8\xc8\xde\xaf\xf5\xf3\xdc\xac\xb3\xcb^\xf5\xafS\xd7\
\xda\x04\x8a\x09\x08\xfe\xc5\xbc\x8c&@\x80\x00\x01\x02\x85\
\x04\x04\xffB\x5c#\x0d~t\xcd\x83\xe1\x1f\xff`\xcd\
HsM\xea\xae\x80\xe0_\x7f\xef\xfd\xac\x7f\xfd\xc6v\
 \x90W@\xf0\xcf+e\x1c\x01\x02\x04\x08\x10\x18A\
@\xf0\x1f\x01\xad\xe0\x94=\x13\xcf\x855\xa7}\xce'\
\xfc\x17t\xeb\xfap\xc1\xbf\xfe\x13\xb0w\xf7\x9e\xf0\xe5\
\xb7_^\xffFv @ S@\xf0\xcf$2\x80\
\x00\x01\x02\x04\x08\x8c. \xf8\x8fn\x97w\xa6\xb7\xfb\
\xe7\x952n_\x01\xc1\x7f_\x8d\xfa\xbe_s\xde\xaa\
\xf0\xc3-O\xd5\xb7\x81\x95\x09\x10\xc8% \xf8\xe7b\
2\x88\x00\x01\x02\x04\x08\x8c& \xf8\x8f\xe6Vt\xd6\
\xd7\xae\x5c\x17\x9e\xb8\xf1\xfe\xa2\xd3\x8c\xef\xb0\x80\xe0\x1f\
\xa7\xf9\xeb/]\x1dv\xac}(\xcefv!@`\
\xa0\x80\xe0?\x90\xc6\x05\x02\x04\x08\x10 P^@\xf0\
/o\x98g\x85\xcd7\xf4~o\xf8g\xfc\xde\xf0<\
V\xc6\xfcD@\xf0\x8fs\x12\xfc\x9c\x7f\x1cg\xbb\x10\
\xc8\x12\x10\xfc\xb3\x84\x5c'@\x80\x00\x01\x02%\x04\x04\
\xff\x12x\x05\xa6\xfa\x80\xbf\x02X\x86N\x09\x08\xfeq\
\x0e\xc2\xa3\xb7\xf4>|\xf3\xe3>|3\x8e\xb6]\x08\
\x0c\x16\x10\xfc\x07\xdb\xb8B\x80\x00\x01\x02\x04J\x0b\x08\
\xfe\xa5\x09s- \xf8\xe7b2h\x1f\x81&\x05\xff\
]\xdbv\x86\xbb/\xfc\xf3\xb0g\xcb\xf6}\xee\xb0\xbe\
o_\xff\x81w\x86w|\xec\xbc\xfa6\xd8ge\xc1\
\x7f\x1f\x0c\xdf\x12\x18\xa3\x80\xe0?F|[\x13 @\
\x80@\xfa\x02\x82\x7f\x9c\x1e\x0b\xfeq\x9cS\xda\xa5I\
\xc1\xff\xef/\xbf)|\xfb\xfa{\xa2\xf2\x9er\xcb%\
\xe1\x88\x85\x0bj\xdfS\xf0\xaf\x9d\xd8\x06\x04r\x09\x08\
\xfe\xb9\x98\x0c\x22@\x80\x00\x01\x02\xa3\x09\x08\xfe\xa3\xb9\
\x15\x9d%\xf8\x17\x153\xbe)\xc1\xbf\xff[)\xd6\x7f\
\xf4\xc6\xf0\xd4\x9a\x07\xa26\xe5\xe4\x1b.\x0a\x0b\x16\x1f\
S\xfb\x9e\x82\x7f\xed\xc46 \x90K@\xf0\xcf\xc5d\
\x10\x01\x02\x04\x08\x10\x18M@\xf0\x1f\xcd\xad\xe8,\xc1\
\xbf\xa8\x98\xf1\x82\xbf\xe0\xefY@\xa0K\x02\x82\x7f\x97\
\xba\xadV\x02\x04\x08\x10\x88. \xf8\xc7!\x17\xfc\xe3\
8\xa7\xb4\x8b\xe0/\xf8\xa7t\x9e\xd5B K@\xf0\
\xcf\x12r\x9d\x00\x01\x02\x04\x08\x94\x10\x10\xfcK\xe0\x15\
\x98*\xf8\x17\xc02tJ@\xf0\x17\xfc=\x15\x08t\
I@\xf0\xefR\xb7\xd5J\x80\x00\x01\x02\xd1\x05\x04\xff\
8\xe4\x82\x7f\x1c\xe7\x94v\x11\xfc\x05\xff\x94\xce\xb3Z\
\x08d\x09\x08\xfeYB\xae\x13 @\x80\x00\x81\x12\x02\
\x82\x7f\x09\xbc\x02S\x05\xff\x02X\x86N\x09\x08\xfe\x82\
\xbf\xa7\x02\x81.\x09\x08\xfe]\xea\xb6Z\x09\x10 @\
 \xba\x80\xe0\x1f\x87\x5c\xf0\x8f\xe3\x9c\xd2.M\x0a\xfe\
w\x5c\xf8\xe7\xe1\x99\xbb\xbf\x11\x8d\xf7\xc0Y3\xc3\x19\
k/\x09\xb3\xe7\xcf\xa9}O\x9f\xea_;\xb1\x0d\x08\
\xe4\x12\x10\xfcs1\x19D\x80\x00\x01\x02\x04F\x13\x10\
\xfcGs+:K\xf0/*f|S\x82\xff\xbf=\
\xb2-\xdc\x7f\xf9Man\x84_\xad\xd7\xef\xfaA\xb3\
\x0e\x0e\xf3{{\x1d\xb1pA\x94C \xf8Ga\xb6\
\x09\x81L\x01\xc1?\x93\xc8\x00\x02\x04\x08\x10 0\xba\
\x80\xe0?\xba]\x91\x99\x82\x7f\x11-c\xfb\x021\x82\
\xff\xaem;\xc3}\x97\xdf\x1c^\x98xvZ\xf4\x17\
~\xf0\x5c\xf8\xd1\xc4\x9e\xf0\x9e\xf5\x9f\x9c\xf6z\x0a\x0f\
\x0a\xfe)tQ\x0d)\x08\x08\xfe)tQ\x0d\x04\x08\
\x10 \xd0X\x01\xc1?Nk\x04\xff8\xce)\xedR\
w\xf0\x9f\x9c\x0c\xe1\xab+\xfe$\xec\xde\xf4\xf8P\xb6\
\xb9\xcb\x17\x87\xa5W\xac\x18:\xa6\xcd\x17\x05\xff6w\
\xcf\xbd\xa7$ \xf8\xa7\xd4M\xb5\x10 @\x80@\xe3\
\x04\x04\xff8-\x11\xfc\xe38\xa7\xb4K\xfd\xc1\x7f2\
\xdc\xb4\xec\x13\xe1\x85\xed;\x87\xb2\x09\xfeCy\x5c$\
@\xa0\x22\x01\xc1\xbf\x22H\xcb\x10 @\x80\x00\x81\xe9\
\x04\x04\xff\xe9T\xaa\x7fL\xf0\xaf\xde4\xf5\x15\x05\xff\
8\x1d\xf6\x8a\x7f\x1cg\xbb\x10\xc8\x12\x10\xfc\xb3\x84\x5c\
'@\x80\x00\x01\x02%\x04\x04\xff\x12x\x05\xa6\x0a\xfe\
\x05\xb0\x0c\x9d\x12\x10\xfc\xe3\x1c\x04\xc1?\x8e\xb3]\x08\
d\x09\x08\xfeYB\xae\x13 @\x80\x00\x81\x12\x02\x82\
\x7f\x09\xbc\x02S\x05\xff\x02X\x86N\x09\x08\xfeq\x0e\
\x82\xe0\x1f\xc7\xd9.\x04\xb2\x04\x04\xff,!\xd7\x09\x10\
 @\x80@\x09\x01\xc1\xbf\x04^\x81\xa9\x82\x7f\x01,\
C\xa7\x04\x04\xff8\x07A\xf0\x8f\xe3l\x17\x02Y\x02\
\x82\x7f\x96\x90\xeb\x04\x08\x10 @\xa0\x84\x80\xe0_\x02\
\xaf\xc0T\xc1\xbf\x00\x96\xa1S\x02\x82\x7f\x9c\x83 \xf8\
\xc7q\xb6\x0b\x81,\x01\xc1?K\xc8u\x02\x04\x08\x10\
 PB@\xf0/\x81W`\xaa\xe0_\x00\xcb\xd0)\
\x81\xfa\x83\xbf_\xe7\xd7\x87\x16\xfc=\xe1\x084C@\
\xf0oF\x1f\xdc\x05\x01\x02\x04\x08$* \xf8\xc7i\
\xac\xe0\x1f\xc79\xa5]\xea\x0e\xfe}\xab\x89\xde\xaf\xf2\
\xdb|\xfd\x86\xf0\xfc\xc4s\xd3\xd2\xbd\xd0{\xfc\x85\xdd\
\xcf\x86S\xaf\xfe\xefa\xc6\xac\x99\xd3\x8ei\xfb\x83\x82\
\x7f\xdb;\xe8\xfeS\x11\x10\xfcS\xe9\xa4:\x08\x10 \
@\xa0\x91\x02\x82\x7f\x9c\xb6\x08\xfeq\x9cS\xda%F\
\xf0\xcf\xe3\xb5k\xdb\xcep\xf7\x87\xfe\x22\x1cv\xdc\xfc\
<\xc3\x07\x8e9h\xf6\xcc\xf0\xe6\x0f,\x09\xb3\xe7\xcf\
\x198f\x1c\x17\x04\xffq\xa8\xdb\x93\xc0+\x05\x04\xff\
W\x9ax\x84\x00\x01\x02\x04\x08T& \xf8WF9\
t!\xc1\x7f(\x8f\x8b\xd3\x084%\xf8ON\x86\xb0\
\xfe\xa37\x86\xa7\xd6<0\xcd]\x16{\xe8\xc0^\xf8\
?g\xfd\xa7\x1a\xf5\xee\x01\xc1\xbfX\x0f\x8d&P\x97\
\x80\xe0_\x97\xacu\x09\x10 @\x80@O@\xf0\x8f\
s\x0c\x04\xff8\xce)\xed\x92b\xf0\x0f\x07\x84p\xe6\
\xdd\x9fl\xd4\xab\xfe\x82\x7fJ\xcf\x1a\xb5\xb4Y@\xf0\
os\xf7\xdc;\x01\x02\x04\x084^@\xf0\x8f\xd3\x22\
\xc1?\x8esJ\xbb\x08\xfeq\xba)\xf8\xc7q\xb6\x0b\
\x81,\x01\xc1?K\xc8u\x02\x04\x08\x10 PB@\
\xf0/\x81W`\xaa\xe0_\x00\xcb\xd0)\x01\xc1?\xce\
A\x10\xfc\xe38\xdb\x85@\x96\x80\xe0\x9f%\xe4:\x01\
\x02\x04\x08\x10(! \xf8\x97\xc0+0U\xf0/\x80\
e\xe8\x94\x80\xe0\x1f\xe7 \x08\xfeq\x9c\xedB K\
@\xf0\xcf\x12r\x9d\x00\x01\x02\x04\x08\x94\x10\x10\xfcK\
\xe0\x15\x98*\xf8\x17\xc02tJ@\xf0\x8fs\x10\x04\
\xff8\xcev!\x90% \xf8g\x09\xb9N\x80\x00\x01\
\x02\x04J\x08\x08\xfe%\xf0\x0aL\x15\xfc\x0b`\x19:\
% \xf8\xc79\x08\x82\x7f\x1cg\xbb\x10\xc8\x12\x10\xfc\
\xb3\x84\x5c'@\x80\x00\x01\x02%\x04\x04\xff\x12x\x05\
\xa6\x0a\xfe\x05\xb0\x0c\x9d\x12hJ\xf0\xef\xdf\xcc\xdf_\
~S\xf8\xf6\xf5\xf7L\xddW\xa9\xff\xe3S\xfdK\xf1\
\x99L e\x01\xc1?\xe5\xee\xaa\x8d\x00\x01\x02\x04\xc6\
. \xf8\xc7i\x81\xe0\x1f\xc79\xa5]\x9a\x14\xfcw\
m\xdb\x19\xbe\xfe\x85u\xe1\x99\x8d\xdf*E\xfc\xa3\x89\
\xe7\xc2\xf1\x97\x9e\x17\x16\x9e\xb3\xb8\xd4:UN\xf6\x8a\
\x7f\x95\x9a\xd6\x220\xba\x80\xe0?\xba\x9d\x99\x04\x08\x10\
 @ S@\xf0\xcf$\xaad\x80\xe0_\x09c\xa7\
\x16iR\xf0\xaf\x12~\xe3\xe7\xd7\x85\x1fl\xdf\x19^\
\xb7\xf8\x8d\x03\x97\x9d\x7f\xe2\x1b\xc3\xec\xf9s\x06^\xaf\
\xf2\x82\xe0_\xa5\xa6\xb5\x08\x8c. \xf8\x8fng&\
\x01\x02\x04\x08\x10\xc8\x14\x10\xfc3\x89*\x19 \xf8W\
\xc2\xd8\xa9ER\x0d\xfe\xfdw\x0f\xdc\xb6\xec\xb2\xa1\xbd\
<p\xd6\xccp\xce\x86O\x85\x19\xbd\xff\xd6\xfd%\xf8\
\xd7-l}\x02\xf9\x04\x04\xff|NF\x11 @\x80\
\x00\x81\x91\x04\x04\xff\x91\xd8\x0aO\x12\xfc\x0b\x93u~\
B\x97\x83\x7f\xbf\xf9'\xdfpQX\xb0\xf8\x98\xda\xcf\
\x81\xe0_;\xb1\x0d\x08\xe4\x12\x10\xfcs1\x19D\x80\
\x00\x01\x02\x04F\x13\x10\xfcGs+:K\xf0/*\
f\xbc\xe0/\xf8{\x16\x10\xe8\x92\x80\xe0\xdf\xa5n\xab\
\x95\x00\x01\x02\x04\xa2\x0b\x08\xfeq\xc8\x05\xff8\xce)\
\xed\x22\xf8\x0b\xfe)\x9dg\xb5\x10\xc8\x12\x10\xfc\xb3\x84\
\x5c'@\x80\x00\x01\x02%\x04\x04\xff\x12x\x05\xa6\x0a\
\xfe\x05\xb0\x0c\x9d\x12\x10\xfc\x05\x7fO\x05\x02]\x12\x10\
\xfc\xbb\xd4m\xb5\x12 @\x80@t\x01\xc1?\x0e\xb9\
\xe0\x1f\xc79\xa5]\x04\x7f\xc1?\xa5\xf3\xac\x16\x02Y\
\x02\x82\x7f\x96\x90\xeb\x04\x08\x10 @\xa0\x84\x80\xe0_\
\x02\xaf\xc0T\xc1\xbf\x00\x96\xa1S\x02\x82\xbf\xe0\xef\xa9\
@\xa0K\x02\x82\x7f\x97\xba\xadV\x02\x04\x08\x10\x88.\
 \xf8\xc7!\x17\xfc\xe38\xa7\xb4\x8b\xe0/\xf8\xa7t\
\x9e\xd5B K@\xf0\xcf\x12r\x9d\x00\x01\x02\x04\x08\
\x94\x10\x10\xfcK\xe0\x15\x98*\xf8\x17\xc02tJ \
\xd5\xe0\xbf\xed\xfe\xc7\xc2\xdf}\xe0\xaa\xa1]~\xed9\
\x8b\xc3\xb2?Z1tLU\x17\xfd:\xbf\xaa$\xad\
C\xa0\x9c\x80\xe0_\xce\xcfl\x02\x04\x08\x10 0T\
@\xf0\x1f\xcaS\xd9E\xc1\xbf2\xca\xce,\x14+\xf8\
?\xfd\xe8\xb6\xb0w\xe2\xd9(\xae\xbbw<\x13\xfe\xe5\
\xaeo\x84%\xbdP?c\xd6\xcc({fm\x22\xf8\
g\x09\xb9N \x8e\x80\xe0\x1f\xc7\xd9.\x04\x08\x10 \
\xd0Q\x01\xc1?N\xe3\x05\xff8\xce)\xed\x12#\xf8\
o\xfc\xfc\xba\xf0\xf8\x17\xd6\xc5c; \x84S\xd6\x5c\
\x12\x8eX\xb8 \xde\x9e\x19;\x09\xfe\x19@.\x13\x88\
$ \xf8G\x82\xb6\x0d\x01\x02\x04\x08tS@\xf0\x8f\
\xd3w\xc1?\x8esJ\xbb\xd4\x1d\xfc'''\xc3\x9a\
s\xae\x0c{z\xaf\xf8G\xfb\xea\x05\xff3\xef\xfed\
\x98=\x7fN\xb4-\xb36\x12\xfc\xb3\x84\x5c'\x10G\
@\xf0\x8f\xe3l\x17\x02\x04\x08\x10\xe8\xa8\x80\xe0\x1f\xa7\
\xf1\x82\x7f\x1c\xe7\x94v\x89\x11\xfcoZ\xf6\x89\xf0\xc2\
\xf6\x9d\xf1\xd8\x04\xffx\xd6v\x22\xd02\x01\xc1\xbfe\
\x0ds\xbb\x04\x08\x10 \xd0.\x01\xc1?N\xbf\x04\xff\
8\xce)\xed\x22\xf8\xc7\xe9\xa6W\xfc\xe38\xdb\x85@\
\x96\x80\xe0\x9f%\xe4:\x01\x02\x04\x08\x10(! \xf8\
\x97\xc0+0U\xf0/\x80e\xe8\x94\x80\xe0\x1f\xe7 \
\x08\xfeq\x9c\xedB K@\xf0\xcf\x12r\x9d\x00\x01\
\x02\x04\x08\x94\x10\x10\xfcK\xe0\x15\x98*\xf8\x17\xc02\
tJ@\xf0\x8fs\x10\x04\xff8\xcev!\x90% \
\xf8g\x09\xb9N\x80\x00\x01\x02\x04J\x08\x08\xfe%\xf0\
\x0aL\x15\xfc\x0b`\x19:% \xf8\xc79\x08\x82\x7f\
\x1cg\xbb\x10\xc8\x12\x10\xfc\xb3\x84\x5c'@\x80\x00\x01\
\x02%\x04\x04\xff\x12x\x05\xa6\x0a\xfe\x05\xb0\x0c\x9d\x12\
\x10\xfc\xe3\x1c\x04\xc1?\x8e\xb3]\x08d\x09\x08\xfeY\
B\xae\x13 @\x80\x00\x81\x12\x02\x82\x7f\x09\xbc\x02S\
\x05\xff\x02X\x86N\x09\xd4\x1d\xfc\xfb\x9b<t\xdd\xfa\
\xf0\xc8\x15\xab\xa3\x89\xcf]\xbe8,\xbdbE\xb4\xfd\
\xf2l$\xf8\xe7Q2\x86@\xfd\x02\x82\x7f\xfd\xc6v\
 @\x80\x00\x81\x0e\x0b\x08\xfeq\x9a/\xf8\xc7qN\
i\x97\x18\xc1\xbf\xef\xb5w\xf7sa\xef\xc4\xb3Q\xe8\
f\xcf\x9f\x13e\x9f\x22\x9b\x08\xfeE\xb4\x8c%P\x9f\
\x80\xe0_\x9f\xad\x95\x09\x10 @\x80@\x10\xfc\xe3\x1c\
\x02\xc1?\x8esJ\xbb\xc4\x0a\xfe)\x99\x8dR\x8b\xe0\
?\x8a\x9a9\x04\xaa\x17\x10\xfc\xab7\xb5\x22\x01\x02\x04\
\x08\x10\xf8\x99\x80\xe0\xff3\x8aZ\xbf\x11\xfck\xe5M\
rq\xc1?N[\x05\xff8\xcev!\x90% \xf8\
g\x09\xb9N\x80\x00\x01\x02\x04J\x08\x08\xfe%\xf0\x0a\
L\x15\xfc\x0b`\x19:% \xf8\xc79\x08\x82\x7f\x1c\
g\xbb\x10\xc8\x12\x10\xfc\xb3\x84\x5c'@\x80\x00\x01\x02\
%\x04\x04\xff\x12x\x05\xa6\x0a\xfe\x05\xb0\x0c\x9d\x12\x10\
\xfc\xe3\x1c\x04\xc1?\x8e\xb3]\x08d\x09\x08\xfeYB\
\xae\x13 @\x80\x00\x81\x12\x02\x82\x7f\x09\xbc\x02S\x05\
\xff\x02X\x86N\x09\x08\xfeq\x0e\x82\xe0\x1f\xc7\xd9.\
\x04\xb2\x04\x04\xff,!\xd7\x09\x10 @\x80@\x09\x01\
\xc1\xbf\x04^\x81\xa9\x82\x7f\x01,C\xa7\x04\x04\xff8\
\x07A\xf0\x8f\xe3l\x17\x02Y\x02\x82\x7f\x96\x90\xeb\x04\
\x08\x10 @\xa0\x84\x80\xe0_\x02\xaf\xc0\xd4\xcd7\xdc\
\x1b\x1e\xfe\xcc\xed\x05f\x18\xdau\x01\xc1?\xce\x09\x10\
\xfc\xe38\xdb\x85@\x96\x80\xe0\x9f%\xe4:\x01\x02\x04\
\x08\x10(! \xf8\x97\xc0+0u\xe3\xaa\xf5\xe1\xb1\
?\xbb\xa7\xc0\x0cC\xbb. \xf8\xc79\x01\x82\x7f\x1c\
g\xbb\x10\xc8\x12\x10\xfc\xb3\x84\x5c'@\x80\x00\x01\x02\
%\x04\x04\xff\x12x9\xa7NN\x86p\xc7E_\x0a\
\xdf\xdd\xb0%\xe7\x0c\xc3\x08\x84\xd0\xb4\xe0\xbf\xed\x81\xc7\
\xc2\xee\x1d\xcf\x8c\xdc\x9a\x19\xb3g\x86\xc3\x8f[\x10f\
\xcf\x9f3\xf2\x1auL\x14\xfc\xebP\xb5&\x81\xe2\x02\
\x82\x7fq33\x08\x10 @\x80@n\x01\xc1?7\
\xd5\xc8\x03'{\xc9\xff\xafO\xba\x22\xfch\xf7\x9e\x91\
\xd70\xb1{\x02M\x0a\xfe\x8f\xac~ <\xf4\xd1\x1b\
K7\xe1\xe7\x17\xcc\x09\xef\xb9\xfb\x93\xa5\xd7\xa9r\x01\
\xc1\xbfJMk\x11\x18]@\xf0\x1f\xdd\xceL\x02\x04\
\x08\x10 \x90) \xf8g\x12\x95\x1e\xb0\xed\x81\xad\xe1\
\x9e\x0f^[z\x1d\x0btK\xa0)\xc1\xbf\xff\x8e\x95\
\xf5\xbd\xd0\xff\xd4\x9a\x07\xca7\xe0\x80\x10\xce\xec\x05\xff\
&\xbd\xea/\xf8\x97o\xab\x15\x08T! \xf8W\xa1\
h\x0d\x02\x04\x08\x10 0@@\xf0\x1f\x00S\xd1\xc3\
\xfd\xd0\xb4\xe1\xe3\xab\xc3\x8e\xb5\x0fU\xb4\xa2e\xba\x22\
 \xf8\xc7\xe9\xb4\xe0\x1f\xc7\xd9.\x04\xb2\x04\x04\xff,\
!\xd7\x09\x10 @\x80@\x09\x01\xc1\xbf\x04^\x8e\xa9\
\x13\xdb\xbf\x17n;\xef\xcf\xbc\xcd?\x87\x95!\xfb\x0b\
\x08\xfe\xfb{\xd4\xf5'\xc1\xbf.Y\xeb\x12(& \
\xf8\x17\xf32\x9a\x00\x01\x02\x04\x08\x14\x128j\xc5\xdb\
\xc2;>rF\xa19\x06\xe7\x17\xd8\xb8jC\xef\xd3\
\xfc7\xe4\x9f`$\x81\x9f\x0a\x08\xfeq\x8e\x82\xe0\x1f\
\xc7\xd9.\x04\xb2\x04\x04\xff,!\xd7\x09\x10 @\x80\
@\x09\x81\xb7~\xfa\x9cp\xdc\xd9o)\xb1\x82\xa9\x83\
\x04\xfa\xaf\xf6\xdfz\xda\xe7\x06]\xf68\x81\xa1\x02\x82\
\xffP\x9e\xca.\x0a\xfe\x95QZ\x88@)\x01\xc1\xbf\
\x14\x9f\xc9\x04\x08\x10 @`\xb8\xc0Yw^\x1cf\
\xcf;l\xf8 W\x0b\x0b\xec\xed}\x82\xff\xdasW\
\x85\xe7w\xec*<\xd7\x04\x02}\x01\xc1?\xce9\x10\
\xfc\xe38\xdb\x85@\x96\x80\xe0\x9f%\xe4:\x01\x02\x04\
\x08\x10\x18Q\xe0\x90\xe3\xe6\x86\xe57]0\xe2l\xd3\
\x06\x09\xfc\xe4\x03\xfd\xd6\xf4>\xd0\xef\xc1AC<N\
 S@\xf0\xcf$\xaad\x80\xe0_\x09\xa3E\x08\x94\
\x16\x10\xfcK\x13Z\x80\x00\x01\x02\x04\x08L/\xe0m\
\xfe\xd3\xbb\x94yT\xe8/\xa3g\xee\xbe\x02M\x0a\xfe\
_]\xf1'a\xf7\xa6\xc7\xf7\xbd\xbd\xd1\xbe\xef\xfd:\
\xbf\x93\xaf\xbf(,X|\xcch\xf3k\x98%\xf8\xd7\
\x80jI\x02#\x08\x08\xfe#\xa0\x99B\x80\x00\x01\x02\
\x04\xf2\x08x\x9b\x7f\x1e\xa5\xfcc\xfao\xef\xbf\xf3\xa2\
/\x85]\x9b\x9e\xc8?\xc9H\x02\x03\x04b\x05\xff\x89\
\xed;\xc3\xc4\xb6\x9d\x03\xee\x22\x84'\xee\xfeFx\xcd\
q\xbf\x18~\xe9\x947\x87\x19\xb3f\x0e\x1c\x97\xe7\xc2\
\xae\xde>\xf7]~s8\xf2\x94\xe3\xc3\xacy\xaf\x1e\
8%\xe6?\x0c\x08\xfe\x03\xdb\xe0\x02\x81\xa8\x02\x82\x7f\
Tn\x9b\x11 @\x80@W\x04\x8e\xbd\xe0\x9da\xd1\
\x05K\xbbRn\xedun{`k\xb8\xf7\x0fV\xfb\
\x99\xfe\xda\xa5\xbb\xb3A\x8c\xe0\xff\xd0\xf5\x1b\xc2#\xbd\
 >\xec\xeb5\xefzs8}\xd5\xef\x0c\x1bR\xe8\
\xda\xbf=\xb2-\xdcu\xce\x1f\x0d\x9d\xf3\xf3\xf3\xe7\x84\
\xb3\xd6^R\xfa\x1f\x1a\x86n\xf2\xd3\x8b\x82\x7f\x1e%\
c\x08\xd4/ \xf8\xd7ol\x07\x02\x04\x08\x10\xe8\x98\
\xc0A\xf3\x0e\x0dg\xaf\xbe0\xccx\xd5\xc1\x1d\xab\xbc\
\xfar\xb7m\xdc\x1a\x1e\xec\xfd\xba>\xaf\xf2Wo\xdb\
\xf5\x15\xeb\x0e\xfe\xfd\x1fK\xc9\xf3\x16\xfe\xb9\xcb\x17\x87\
\xa5W\xac\xa8\xac\x1d\xfdW\xfdo[vY\xe6z'\
\xdf\x10\xe7G\x02\x04\xff\xccV\x18@ \x8a\x80\xe0\x1f\
\x85\xd9&\x04\x08\x10 \xd0%\x81%\xd7\xae\x0c\xf3\x17\
\x1d\xdd\xa5\x92+\xabu\xef\x0f\xf6\x84\xa7\x1fy2\xec\
\xe8\xbd\x9d\xff\xa9\xafo\x15\xf8+\x93\xb5\xd0\xcb\x05\xea\
\x0f\xfe\x93\xe1\xa6e\x9f\x08/\xf4\xde\xea?\xecK\xf0\
\x1f\xa6\xe3\x1a\x01\x02U\x09\x08\xfeUIZ\x87\x00\x01\
\x02\x04\x08\xf4\x04\x8a\xbc\xc5\xbf\x1fr\xff\xdf]\x8f\x86\
\x9d\xdf|2<?\xb1'\xfcp\xc7\xf7;k\xf8B\
\xef\xe7\xf7\xff\xbdg\xf0|\x87\x0d:\xdb\xfc1\x15.\
\xf8{\xc5\x7fLG\xcf\xb6\x04\xc6\x22 \xf8\x8f\x85\xdd\
\xa6\x04\x08\x10 \x90\xa2@\x9e\xd0\xdf\x0f\xfb[\xd6\xfc\
S\xf8\xd7\xf5[\xbc\x9a\x9d\xe2!PSk\x04\x04\x7f\
\xc1\xbf5\x87\xd5\x8d\x12\xa8@@\xf0\xaf\x00\xd1\x12\x04\
\x08\x10 @ +\xf4\xf7\x03\xff\xe6\xeb\xef\x0b\x8f\x7f\
\xf1\xbe\xf0\xe3\xde\xab\xdb\xbe\x08\x10\x18\xaf\x80\xe0/\xf8\
\x8f\xf7\x04\xda\x9d@\x5c\x01\xc1?\xae\xb7\xdd\x08\x10 \
@ 1\x81\x03g\x1d\x1c\xfeS\xef\x13\xfc\x8f_q\
\xd2\xc0\xca\x9e\xde\xf2\x9d\xb0\xe1\xa2\xbf\xf2\x89\xf4\x03\x85\
\x5c \x10_@\xf0\x17\xfc\xe3\x9f:;\x12\x18\x9f\x80\
\xe0?>{;\x13 @\x80@\xcb\x05\x0e}\xeb\x91\
\xe1\xd7/?7\xcc\x9ew\xd8\xc0J6\xdfxox\
\xf8\xca\xdb\x07^w\x81\x00\x81\xf1\x08\x08\xfe\x82\xffx\
N\x9e]\x09\x8cG@\xf0\x1f\x8f\xbb]\x09\x10 @\
\xa0\xc5\x02\xfd\xc0\xff+\x17.\xcd\xfc\xe4\xfe\x8d\xab6\
\x84\xc7z\xbf\x8a\xce\x17\x01\x02\xcd\x13H5\xf8\xf7\x7f\
\x8d\xe0\x1d\x17\xfeyx\xe6\xeeo\x0cD\xff\x0f\xf3^\
\x13\xce\xbe\xf5\xa3a\xc6\xac\x99\x03\xc7Tu\xc1\xaf\xf3\
\xabJ\xd2:\x04\xca\x09\x08\xfe\xe5\xfc\xcc&@\x80\x00\
\x81\x8e\x08\xf4\xc3\xfe\xdc\x13\x8f\x0e\xf3z\xbf\xa6/\xcf\
\xaf\xea\x13\xfa;r0\x94\xd9Z\x81T\x83\xff\x8b\x0d\
\xd9\xf6\xc0c/~\xbb\xdf\x7fg\xcc>$\xcc^0\
'J\xe8\xefo,\xf8\xef\xc7\xef\x0f\x04\xc6& \xf8\
\x8f\x8d\xde\xc6\x04\x08\x14\x15\xe8\xff,\xf5\x9cEG\x85\
_\x98\x7fX8\xfc\xb8\xd7\x15\x9dn<\x81\xc2\x02\xb3\
zo\xe1\x9f\xd5;o\xb3\xe7\xbd\xba\xd0\x5c\x7f\xd1-\
\xc4e0\x81\xb1\x08\xa4\x1e\xfc\xc7\x82:\xcd\xa6\xfe\xff\
\xe14(\x1e\x220\x06\x01\xc1\x7f\x0c\xe8\xb6$@\xa0\
\x98\xc0\xe1K\x8f\x0boZ\xf1\xf6\x5c\xaf\xb2\x16[\xd9\
h\x02\xd5\x0bL\xec\xf8^\xb8\xfd\xb7\xaf\xf1A~\xd5\
\xd3Z\x91@\xa5\x02\x82\x7f\xa5\x9c\x03\x17\x13\xfc\x07\xd2\
\xb8@ \xaa\x80\xe0\x1f\x95\xdbf\x04\x08\x14\x118\xa2\
\x17\xf8\xdf~\xc9\x19C?8\xad\xc8z\xc6\x12\x88!\
\xb0\xfe\xd2\xd5a\xc7\xda\x87ble\x0f\x02\x04J\x08\
\x08\xfe%\xf0\x0aL\x15\xfc\x0b`\x19J\xa0F\x01\xc1\
\xbfF\x5cK\x13 0\x9a@\xff-\xfd\xbf~\xd5\xfb\
\xbc\xc2?\x1a\x9fYc\x14\xd8\xb6qk\xb8\xe7\xfck\
\xc7x\x07\xb6&@ \xaf\x80\xe0\x9fW\xaa\xdc8\xc1\
\xbf\x9c\x9f\xd9\x04\xaa\x12\x10\xfc\xab\x92\xb4\x0e\x01\x02\x95\
\x08\x1c4\xef\xd0p\xfau\x1f\xf4*\x7f%\x9a\x16\x89\
-p\xfb\x87\xbf\x14\xbe\xbbaK\xecm\xedG\x80\xc0\
\x08\x02\x82\xff\x08h#L\x11\xfcG@3\x85@\x0d\
\x02\x82\x7f\x0d\xa8\x96$@`4\x01\xa1\x7f47\xb3\
\x9a!\xd0\xff\xd9\xfe[O\xfd\x5c3n\xc6]\x10 \
\x90) \xf8g\x12U2@\xf0\xaf\x84\xd1\x22\x04J\
\x0b\x08\xfe\xa5\x09-@\x80@\x15\x02B\x7f\x15\x8a\xd6\
\x18\xa7\x80\xbf\xdc\x8eS\xdf\xde\x04\x8a\x0b\x08\xfe\xc5\xcd\
F\x99\xe1\xff7\x8e\xa2f\x0e\x81\xea\x05\x04\xff\xeaM\
\xadH\x80\xc0\x08\x02\xa7\xddtA8\xe2\xb8\xb9#\xcc\
4\x85@3\x04\xbe\xb2\xf2\x9a\xb0k\xd3\x13\xcd\xb8\x19\
wA\x80@\xa6\x80\xe0\x9fIT\xc9\x00\xc1\xbf\x12F\
\x8b\x10(- \xf8\x97&\xb4\x00\x01\x02e\x05\x8eZ\
\xf1\xb6\xf0\x8e\x8f\x9cQv\x19\xf3\x09\x8cU\xe0\x7f\xbd\
\xfd\xf2\xf0\xa3\xdd{\xc6z\x0f6'@ \xbf\x80\xe0\
\x9f\xdf\xaa\xccH\xc1\xbf\x8c\x9e\xb9\x04\xaa\x13\x10\xfc\xab\
\xb3\xb4\x12\x01\x02#\x08x\x8b\xff\x08h\xa64N`\
o/\xf0\x7f\xb9\x17\xfc}\x11 \xd0\x1e\x01\xc1?N\
\xaf\x04\xff8\xcev!\x90% \xf8g\x09\xb9N\x80\
@\xad\x02\xf3\xce>!,\xfd\xf4\xf2Z\xf7\xb08\x81\
\xba\x05\xfc\x1a\xbf\xba\x85\xadO\xa0z\x81\x94\x83\xffC\
\xd7m\x08\xdf\xbaa\xc3\xb4h?7{fX\xb0\xec\
\xf8p\xe2\x87\xe3\xbc\xd3N\xf0\x9f\xb6\x0d\x1e$\x10]\
@\xf0\x8fNnC\x02\x04\xf6\x158\xeb\xce\x8b\xfd\xea\
\xbe}A|\xdfJ\x01\xc1\xbf\x95ms\xd3\x1d\x17H\
5\xf8\xef\x99x6\xac^\xf4\xfb\x99\xdd=\xe5\x96K\
\xc2\x11\x0b\x17d\x8e+;@\xf0/+h>\x81j\
\x04\x04\xffj\x1c\xadB\x80\xc0\x08\x02\x87\xbe\xf5\xc8\xf0\
\x9b\xd7}p\x84\x99\xa6\x10h\x96\x80\xe0\xdf\xac~\xb8\
\x1b\x02y\x04R\x0d\xfe\xbb\xb6\xed\x0c\xb7-\xbb,\x93\
\xe0\xe4\x1b.\x0a\x0b\x16\x1f\x939\xae\xec\x00\xc1\xbf\xac\
\xa0\xf9\x04\xaa\x11\x10\xfc\xabq\xb4\x0a\x01\x02#\x08\xf8\
P\xbf\x11\xd0Li\xa4\x80\xe0\xdf\xc8\xb6\xb8)\x02C\
\x05\x04\x7f\xc1\x7f\xe8\x01q\x91@b\x02\x82\x7fb\x0d\
U\x0e\x816\x09\x9ct\xd5\xfb\xc2\x1b\x96.l\xd3-\
\xbbW\x02\xd3\x0a\x08\xfe\xd3\xb2x\x90@\xa3\x05\x04\x7f\
\xc1\xbf\xd1\x07\xd4\xcd\x11\xa8X@\xf0\xaf\x18\xd4r\x04\
\x08\xe4\x178\xfd\xe6\x0b\xc2\xe1\xc7\xce\xcd?\xc1H\x02\
\x0d\x15\x10\xfc\x1b\xda\x18\xb7E`\x88\x80\xe0/\xf8\x0f\
9\x1e.\x11HN@\xf0O\xae\xa5\x0a\x22\xd0\x1e\x01\
\x1f\xec\xd7\x9e^\xb9\xd3\xe1\x02\x82\xffp\x1fW\x094\
Q@\xf0\x17\xfc\x9bx.\xdd\x13\x81\xba\x04\x04\xff\xba\
d\xadK\x80@\xa6\x80\xe0\x9fId@K\x04\x04\xff\
\x964\xcam\x12\xd8G@\xf0\x17\xfc\xf79\x0e\xbe%\
\x90\xbc\x80\xe0\x9f|\x8b\x15H\xa0\xb9\x02\x82\x7fs{\
\xe3\xce\x8a\x09\x08\xfe\xc5\xbc\x8c&\xd0\x04\x81\xba\x83\x7f\
\xbf\xc6\xbf\xbf\xfc\xa6\xf0\xed\xeb\xef\x19Z\xee\xdc\xe5\x8b\
\xc3\xd2+V\x0c\x1dS\xe4b\xdeO\xf5?s\xfd'\
\xc3\xec\xf9s\x8a,=\xd2X\x9f\xea?\x12\x9bI\x04\
*\x17\x10\xfc+'\xb5 \x01\x02y\x05\x04\xff\xbcR\
\xc65]@\xf0oz\x87\xdc\x1f\x81W\x0a\xc4\x08\xfe\
{w?\x17\xfe\xf9o7\x87'7~\xeb\x957\xf0\
\xd3Gvm\xd9\x1e\xde\xb5\xea\xbfU\x16\xc27~~\
]\xf8\xce\x03\x8f\x85_X08\xd4\x1f{\xce\xe2(\
\xbf\xca\xaf_\xa2\xe0?\xb0\xf5.\x10\x88* \xf8G\
\xe5\xb6\x19\x01\x02\xfb\x0a\x08\xfe\xfbj\xf8\xbe\xcd\x02\x82\
\x7f\x9b\xbb\xe7\xde\xbb*\x10#\xf8\xe7\xb1\xed\xbfB\x7f\
\xf7\x87\xfe\x22\x1c2\xef5\xe1\xa0\xd93\xf3L\x198\
\xe6\x87\xbd\xb5^\xbb\xf8\x98p\xe2\x87\xcf\x188&\xf6\
\x05\xc1?\xb6\xb8\xfd\x08L/ \xf8O\xef\xe2Q\x02\
\x04\x22\x08\x08\xfe\x11\x90m\x11E@\xf0\x8f\xc2l\x13\
\x02\x95\x0a4%\xf8ON\x86\xb0\xfe\xa37\x86\xa7\xd6\
<P\xbe\xbe\x03B8e\xcd%\xe1\x88\x85\x0b\xca\xaf\
U\xd1\x0a\x82\x7fE\x90\x96!PR@\xf0/\x09h\
:\x01\x02\xa3\x0b\x08\xfe\xa3\xdb\x99\xd9,\x01\xc1\xbfY\
\xfdp7\x04\xf2\x08\xa4\x1a\xfc\xcf\xbc;\xce\xcf\xee\xe7\
1\xee\x8f\x11\xfc\xf3J\x19G\xa0^\x01\xc1\xbf^_\
\xab\x13 0D@\xf0\x1f\x82\xe3R\xab\x04\x04\xffV\
\xb5\xcb\xcd\x12\x98\x12\x10\xfc\xe3\x1c\x04\xc1?\x8e\xb3]\
\x08d\x09\x08\xfeYB\xae\x13 P\x9b\x80\xe0_\x1b\
\xad\x85#\x0b\x08\xfe\x91\xc1mG\xa0\x02\x01\xc1\xbf\x02\
\xc4\x1cK\x08\xfe9\x90\x0c!\x10A@\xf0\x8f\x80l\
\x0b\x02\x04\xa6\x17\x10\xfc\xa7w\xf1h\xfb\x04\x04\xff\xf6\
\xf5\xcc\x1d\x13\x10\xfc\xe3\x9c\x01\xc1?\x8e\xb3]\x08d\
\x09\x08\xfeYB\xae\x13 P\x9b\x80\xe0_\x1b\xad\x85\
#\x0b\x08\xfe\x91\xc1mG\xa0\x02\x01\xc1\xbf\x02\xc4\x1c\
K\x08\xfe9\x90\x0c!\x10A@\xf0\x8f\x80l\x0b\x02\
\x04\xa6\x17\x10\xfc\xa7w\xf1h\xfb\x04\x04\xff\xf6\xf5\xcc\
\x1d\x13\x10\xfc\xe3\x9c\x01\xc1?\x8e\xb3]\x08d\x09\x08\
\xfeYB\xae\x13 P\x9b\x80\xe0_\x1b\xad\x85#\x0b\
\x08\xfe\x91\xc1mG\xa0\x02\x81\xa6\x04\xff~)\x1b?\
\xbf.<\xfe\x85u\xe5\xab:\xe0\x80p\xee\xa6\xcf\x84\
\x19\xb3f\x96_\xab\xa2\x15\x04\xff\x8a -C\xa0\xa4\
\x80\xe0_\x12\xd0t\x02\x04F\x17\x10\xfcG\xb73\xb3\
Y\x02\x82\x7f\xb3\xfa\xe1n\x08\xe4\x11hR\xf0\xdf3\
\xf1\x5c\xf8\x87\xcbo\x0a?\xdc\xb63\xcf\xadO;\xe6\
\xa0\xd9\x87\x847._\x1c~\xe9]\xc7O{}\x5c\
\x0f\x0a\xfe\xe3\x92\xb7/\x81\xfd\x05\x04\xff\xfd=\xfc\x89\
\x00\x81\x88\x02\x82\x7fDl[\xd5* \xf8\xd7\xcak\
q\x02\xb5\x084)\xf8\xd7R`C\x16\x15\xfc\x1b\xd2\
\x08\xb7\xd1y\x01\xc1\xbf\xf3G\x00\x00\x81\xf1\x09\x08\xfe\
\xe3\xb3\xb7s\xb5\x02\x82\x7f\xb5\x9eV#\x10C@\xf0\
\x8f\xa1\x1c\x82\xe0\x1f\xc7\xd9.\x04\xb2\x04\x04\xff,!\
\xd7\x09\x10\xa8M@\xf0\xaf\x8d\xd6\xc2\x91\x05\x04\xff\xc8\
\xe0\xb6#P\x81\x80\xe0q\xe3\xa5\xdb\x00\x00\x0bII\
DAT_\x01b\x8e%\x04\xff\x1cH\x86\x10\x88 \
 \xf8G@\xb6\x05\x01\x02\xd3\x0b\x08\xfe\xd3\xbbx\xb4\
}\x02\x82\x7f\xfbz\xe6\x8e\x09\x08\xfeq\xce\x80\xe0\x1f\
\xc7\xd9.\x04\xb2\x04\x04\xff,!\xd7\x09\x10\xa8M@\
\xf0\xaf\x8d\xd6\xc2\x91\x05\x04\xff\xc8\xe0\xb6#P\x81\x80\
\xe0_\x01b\x8e%\x04\xff\x1cH\x86\x10\x88  \xf8\
G@\xb6\x05\x01\x02\xd3\x0b\x08\xfe\xd3\xbbx\xb4}\x02\
\x82\x7f\xfbz\xe6\x8e\x09\x08\xfeq\xce\x80\xe0\x1f\xc7\xd9\
.\x04\xb2\x04\x04\xff,!\xd7\x09\x10\xa8M@\xf0\xaf\
\x8d\xd6\xc2\x91\x05\x04\xff\xc8\xe0\xb6#P\x81\x80\xe0_\
\x01b\x8e%\x04\xff\x1cH\x86\x10\x88  \xf8G@\
\xb6\x05\x01\x02\xd3\x0b\x08\xfe\xd3\xbbx\xb4}\x02\x82\x7f\
\xfbz\xe6\x8e\x09\x08\xfeq\xce\x80\xe0\x1f\xc7\xd9.\x04\
\xb2\x04\x04\xff,!\xd7\x09\x10\xa8M@\xf0\xaf\x8d\xd6\
\xc2\x91\x05\x04\xff\xc8\xe0\xb6#P\x81\x80\xe0_\x01b\
\x8e%\x04\xff\x1cH\x86\x10\x88  \xf8G@\xb6\x05\
\x01\x02\xd3\x0b\x08\xfe\xd3\xbbx\xb4}\x02\x82\x7f\xfbz\
\xe6\x8e\x09\xc4\x08\xfe\xbb\xb6\xed\x0c\xf7]~sxa\
\xe2\xd9i\xc1\x7fa\xc1\x9c\xf0k\x97\x9e\x17f\xcc\x9a\
9\xed\xf5Q\x1f|\xe8\xba\x0d\xe1\xdbwm\x1e8\xfd\
\xb5\x8b\x8f\x09'~\xf8\x8c\x81\xd7\xab\xbc \xf8W\xa9\
i-\x02\xa3\x0b\x08\xfe\xa3\xdb\x99I\x80@I\x01\xc1\
\xbf$\xa0\xe9\x8d\x11\x10\xfc\x1b\xd3\x0a7B \xb7@\
\xdd\xc1\x7fr2\x84\xaf\xae\xf8\x93\xb0{\xd3\xe3C\xef\
\xe9?~\xe8\x8cJC\xf8\x9e\xde?2\xac^\xf4\xfb\
C\xf7\xec_<\xe5\x96K\xc2\x11\x0b\x17d\x8e+;\
@\xf0/+h>\x81j\x04\x04\xffj\x1c\xadB\x80\
\xc0\x08\x02\x82\xff\x08h\xa64R@\xf0od[\xdc\
\x14\x81\xa1\x02\xf5\x07\xff\xc9p\xd3\xb2O\x84\x17\xb6\xef\
\x1cz\x1fs\x97/\x0eK\xafX1tL\x91\x8b\xfd\
w\x19\xdc\xb6\xec\xb2\xcc)'\xdfpQX\xd0{\xe5\
\xbf\xee/\xc1\xbfna\xeb\x13\xc8' \xf8\xe7s2\
\x8a\x00\x81\x1a\x04\x04\xff\x1aP-9\x16\x01\xc1\x7f,\
\xec6%PJ@\xf0\x17\xfcK\x1d \x93\x09\xb4L\
@\xf0oY\xc3\xdc.\x81\x94\x04\x04\xff\x94\xba\xd9\xed\
Z\x04\xffn\xf7_\xf5\xed\x14\x10\xfc\x05\xffv\x9e\x5c\
wM`4\x01\xc1\x7f47\xb3\x08\x10\xa8@@\xf0\
\xaf\x00\xd1\x12\x8d\x10\x10\xfc\x1b\xd1\x067A\xa0\x90\x80\
\xe0/\xf8\x17:0\x06\x13h\xb9\x80\xe0\xdf\xf2\x06\xba\
}\x02m\x16\x10\xfc\xdb\xdc=\xf7\xbe\xaf\x80\xe0\xbf\xaf\
\x86\xef\x09\xb4C@\xf0\x17\xfc\xdbqR\xdd%\x81j\
\x04\x04\xffj\x1c\xadB\x80\xc0\x08\x02\x82\xff\x08h\xa6\
4R@\xf0od[\xdc\x14\x81\xa1\x02\x82\xbf\xe0?\
\xf4\x80\xb8H 1\x01\xc1?\xb1\x86*\x87@\x9b\x04\
\x04\xff6u\xcb\xbd\x0e\x13\x10\xfc\x87\xe9\xb8F\xa0\x99\
\x02\x82\xbf\xe0\xdf\xcc\x93\xe9\xae\x08\xd4# \xf8\xd7\xe3\
jU\x02\x04r\x08\x08\xfe9\x90\x0ci\x85\x80\xe0\xdf\
\x8a6\xb9I\x02\xfb\x09\x08\xfe\x82\xff~\x07\xc2\x1f\x08\
$. \xf8'\xde`\xe5\x11h\xb2\x80\xe0\xdf\xe4\xee\
\xb8\xb7\x22\x02\x82\x7f\x11-c\x094C@\xf0\x17\xfc\
\x9bq\x12\xdd\x05\x818\x02\x82\x7f\x1cg\xbb\x10 0\
\x8d\x80\xe0?\x0d\x8a\x87Z) \xf8\xb7\xb2mn\xba\
\xe3\x02\x82\xbf\xe0\xdf\xf1\xa7\x80\xf2;& \xf8w\xac\
\xe1\xca%\xd0$\x01\xc1\xbfI\xddp/e\x04\x04\xff\
2z\xe6\x12\x18\x8f\x80\xe0/\xf8\x8f\xe7\xe4\xd9\x95\xc0\
x\x04\x04\xff\xf1\xb8\xdb\x95\x00\x81\x9e\x80\xe0\xef\x18\xa4\
\x22 \xf8\xa7\xd2IutI@\xf0\x17\xfc\xbbt\xde\
\xd5J@\xf0w\x06\x08\x10\x18\x9b\x80\xe0?6z\x1b\
W, \xf8W\x0cj9\x02\x11\x04\x04\x7f\xc1?\xc2\
1\xb3\x05\x81\xc6\x08\x08\xfe\x8di\x85\x1b!\xd0=\x01\
\xc1\xbf{=O\xb5b\xc1?\xd5\xce\xaa+e\x01\xc1\
_\xf0O\xf9|\xab\x8d\xc0\xcb\x05\x04\xff\x97\x8b\xf83\
\x01\x02\xd1\x04\x04\xffh\xd46\xaaY@\xf0\xaf\x19\xd8\
\xf2\x04j\x10\x10\xfc\x05\xff\x1a\x8e\x95%\x094V@\
\xf0olk\xdc\x18\x81\xf4\x05\x04\xff\xf4{\xdc\x95\x0a\
\x05\xff\xaetZ\x9d)\x09\x08\xfe\x82\x7fJ\xe7Y-\
\x04\xb2\x04\x04\xff,!\xd7\x09\x10\xa8M@\xf0\xaf\x8d\
\xd6\xc2\x91\x05\x04\xff\xc8\xe0\xb6#P\x81@S\x82\xff\
k\xde\xf5\xe6p\xfa\xaa\xdf\xa9\xa0\xa2\x9f,\xb1k\xdb\
\xcep\xdb\xb2\xcb2\xd7;\xf9\x06\xc1?\x13\xc9\x00\x02\
\x09\x09\x08\xfe\x095S)\x04\xda& \xf8\xb7\xadc\
\xeew\x90\x80\xe0?H\xc6\xe3\x04\x9a+\xd0\x94\xe0\x7f\
\xe0\xac\x99\xe1\x0d\x1fX\x12\x8e\xee\xfd\x03\xc0\x8c\xd93\
K\x81\xcd\x9e?'\x08\xfe\xa5\x08M&\x90\xac\x80\xe0\
\x9flk\x15F\xa0\xf9\x02\x82\x7f\xf3{\xe4\x0e\xf3\x09\
\x08\xfe\xf9\x9c\x8c\x22\xd0$\x81\xa6\x04\xff\xb9\xe7,\x0e\
?\xec\xbdJ\xbf{\xd3\xe3\xa5y\xfak\xfd\xea\x87\xce\
\xf0\x8a\x7fiI\x0b\x10HO@\xf0O\xaf\xa7*\x22\
\xd0\x1a\x01\xc1\xbf5\xadr\xa3\x19\x02\x82\x7f\x06\x90\xcb\
\x04\x1a(\xd0\xa4\xe0?\xd9\xf3yj\xcd\x03\xe5\x95\x0e\
\x08\xe1\xe4\xeb.\x0a\x7f\xf7\x81\xab2\xd7\xf2V\xffL\
\x22\x03\x08$% \xf8'\xd5N\xc5\x10h\x97\x80\xe0\
\xdf\xae~\xb9\xdb\xc1\x02\x82\xff`\x1bW\x084U@\
\xf0\xf73\xfeM=\x9b\xee\x8b@\x1d\x02\x82\x7f\x1d\xaa\
\xd6$@ \x97\x80\xe0\x9f\x8b\xc9\xa0\x16\x08\x08\xfe-\
h\x92[$\xf02\x01\xc1_\xf0\x7f\xd9\x91\xf0G\x02\
I\x0b\x08\xfeI\xb7Wq\x04\x9a- \xf87\xbb?\
\xee.\xbf\x80\xe0\x9f\xdf\xcaH\x02M\x11\x10\xfc\x05\xff\
\xa6\x9cE\xf7A \x86\x80\xe0\x1fC\xd9\x1e\x04\x08L\
+ \xf8O\xcb\xe2\xc1\x16\x0a\x08\xfe-l\x9a[\xee\
\xbc\x80\xe0/\xf8w\xfeI\x00\xa0S\x02\x82\x7f\xa7\xda\
\xadX\x02\xcd\x12\x10\xfc\x9b\xd5\x0fw3\xba\x80\xe0?\
\xba\x9d\x99\x04\xc6% \xf8\x0b\xfe\xe3:{\xf6%0\
\x0e\x01\xc1\x7f\x1c\xea\xf6$@`J@\xf0w\x10R\
\x11\x10\xfcS\xe9\xa4:\xba$ \xf8\x0b\xfe]:\xef\
j% \xf8;\x03\x04\x08\x8cM@\xf0\x1f\x1b\xbd\x8d\
+\x16\x10\xfc+\x06\xb5\x1c\x81\x08\x02M\x0a\xfes\x17\
\xbd1<\xf4\xb1/\x96\xaf\xba\xf7\xeb\xfcN\xb8\xfc\xfd\
\xe1\xa1\x8ff\xaf\xe5\xd7\xf9\x95\xe7\xb6\x02\x816\x09\x08\
\xfem\xea\x96{%\x90\x98\x80\xe0\x9fXC;\x5c\x8e\
\xe0\xdf\xe1\xe6+\xbd\xb5\x02\x8d\x09\xfe\xcb\x17\x87\xa5W\
\xac\x08\x13\xdbw\x86\x89m;KyNl\x7f&\xfc\
\xf3\xea\xfb\xc3\xeeM\x8fg\xae#\xf8g\x12\x19@ \
)\x01\xc1?\xa9v*\x86@\xbb\x04\x04\xffv\xf5\xcb\
\xdd\x0e\x16\x10\xfc\x07\xdb\xb8B\xa0\xa9\x02M\x0b\xfeU\
9m\xbb\xff\xb1\xf0w\x1f\xb8*s9\xc1?\x93\xc8\
\x00\x02I\x09\x08\xfeI\xb5S1\x04\xda% \xf8\xb7\
\xab_\xeev\xb0\x80\xe0?\xd8\xc6\x15\x02M\x15H5\
\xf8\xef\xea\xbdk\xe0\xb6e\x97\x0dg\xef\xfdH\xc0\xc9\
\xd7\xfb\x19\xff\xe1H\xae\x12HK@\xf0O\xab\x9f\xaa\
!\xd0*\x01\xc1\xbfU\xedr\xb3C\x04\x04\xff!8\
.\x11h\xa8\x80\xe0/\xf87\xf4h\xba-\x02\xb5\x08\
\x08\xfe\xb5\xb0Z\x94\x00\x81<\x02\x82\x7f\x1e%c\xda\
  \xf8\xb7\xa1K\xee\x91\xc0\xfe\x02\x82\xbf\xe0\xbf\xff\
\x89\xf0'\x02i\x0b\x08\xfei\xf7Wu\x04\x1a- \
\xf87\xba=n\xae\x80\x80\xe0_\x00\xcbP\x02\x0d\x11\
\x10\xfc\x05\xff\x86\x1cE\xb7A \x8a\x80\xe0\x1f\x85\xd9\
&\x04\x08L' \xf8O\xa7\xe2\xb16\x0a\x08\xfem\
\xec\x9a{\xee\xba\x80\xe0/\xf8w\xfd9\xa0\xfen\x09\
\x08\xfe\xdd\xea\xb7j\x094J@\xf0oT;\xdcL\
\x09\x81\xcd7\xde\x1b\x1e\xbe\xf2\xf6\x12+\x98J\x80@\
l\x01\xc1_\xf0\x8f}\xe6\xecG`\x9c\x02\x82\xff8\
\xf5\xedM\xa0\xe3\x02\x82\x7f\xc7\x0f@B\xe5\x7f\xed\xca\
u\xe1\x89\x1b\xefO\xa8\x22\xa5\x10H_@\xf0\x17\xfc\
\xd3?\xe5*$\xf0\x92\x80\xe0\xff\x92\x85\xef\x08\x10\x88\
, \xf8G\x06\xb7]m\x02_YyM\xd8\xb5\xe9\
\x89\xda\xd6\xb70\x01\x02\xd5\x0b\x08\xfe\x82\x7f\xf5\xa7\xca\
\x8a\x04\x9a+ \xf87\xb77\xee\x8c@\xf2\x02\x82\x7f\
\xf2-\xeeD\x81\x13;\xbe\x17n=\xf5s\x9d\xa8U\
\x91\x04R\x12\x10\xfc\x05\xff\x94\xce\xb3Z\x08d\x09\x08\
\xfeYB\xae\x13 P\x9b\xc0\xfb\xff\xef\xa7j[\xdb\
\xc2\x04b\x09<z\xcb\x83\xe1\x1f?\xbe&\xd6v\xf6\
!@\xa0\x22\x01\xc1_\xf0\xaf\xe8(Y\x86@+\x04\
\x04\xffV\xb4\xc9M\x12HS@\xf0O\xb3\xaf]\xab\
\xeaoN\xfdlx~\xc7\xae\xae\x95\xad^\x02\xad\x17\
\x10\xfc\x05\xff\xd6\x1fb\x05\x10(  \xf8\x17\xc02\
\x94\x00\x81\xea\x04\x0e9nnX~\xd3\x05\xd5-h\
%\x02c\x10\xf0j\xff\x18\xd0mI\xa0\x22\x01\xc1_\
\xf0\xaf\xe8(Y\x86@+\x04\x04\xffV\xb4\xc9M\x12\
HO\xe0\x88\xa5\x0b\xc3iW\xbd/\xbd\xc2T\xd4\x19\
\x81\xbd?\xd8\x13\xd6._\xe5\xd5\xfe\xcet\x5c\xa1\xa9\
\x09\x08\xfe\x82\x7fjgZ=\x04\x86\x09\x08\xfe\xc3t\
\x5c#@\xa06\x817}\xe4\xf4p\xfc\x8a\x93j[\
\xdf\xc2\x04\xea\x16\xf8\x87\xde\xaf\xf0\xdb\xeaW\xf8\xd5\xcd\
l}\x02\xb5\x09\x08\xfe\x82\x7fm\x87\xcb\xc2\x04\x1a(\
 \xf87\xb0)n\x89@\x17\x04|\xa2\x7f\x17\xba\x9c\
n\x8d\x1bWm\x08\x8f\xfd\xd9\x86t\x0bT\x19\x81\x0e\
\x08\x08\xfe\x82\x7f\x07\x8e\xb9\x12\x09\xfcL@\xf0\xff\x19\
\x85o\x08\x10\x88%\xe0\xe7\xfbcI\xdb\xa7\x0e\x01?\
\xd7_\x87\xaa5\x09\xc4\x17\x10\xfc\x05\xff\xf8\xa7\xce\x8e\
\x04\xc6' \xf8\x8f\xcf\xde\xce\x04:+\xf0\xd6O\x9f\
\x13\x8e;\xfb-\x9d\xad_\xe1\xed\x15\xf0J\x7f{{\
\xe7\xce\x09\xbc\x5c@\xf0\x17\xfc_~&\xfc\x99@\xca\
\x02\x82\x7f\xca\xddU\x1b\x81\x06\x0a\x1c4\xef\xd0\xf0\xde\
;\x7f\xaf\x81w\xe6\x96\x08\x0c\x16\x98\xd8\xf1\xbd\xf0\x7f\
.]\x13vmzb\xf0 W\x08\x10h\x95@S\
\x82\xff/~\xe0\x9d\xe1\xbf|\xec\xbc\xca\xecvm\xdb\
\x19n[v\xd9\xf0\xf5\x0e\x08\xe1\xe4\xeb\x05\xff\xe1H\
\xae\x12HK@\xf0O\xab\x9f\xaa!\xd0x\x01\xaf\xf6\
7\xbeEnp\x1f\x81\xfe'\xf7o\xbe\xfe\xbe\xf0\xf8\
\x17\xef\x0b?\xde\xbdg\x9f+\xbe%@\xa0\xed\x02u\
\x07\xff\xbe\xcf\xc6\xcf\xaf\x0b\x8f\x7fa\xdd`\xaa^\x00\
?\xe1\xf2\xf7\x87_^\xfe\xb6\xc1c\x0a^\x99\x9c\x9c\
\x0c_^zY\xf8\xf7\x1d\xcf\x0c\x9c\xf9\xf3\xf3\xe7\x84\
\xd3n\xbc(\xcc\xee\xfd\xb7\xee/?\x1eU\xb7\xb0\xf5\
\x09\xe4\x13\x10\xfc\xf39\x19E\x80@\x05\x02\xf3\xce>\
!,\xfd\xf4\xf2\x0aV\xb2\x04\x81\xfa\x04\xfaa\xff\xe9\
G\x9e\x0cOlx4\xfc\xeb-\x0f\x09\xfc\xf5Q[\
\x99\xc0X\x05b\x04\xff~\x81\xdb\x1ex,\xec\x1e\x10\
\xc2g\xcd{MX\xb0\xf8\x98\xca\x1d\xf6\xee~nj\
\xdf\xe7{\xff\x9d\xee\xeb\x0d\xef:>\xcc\x985s\xba\
K\x95?&\xf8WNjA\x02#\x09\x08\xfe#\xb1\
\x99D\x80@Q\x81\xfe[\xfc\xcf^}a\x98\xf1\xaa\
\x83sM\xed\x87\xaf\xed\x1b\xb7\x86\xdd\xdb\xbf\xd7\xfb\x0b\
\xd3\xf7\xc3\xf3\x13^m\xcd\x05g\xd0\xc8\x02/\xec\xde\
\x1bvmy2<\xdf;o\xbe\x08\x10H_ V\
\xf0O_rx\x85\x82\xffp\x1fW\x09\xc4\x12\x10\xfc\
cI\xdb\x87@\x87\x05\xfa\xa1\xff\xf4\xeb>\x18f\xcf\
;l\xa8\xc2\x8bo\xab~b\xed\x83\xc2\xd7P)\x17\
\x09\x10 @\xa0\xac\x80\xe0_V0\xdf|\xc1?\x9f\
\x93Q\x04\xea\x16\xf8\xff\x00\x00\x00\xff\xff\xeaD\xff\x9b\
\x00\x00@\x00IDAT\xed\xdd\x0b\xb4]Ua/\
\xfc\x19\xef\xd7\xa2\xad9\xd4RG!\x89\xb7\xdaQ\x81\
\xe0\xe7\xab\x02A\x87\xb5\x10^~\x88H\x00[\xa0\x22\
\x85\x16P\x01\xa1\x0a\xa3\x82\x15\x05+\xd8\x02\x1a\x0aT\
\xc1^P\xb8\x05[\x81 \x8a\x9f\x02\x09\xa8\xbd\x9a\x10\
|\xb6\x12@;\xf4\xbb&Pk\xf56\x89\xf5\xd5a\
\xf3\xadyp\xc7c\xf69g\xaf\xb9^{\xad\xb5\x7f\
{\x8c\xf6\x9c\xac=\xd7|\xfc\xe6\x0a\xe6\xbf\x1es-\
\xf8\x8d\xdd_\xb0-\xf8\x10 @\xa0&\x81_\x5c\xb4\
sx\xe9\xfb\xff(L-\xfa\x959[\xd8\xf2\xe8\xff\
\x09\x9f|\xf3\xaa\xb0y\xfd7\xe6,\xe3\x0b\x02\x04\x08\
\x10 P\xa5\xc0\xaf\xec\xf3\x1b\xe1\xf0\xeb\xff\xa8\xca*\
\xd55\x8b\xc0\x86\xdb\xbf\x10>\xf7g\xabf\xf9\xc6&\
\x02\x04\x9a\x14X \xf87\xc9\xad-\x02\x93%\xb0\xf3\
\xde\xbf\x11~\xf7\xe2\xa3\xe7\x0d\xfd\xf7_}ox\xe4\
=\xf7N\x16\x8c\xd1\x12 @\x80\xc0\xd8\x05\x04\xfff\
\xa6@\xf0o\xc6Y+\x04F\x09\x08\xfe\xa3\x84|O\
\x80@\xb2\xc0\x13\x16>1<\xf3\x84\xfd\xc2>\xaf[\
>\xe7\xbe\xf1*\xff=\xaf\xbf9|\xff\xa1\x7f\x99\xb3\
\x8c/\x08\x10 @\x80@]\x02\x82\x7f]\xb2?_\
\xaf\xe0\xff\xf3\x1e\xfeD`\x5c\x02\x82\xff\xb8\xe4\xb5K\
\xa0\x87\x021\xf0\xef\xba|\xcf\xb0\xf7\xe9\xcb\xe7\xbd\xca\
\x1fC\xff\xc7\xff\xf0\xba\xf0\xe3G7\xf7P\xc1\x90\x08\
\x10 @\xa0\x0b\x02\x82\x7f3\xb3$\xf87\xe3\xac\x15\
\x02\xa3\x04\x04\xffQB\xbe'@`\xa4@\xbc\xa5\xff\
\xbf\x1f\xb84\xec\xb9\xe2\xb7\xc3NO~\xe2\xbc\xe5\x85\
\xfeyy|I\x80\x00\x01\x02\x0d\x09\x08\xfe\xcd@\x0b\
\xfe\xcd8k\x85\xc0(\x01\xc1\x7f\x94\x90\xef\x09\xcc\x10\
\x88W\xb4w\xd9\xe7\xe9\xe1\x17\x16\xee\x14\x9e\xbc\xe8)\
3\xbe\x99\xbc_\xa7\x96<%\xec\xb2\xc7naj\xc9\
\xaf\x8c\x0c\xfb\x03\x1d\xa1\x7f \xe1'\x01\x02\x04\x08\x8c\
[@\xf0of\x06\x04\xfff\x9c\xb5B`\x94\x80\xe0\
?J\xc8\xf7\x13/0x^}\x8f#\x9f\x9f\xdd\xbe\
>\xd9a\xbf\xec\xc1\xb0\xe6\xcd\xb7\x85G?\xfc\xc5\xb2\
\xd5\xd8\x9f\x00\x01\x02\x04\x08\x94\x16h[\xf0\xff\xd1\xd6\
\x1f\x84o?\xf8\xcdR\xe3Z\xb2l\xf7R\xfb\xd7\xb1\
\xb3\xe0_\x87\xaa:\x09\xa4\x0b\x08\xfe\xe9f\xf6\x98\x10\
\x81\xf8\x1a\xba\xbd\xdftX\xf8\xcd\xe5K'd\xc4\xf5\
\x0e\xd3\xff\xf0\xd7\xeb\xabv\x02\x04\x08\x10H\x13hS\
\xf0\xff\xe7{\xbe\x1c\xd6\x9d~m\xda\x00f)\xbdp\
\xdf\xdf\x0a/\xbf\xf1\xecY\xbe\x19\xdf&\xff\xfb?>\
{-\x13\x98) \xf8\xcf\xd4\xf0;\x81\x9f\x0a<=\
\xaeH\x9f-P7\xeayu`\xf9\x05\xfe\xfe\x90\xcb\
-\xe6\x97\x9fKI\x02\x04\x08\x10\xa8Y\xa0-\xc1\x7f\
\xdb\xb6\x10\xd6\x9cwc\xf8\xd6\xaau\xe5G\xbc \x84\
\xc3W_\x18\xa6\x16\xefR\xbe\xae\x8aj\x10\xfc+\x82\
T\x0d\x81\x92\x02\x82\x7fI@\xbb\xf7K \xde\xd6\xbf\
\xdf;V\xb8\xca_\xf1\xb4\xfa\x1f\xfd\x8aAUG\x80\
\x00\x01\x02\xa5\x05\x04\xff\xd2\x84\xb9*\xf0o\x80\x5cL\
\x0a\x11\xa8]@\xf0\xaf\x9dX\x03]\x11\x88\xa1\xff\xe0\
\xebO\x0eO\xdds\xd7\xaet\xb93\xfd\xfc\xc8I\xd7\
\x85\xcd\xeb\xbf\xd1\x99\xfe\xea(\x01\x02\x04\x08\xf4_@\
\xf0of\x8e\x05\xfff\x9c\xb5B`\x94\x80\xe0?J\
\xc8\xf7\x13#p\xe8-\xaf\x13\xfak\x98\xed\xb8\x92\xff\
\x1d\x87\xbc\xbb\x86\x9aUI\x80\x00\x01\x02\x04\x8a\x0b\x08\
\xfe\xc5\xedR\xf6\x14\xfcS\xb4\x94%P\x9f\x80\xe0_\
\x9f\xad\x9a;$\xb0\xc7\xeb\xf6\x0f\xfb\xbcny\x87z\
\xdc\x9d\xae\xfa\x1f\xfc\xee\xcc\x95\x9e\x12 @`\x92\x04\
\x04\xffff\xdb\xbf\x03\x9aq\xd6\x0a\x81Q\x02\x82\xff\
(!\xdf\xf7^ \xae\xde\xff{w\xbd\xb1\xf7\xe3\x1c\
\xd7\x00?~\xe6M\xe1\xdf\xee}h\x5c\xcdk\x97\x00\
\x01\x02\x04\x08\xcc* \xf8\xcf\xcaR\xf9F\xc1\xbfr\
R\x15\x12($ \xf8\x17b\xb3S\x9f\x04\x8e\xb8\xeb\
\x0daj\xd1\xaf\xf4iH\xad\x1a\xcb\xaac\xae\x0e\xff\
\xf1\xd0\xb7Z\xd5'\x9d!@\x80\x00\x01\x02\x82\x7f3\
\xc7\x80\xe0\xdf\x8c\xb3V\x08\x8c\x12\x10\xfcG\x09\xf9\xbe\
\xd7\x02\x8b^\xf1\xbc\xb0\xfc\x1dG\xf5z\x8c\xe3\x1e\xdc\
\xcd/\xbc8\xfcd\xeb\x0f\xc7\xdd\x0d\xed\x13 @\x80\
\x00\x81\x9f\x13hS\xf0\xff\xe8\x09+\xc3\xd6\xf5_\xfb\
\xb9\xfe\x15\xfaC\xf6:\xbf\x97|\xe0\xf5a\xc9\xb2\xdd\
\x0b\xed^\xc7N\x82\x7f\x1d\xaa\xea$\x90. \xf8\xa7\
\x9b\xd9\xa3G\x02\x07\x5c\x7fRX\xbc\xcf3z4\xa2\
\xf6\x0d\xe5\x7f\xfe\xdf\x17\xb4\xafSzD\x80\x00\x01\x02\
\x13/\xd0\x86\xe0\xff\xa3\xad?\x08_z\xff\xbd\xe1G\
[\xbf\x1f\x9eq\xe0sJ\xcfI\xac\xef\xab\xb7\xad\x0b\
/z\xf3\xd1aj\xf1.\xa5\xeb\xab\xa2\x02\xc1\xbf\x0a\
Eu\x10(/ \xf8\x977TCG\x05<\xdb\xdf\
\xcc\xc4\x09\xfe\xcd8k\x85\x00\x01\x02\x04\xd2\x04\x9a\x08\
\xfe\xff|\xcf\x97\xc3\xfa7\xdd\x18\xfe+\x0b\xe4s}\
~\xf5\xa0\xe7\x84\x97^}\xea\x5c_'o\xdf\xb8\xf6\
\x91\xf0\xa9\x13\xffj\xde\xfd\xfe\xfb\x89\xfb\x87\x17\x9f\x7f\
\xcc\xbce\xaa\xfaR\xf0\xafJR=\x04\xca\x09\x08\xfe\
\xe5\xfc\xec\xdda\x81\xa7._\x1a\x0e\xfd\xab\xe3:<\
\x82nt]\xf0\xef\xc6<\xe9%\x01\x02\x04&M\xa0\
\xee\xe0\xbfm\xdb\xb6\xb0j\xc5_\x84\x1fn\xd88/\
\xed\xaeG-\x0b\xcb/9a\xde2)_n\xde\xf8\
\x9dp\xe7\x81o\x9d\x7f\x97\xec\x91\x80\x83W\xbd)<\
u\xe9\x92\xf9\xcbU\xf0\xad\xe0_\x01\xa2*\x08T \
 \xf8W\x80\xa8\x8an\x0a<\xfbO_\x1a\x9e{\xc2\
\x8b\xba\xd9\xf9\x0e\xf5Z\xf0\xef\xd0d\xe9*\x01\x02\x04\
&H\xa0\x89\xe0\x7f\xcb\x81o\x0b\xff\xb9\xe9;\xf3\xaa\
\x8e+\xf87\xb5\x16\x80\xe0?\xef\xf4\xfb\x92@c\x02\
\x82\x7fc\xd4\x1aj\x9b\x80\xe7\xfb\x9b\x99\x11\xc1\xbf\x19\
g\xad\x10 @\x80@\x9a\x80\xe0\xdf\xcc\x22\x80\x82\x7f\
\xdaq\xa94\x81\xba\x04\x04\xff\xbad\xd5\xdbz\x01\xc1\
\xbf\x99)\x12\xfc\x9bq\xd6\x0a\x01\x02\x04\x08\xa4\x09\x08\
\xfe\x82\x7f\xda\x11\xa34\x81n\x0b\x08\xfe\xdd\x9e?\xbd\
/!p\xc4]o\x08S\x8b~\xa5D\x0dv\xcd#\
 \xf8\xe7QR\x86\x00\x01\x02\x04\x9a\x16\x10\xfc\x05\xff\
\xa6\x8f9\xed\x11\x18\xa7\x80\xe0?N}m\x8fU@\
\xf0o\x86_\xf0o\xc6Y+\x04\x08\x10 \x90& \
\xf8\x0b\xfeiG\x8c\xd2\x04\xba- \xf8w{\xfe\xf4\
\xbe\x84\x80\xe0_\x02/aW\xc1?\x01KQ\x02\x04\
\x08\x10hL@\xf0\x17\xfc\x1b;\xd84D\xa0\x05\x02\
\x82\x7f\x0b&A\x17\xc6# \xf87\xe3.\xf87\xe3\
\xac\x15\x02\x04\x08\x10H\x13\x10\xfc\x05\xff\xb4#Fi\
\x02\xdd\x16\x10\xfc\xbb=\x7fz_B@\xf0/\x81\x97\
\xb0\xab\xe0\x9f\x80\xa5(\x01\x02\x04\x084& \xf8\x0b\
\xfe\x8d\x1dl\x1a\x22\xd0\x02\x01\xc1\xbf\x05\x93\xa0\x0b\xe3\
\x11\x10\xfc\x9bq\x17\xfc\x9bq\xd6\x0a\x01\x02\x04\x08\xa4\
\x09\x08\xfe\x82\x7f\xda\x11\xa34\x81n\x0b\x08\xfe\xdd\x9e\
?\xbd/! \xf8\x97\xc0K\xd8U\xf0O\xc0R\x94\
\x00\x01\x02\x04\x1a\x13\x10\xfc\x05\xff\xc6\x0e6\x0d\x11h\
\x81\x80\xe0\xdf\x82I\xd0\x85\xf1\x08\x08\xfe\xcd\xb8\x0b\xfe\
\xcd8k\x85\x00\x01\x02\x04\xd2\x04\x04\x7f\xc1?\xed\x88\
Q\x9a@\xb7\x05\x04\xffn\xcf\x9f\xde\x97\x10\x10\xfcK\
\xe0%\xec*\xf8'`)J\x80\x00\x01\x02\x8d\x09\x08\
\xfe\x82\x7fc\x07\x9b\x86\x08\xb4@@\xf0o\xc1$\xe8\
\xc2x\x04\x04\xfff\xdc\x05\xfff\x9c\xb5B\x80\x00\x01\
\x02i\x02\x82\xbf\xe0\x9fv\xc4(M\xa0\xdb\x02\x82\x7f\
\xb7\xe7O\xefK\x08\x08\xfe%\xf0\x12v\x15\xfc\x13\xb0\
\x14%@\x80\x00\x81\xc6\x04\x04\x7f\xc1\xbf\xb1\x83MC\
\x04Z  \xf8\xb7`\x12ta<\x02\x82\x7f3\xee\
\x82\x7f3\xceZ!@\x80\x00\x814\x01\xc1_\xf0O\
;b\x94&\xd0m\x01\xc1\xbf\xdb\xf3\xa7\xf7%\x04\x04\
\xff\x12x\x09\xbb\x0a\xfe\x09X\x8a\x12 @\x80@c\
\x02\x82\xbf\xe0\xdf\xd8\xc1\xa6!\x02-\x10\x10\xfc[0\
\x09\xba0\x1e\x01\xc1\xbf\x19w\xc1\xbf\x19g\xad\x10 \
@\x80@\x9a\x80\xe0/\xf8\xa7\x1d1J\x13\xe8\xb6\x80\
\xe0\xdf\xed\xf9\xd3\xfb\x12\x02\x82\x7f\x09\xbc\x84]\x05\xff\
\x04,E\x09\x10 @\xa01\x01\xc1_\xf0o\xec`\
\xd3\x10\x81\x16\x08\x08\xfe-\x98\x04]\x18\x8f\x80\xe0\xdf\
\x8c\xbb\xe0\xdf\x8c\xb3V\x08\x10 @ M@\xf0\x17\
\xfc\xd3\x8e\x18\xa5\x09t[@\xf0\xef\xf6\xfc\xe9}\x09\
\x01\xc1\xbf\x04^\xc2\xae\x82\x7f\x02\x96\xa2\x04\x08\x10 \
\xd0\x98\x80\xe0/\xf87v\xb0i\x88@\x0b\x04\x04\xff\
\x16L\x82.\x8cG@\xf0o\xc6]\xf0o\xc6Y+\
\x04\x08\x10 \x90& \xf8\x0b\xfeiG\x8c\xd2\x04\xba\
- \xf8w{\xfe\xf4\xbe\x84\x80\xe0_\x02/aW\
\xc1?\x01KQ\x02\x04\x08\x10hL@\xf0\x17\xfc\x1b\
;\xd84D\xa0\x05\x02\x82\x7f\x0b&A\x17\xc6# \
\xf87\xe3.\xf87\xe3\xac\x15\x02\x04\x08\x10H\x13\x10\
\xfc\x05\xff\xb4#Fi\x02\xdd\x16\x10\xfc\xbb=\x7fz\
_B@\xf0/\x81\x97\xb0\xab\xe0\x9f\x80\xa5(\x01\x02\
\x04\x084& \xf8\x0b\xfe\x8d\x1dl\x1a\x22\xd0\x02\x01\
\xc1\xbf\x05\x93\xa0\x0b\xe3\x11\x10\xfc\x9bq\x17\xfc\x9bq\
\xd6\x0a\x01\x02\x04\x08\xa4\x09\x08\xfe\x82\x7f\xda\x11\xa34\
\x81n\x0b\x08\xfe\xdd\x9e?\xbd/! \xf8\x97\xc0K\
\xd8U\xf0O\xc0R\x94\x00\x01\x02\x04\x1a\x13\x10\xfc\x05\
\xff\xc6\x0e6\x0d\x11h\x81\x80\xe0\xdf\x82I\xd0\x85\xf1\
\x08\x08\xfe\xcd\xb8\x0b\xfe\xcd8k\x85\x00\x01\x02\x04\xd2\
\x04\xea\x0f\xfe!|\xf4\x84\x95a\xeb\xfa\xaf\xcd\xdb\xb1\
]\x8fZ\x16\x96_r\xc2\xbceR\xbe\xdc\xbc\xf1;\
\xe1\xce\x03\xdf:\xff.\x0bB8x\xd5\x9b\xc2S\x97\
.\x99\xbf\x5c\x05\xdfn\xb8\xfd\x0b\xe1s\x7f\xb6\xaa\x82\
\x9aTA\x80@\x19\x01\xc1\xbf\x8c\x9e};- \xf8\
73}\x82\x7f3\xceZ!@\x80\x00\x814\x81\xba\
\x83\x7f\xecM\x0c\xe1\x9f\xbd\xf8\xd6\xf0\xe3-\xdf\x9f\xb3\
s?\xf9\x8f\x1f\x84\x15\xab\xce\x9b\xf3\xfb\xd4/\xbe\xf8\
\xfe{\xc3Wo\xb87\xec\xb4\xe8W\xe7\xdc\xf5\xbf\x1f\
\xfc\xdc\xf0\xbc\x13\x0f\x98\xf3\xfb*\xbf\x10\xfc\xab\xd4T\
\x17\x81\xe2\x02\x82\x7fq;{v\x5c@\xf0of\x02\
\x05\xfff\x9c\xb5B\x80\x00\x01\x02i\x02M\x04\xff<\
=\x8a'\x07V\x9f\xf1\xbe\xb0\xe4\xc0\xe7\xe4)>o\
\x99\x1fo\xfd~\xf8\xc5\x85\xbf\x14\xf6=\xf3\xb0y\xcb\
5\xf9\xa5\xe0\xdf\xa4\xb6\xb6\x08\xcc- \xf8\xcfm\xe3\
\x9b\x9e\x0b\x08\xfe\xcdL\xb0\xe0\xdf\x8c\xb3V\x08\x10 \
@ M\xa0-\xc1\x7f\xdb\xb6\x10>q\xfa\xb5\xe1\xbb\
\xab\xbf\x9c6\x80\xd9J7x\x0b\xffl\xcd\xcf\xb6M\
\xf0\x9fM\xc56\x02\xcd\x0b\x08\xfe\xcd\x9bk\xb1%\x02\
\x82\x7f3\x13!\xf87\xe3\xac\x15\x02\x04\x08\x10H\x13\
hS\xf0_s\xde\x8d\xe1[\xab\xd6\xa5\x0d`\xb6\xd2\
Y\xf0?|\xf5\x85aj\xf1.\xb3};\x96m\x82\
\xffX\xd85J`H@\xf0\x1f\x22\xb1aR\x04\x04\
\xffffZ\xf0o\xc6Y+\x04\x08\x10 \x90& \
\xf8\xa7y\x15--\xf8\x17\x95\xb3\x1f\x81j\x05\x04\xff\
j=\xd5\xd6!\x01\xc1\xbf\x99\xc9\x12\xfc\x9bq\xd6\x0a\
\x01\x02\x04\x08\xa4\x09\x08\xfei^EK\x0b\xfeE\xe5\
\xecG\xa0Z\x01\xc1\xbfZO\xb5uH@\xf0of\
\xb2\x04\xfff\x9c\xb5B\x80\x00\x01\x02i\x02\x82\x7f\x9a\
W\xd1\xd2\x82\x7fQ9\xfb\x11\xa8V@\xf0\xaf\xd6S\
m\x1d\x12\x10\xfc\x9b\x99,\xc1\xbf\x19g\xad\x10 @\
\x80@\x9a\x80\xe0\x9f\xe6U\xb4\xb4\xe0_T\xce~\x04\
\xaa\x15\x10\xfc\xab\xf5T[\x87\x04\x04\xfff&K\xf0\
o\xc6Y+\x04\x08\x10 \x90& \xf8\xa7y\x15-\
-\xf8\x17\x95\xb3\x1f\x81j\x05\x04\xffj=\xd5\xd6!\
\x01\xc1\xbf\x99\xc9\x12\xfc\x9bq\xd6\x0a\x01\x02\x04\x08\xa4\
\x09\xf43\xf8/\x08G\xaf\xff\xcb\xb0\xd3\xc2'\xa5a\
\xd4XZ\xf0\xaf\x11W\xd5\x04\x12\x04\x04\xff\x04,E\
\xfb% \xf873\x9f\x82\x7f3\xceZ!@\x80\x00\
\x814\x81\xb6\x04\xff\xd8\xeb\xcd\x1b\xbf\x13V\x9f~m\
\xf8\xc9\xd6\x1f\xa4\x0db\x87\xd2\xcf<\xf1\x80\xf0\xbc\xec\
\xff\xda\xf4\x11\xfc\xdb4\x1b\xfa2\xc9\x02\x82\xff$\xcf\
\xfe\x84\x8f]\xf0o\xe6\x00\x10\xfc\x9bq\xd6\x0a\x01\x02\
\x04\x08\xa4\x09\xb4)\xf8\xa7\xf5\xbc[\xa5\x05\xffn\xcd\
\x97\xde\xf6W@\xf0\xef\xef\xdc\x1a\xd9\x08\x01\xc1\x7f\x04\
PE_\x0b\xfe\x15A\xaa\x86\x00\x01\x02\x04*\x15\x10\
\xfc+\xe5\x9c\xb32\xc1\x7fN\x1a_\x10hT@\xf0\
o\x94[cm\x12\x10\xfc\x9b\x99\x0d\xc1\xbf\x19g\xad\
\x10 @\x80@\x9a\x80\xe0\x9f\xe6U\xb4\xb4\xe0_T\
\xce~\x04\xaa\x15\x10\xfc\xab\xf5T[\x87\x04\x04\xfff\
&K\xf0o\xc6Y+\x04\x08\x10 \x90& \xf8\xa7\
y\x15--\xf8\x17\x95\xb3\x1f\x81j\x05\x04\xffj=\
\xd5\xd6!\x01\xc1\xbf\x99\xc9\x12\xfc\x9bq\xd6\x0a\x01\x02\
\x04\x08\xa4\x09\x08\xfei^EK\x0b\xfeE\xe5\xecG\
\xa0Z\x01\xc1\xbfZO\xb5uH@\xf0of\xb2\x04\
\xfff\x9c\xb5B\x80\x00\x01\x02i\x02\x82\x7f\x9aW\xd1\
\xd2\x82\x7fQ9\xfb\x11\xa8V@\xf0\xaf\xd6Sm\x1d\
\x12\x10\xfc\x9b\x99,\xc1\xbf\x19g\xad\x10 @\x80@\
\x9a\x80\xe0\x9f\xe6U\xb4\xb4\xe0_T\xce~\x04\xaa\x15\
\x10\xfc\xab\xf5T[\x87\x04\x04\xfff&K\xf0o\xc6\
Y+\x04\x08\x10 \x90& \xf8\xa7y\x15--\xf8\
\x17\x95\xb3\x1f\x81j\x05\x04\xffj=\xd5\xd6!\x01\xc1\
\xbf\x99\xc9\x12\xfc\x9bq\xd6\x0a\x01\x02\x04\x08\xa4\x09\x08\
\xfei^EK\x0b\xfeE\xe5\xecG\xa0Z\x01\xc1\xbf\
ZO\xb5uH@\xf0of\xb2\x04\xfff\x9c\xb5B\
\x80\x00\x01\x02i\x02m\x0a\xfe?\xda\xfa\x83\xf0\xa5\xf7\
\xdf\x1b\xbe\xb7\xe9;i\x83\xd8\xa1\xf4\xdeg\x1e\x16\xa6\
\x16\xef\xb2\xc3\xd6\xf1\xfeQ\xf0\x1f\xaf\xbf\xd6\x09\x0c\x04\
\x04\xff\x81\x84\x9f\x13' \xf873\xe5\x82\x7f3\xce\
Z!@\x80\x00\x814\x816\x05\xff\xfb\xaf\xfcX\xf8\
\xdaU\x1fK\x1b\xc0,\xa5\x9f0\xf5\xa4\xb0b\xcdE\
a\xa7\x85O\x9a\xe5\xdb\xf1l\x12\xfc\xc7\xe3\xaeU\x02\
;\x0a\x08\xfe;\x8a\xf8\xf3\xc4\x08\x08\xfe\xcdL\xb5\xe0\
\xdf\x8c\xb3V\x08\x10 @ M\xa0-\xc1\x7f\xdb\xb6\
\x10\xd6\x9cwc\xf8\xd6\xaaui\x03\x98\xad\xf4\x82\x10\
\x0e_}a\xab\xae\xfa\x0b\xfe\xb3M\x94m\x04\x9a\x17\
\x10\xfc\x9b7\xd7bK\x04\x04\xfff&B\xf0o\xc6\
Y+\x04\x08\x10 \x90& \xf8\xa7y\x15--\xf8\
\x17\x95\xb3\x1f\x81j\x05\x04\xffj=\xd5\xd6!\x01\xc1\
\xbf\x99\xc9\x12\xfc\x9bq\xd6\x0a\x01\x02\x04\x08\xa4\x09\x08\
\xfei^EK\x0b\xfeE\xe5\xecG\xa0Z\x01\xc1\xbf\
ZO\xb5uH@\xf0of\xb2\x04\xfff\x9c\xb5B\
\x80\x00\x01\x02i\x02\x82\x7f\x9aW\xd1\xd2\x82\x7fQ9\
\xfb\x11\xa8V@\xf0\xaf\xd6Sm\x1d\x12\x10\xfc\x9b\x99\
,\xc1\xbf\x19g\xad\x10 @\x80@\x9a\x80\xe0\x9f\xe6\
U\xb4\xb4\xe0_T\xce~\x04\xaa\x15\x10\xfc\xab\xf5T\
[\x87\x04\x04\xfff&K\xf0o\xc6Y+\x04\x08\x10\
 \x90& \xf8\xa7y\x15--\xf8\x17\x95\xb3\x1f\x81\
j\x05\x04\xffj=\xd5\xd6!\x01\xc1\xbf\x99\xc9\x12\xfc\
\x9bq\xd6\x0a\x01\x02\x04\x08\xa4\x09\xb4)\xf8\x7f\xe2\xf4\
k\xc3wW\x7f9m\x00\xb3\x95\xb6\xaa\xffl*\xb6\
\x11 \x90\x09\x08\xfe\x0e\x83\x89\x15\x10\xfc\x9b\x99z\xc1\
\xbf\x19g\xad\x10 @\x80@\x9a@[\x82\xff\x0f\xb7\
|?|\xec\x84+\xa6;\xff\x7f-|R\xda v\
(\xfd\xc3M\xdf\x0dO?j\xbf\xb0\xef\x99\x87\xed\xf0\
\xcd\xf8\xfe\xe8\x8a\xff\xf8\xec\xb5L`\xa6\x80\xe0?S\
\xc3\xef\x13% \xf873\xdd\x82\x7f3\xceZ!@\
\x80\x00\x814\x81\xa6\x82\xff\x86Uk\xc3\xd6\x8d\xdf\x9d\
\xb3s\xdf\xdd\xb01\xbc\xe8\xcdG\x87\xa9\xc5\xbb\xccY\
&\xe5\x8bO_|K\xf8\xcf-?\x08O\x9e\xa7\xbe\
=\x8fZVY{\xa3\xfa&\xf8\x8f\x12\xf2=\x81f\
\x04\x04\xfff\x9c\xb5\xd2B\x01\xc1\xbf\x99I\x11\xfc\x9b\
q\xd6\x0a\x01\x02\x04\x08\xa4\x094\x11\xfc\xff!\x0b\xe1\
\xff\xfb\x03\xf7\xcd\xdb\xb1_=\xe89\xe1\xa5W\x9f:\
o\x99\x94/7o\xfcN\xb8\xf3\xc0\xb7\xce\xbb\xcb\x13\
\xa6\x9e\x14V\xac\xb9(\xecT\xf2\x0e\x83y\x1b\xf9\xe9\
\x97\x82\x7f\x1e%e\x08\xd4/ \xf8\xd7o\xac\x85\x96\
\x0a\x08\xfe\xcdL\x8c\xe0\xdf\x8c\xb3V\x08\x10 @ \
M\xa0\xee\xe0\xbfm\xdb\xb6\xb0j\xc5_\x84\x1ffW\
\xf4\xe7\xfb\xec\x9a]}_~\xc9\x09\xf3\x15I\xfa.\
O\xf0\x0f\xd9Z\x00/\xf9\xc0\xeb\xc3\x92e\xbb'\xd5\
]\xa4\xb0\xe0_D\xcd>\x04\xaa\x17\x10\xfc\xab7U\
cG\x04^z\xeb\xeb\xc2\xaf\xed\xb1kGz\xdb\xdd\
n\x0a\xfe\xdd\x9d;='@\x80@\x9f\x05\x9a\x08\xfe\
\xb7\x1c\xf8\xb6\xf0\x9f\x9b\xbe3/\xa3\xe0?/\x8f/\
\x09\x10\xa8H@\xf0\xaf\x08R5\xdd\x13x\xd1_\x1d\
\x17~s\xf9\xd2\xeeu\xbcc=\x16\xfc;6a\xba\
K\x80\x00\x81\x09\x11\x10\xfc]\xf1\x9f\x90C\xdd0\x09\
L\x0b\x08\xfe\x0e\x84\x89\x15x\xf6\x9f\xbe4<\xf7\x84\
\x17M\xec\xf8\x9b\x1a\xb8\xe0\xdf\x94\xb4v\x08\x10 @\
 E@\xf0\x17\xfcS\x8e\x17e\x09t]@\xf0\xef\
\xfa\x0c\xea\x7fa\x81E\xafx^X\xfe\x8e\xa3\x0a\xef\
o\xc7|\x02\x82\x7f>'\xa5\x08\x10 @\xa0Y\x01\
\xc1_\xf0o\xf6\x88\xd3\x1a\x81\xf1\x0a\x08\xfe\xe3\xf5\xd7\
\xfa\x18\x05\x9e\xb0\xf0\x89\xe1\xf8\xcf\x9e?\xc6\x1eLF\
\xd3\x82\xffd\xcc\xb3Q\x12 @\xa0k\x02\x82\xbf\xe0\
\xdf\xb5cV\x7f\x09\x94\x11\x10\xfc\xcb\xe8\xd9\xb7\xf3\x02\
\x07\x5c\x7fRX\xbc\xcf3:?\x8e6\x0f@\xf0o\
\xf3\xec\xe8\x1b\x01\x02\x04&W@\xf0\x17\xfc'\xf7\xe8\
7\xf2I\x14\x10\xfc'q\xd6\x8dy\xbb\xc0\xce\xfb<\
=\xbc\xfc\xfa\x93\xb7\xff\xd9/\xd5\x0b\xdc\xfc\xc2\x8b\xc3\
O\xb6\xfe\xb0\xfa\x8a\xd5H\x80\x00\x01\x02\x04J\x08\x08\
\xfe\x82\x7f\x89\xc3\xc7\xae\x04:' \xf8wn\xcat\
\xb8j\x81#\xee\xfa\x930\xb5\xe8)UW\xab\xbe\x9f\
\x0a\xac:\xe6\xea\xf0\x1f\x0f}\x8b\x07\x01\x02\x04\x08\x10\
h\x95\x80\xe0/\xf8\xb7\xea\x80\xd4\x19\x025\x0b\x08\xfe\
5\x03\xab\xbe\xfd\x02\xae\xfa\xd7;Gk\xde|[x\
\xf4\xc3_\xac\xb7\x11\xb5\x13 @\x80\x00\x81D\x01\xc1\
_\xf0O<d\x14'\xd0i\x01\xc1\xbf\xd3\xd3\xa7\xf3\
U\x09<\xfbO\xff\x9f\xec\xd5~/\xac\xaa:\xf5\xcc\
\x10\xf8\xd2\x8d\x9f\x09\xff\xf8\x17\x1f\x9f\xb1\xc5\xaf\x04\x08\
\x10 @`\xfc\x02\x82\xbf\xe0?\xfe\xa3P\x0f\x084\
' \xf87g\xad\xa5\x16\x0b\xc4\x15\xfe\x0fy\xff\xc9\
\xe1\xd7\xf6\xd8\xb5\xc5\xbd\xecf\xd7\xb6<\xfa\xef\xe1\x8e\
C\xde\xd5\xcd\xce\xeb5\x01\x02\x04\x08\xf4V@\xf0\x17\
\xfc{{p\x1b\x18\x81Y\x04\x04\xffYPl\x9aL\
\x81_\x5c\xb4sxi\x16\xfe=\xef_\xfd\xfc\x7f\xe4\
\xa4\xeb\xc2\xe6\xf5\xdf\xa8\xbeb5\x12 @\x80\x00\x81\
\x82\x02\x82\xbf\xe0_\xf0\xd0\xb1\x1b\x81N\x0a\x08\xfe\x9d\
\x9c6\x9d\xaeK \x86\xff\xe5W\xfe\x81+\xff\x15\x03\
?\xf4\xe1/\x84\x07\xde\xbc\xaa\xe2ZUG\x80\x00\x01\
\x02\x04\x8a\x0b\x08\xfe\x82\x7f\xf1\xa3\xc7\x9e\x04\xba' \
\xf8wo\xce\xf4\xb8\x01\x81\xdd_{@\xd8\xf7\xf4\x03\
\x1ahir\x9a\xf8\xfbC.\x0f?~t\xf3\xe4\x0c\
\xd8H\x09\x10 @\xa0\xd5\x02\x82\xbf\xe0\xdf\xea\x03T\
\xe7\x08T, \xf8W\x0c\xaa\xba\xfe\x08\xc4\xab\xff/\
\xfa\xf3\xa3\xc2\x92}\x9f\xd1\x9fA\x8dq$\x9b\xd6\x7f\
=\xdc{\xd2\xf5c\xec\x81\xa6\x09\x10 @\x80\xc0\xcf\
\x04\x04\x7f\xc1\xffgG\x83\xdf\x08\xf4_@\xf0\xef\xff\
\x1c\x1baI\x81x\x02\xe0\xd9\xaf[\x1e\x16\xef\xfbt\
\xcf\xff\x97\xb4\xfc\xc4\xebo\x0a\xdf^\xf3P\xc9Z\xec\
N\x80\x00\x01\x02\x04\xca\x0b\x08\xfe\x82\x7f\xf9\xa3H\x0d\
\x04\xba# \xf8wg\xae\xf4\xb4\x05\x02\xbf\xb4\xe7\xae\
\xe1\x97\x17=%<e\x8f_\x0f;M=1\xfc\xe2\
\xc2'\xb5\xa0W\xe3\xe9B\x1c\xff\xc2\xcc\xe2\xa9\x99I\
\xde\xcf\x8f\xb6\xfe0|\xf8\xe8\xab\xdd\xf2\x9f\x17L9\
\x02\x04\x08\x10\xa8M@\xf0\x17\xfck;\xb8TL\xa0\
\x85\x02\x82\x7f\x0b'E\x97\x08tI \xbe\x0aqa\
\x16\xfe\x7f\xeb\x15\xcf\xcfuWD|\xbd\xdf\xc7\xff\xf0\
\x7f\x08\xff]\x9ad}%@\x80@\x0f\x05\x04\x7f\xc1\
\xbf\x87\x87\xb5!\x11\x98S@\xf0\x9f\x93\xc6\x17\x04\x08\
\x14\x11X\xf4\x8a\xe7\x85\xbd\xb3\x85\x11\xe7{-\xa2\xf0\
_D\xd6>\x04\x08\x10 P\xa5\x80\xe0/\xf8Wy\
<\xa9\x8b@\xdb\x05\x04\xff\xb6\xcf\x90\xfe\x11\xe8\xa0@\
\xbc\x0b\xe0\xb7^\xf5\xc2y\xdf\x8c \xfcwpbu\
\x99\x00\x01\x02=\x12\x10\xfc\x05\xff\x1e\x1d\xce\x86B`\
\xa4\x80\xe0?\x92H\x01\x02\x04\x8a\x0a\xec\xbc\xcf\xd3\xc3\
\xef\xbec\xc5\xbcW\xff\xd7\xff\xf5\x9a\xf0\xf0_\xdfW\
\xb4\x09\xfb\x11 @\x80\x00\x81B\x02\x82\xbf\xe0_\xe8\
\xc0\xb1\x13\x81\x8e\x0a\x08\xfe\x1d\x9d8\xdd&\xd0\x15\x81\
\xf8V\x84\x97\xbe\xff\xe4y\xc3\x7f\xbc\xfa\xff\xc0\xd5k\
\xc2\xa3\x1f\xfebW\x86\xa5\x9f\x04\x08\x10 \xd0q\x01\
\xc1_\xf0\xef\xf8!\xac\xfb\x04\x92\x04\x04\xff$.\x85\
\x09\x10(\x22\x90'\xfc\xc7z\xe3\x09\x80/\xdf\xf8\x99\
\xf0\xaf\xeb\xbf\x1e\xbe\xff\xd0\xb7\x8a4e\x1f\x02\x04\x08\
\x10 \x90K@\xf0\x17\xfcs\x1d(\x0a\x11\xe8\x89\x80\
\xe0\xdf\x93\x894\x0c\x02m\x17\x88\xe1\xff\x15\xb7\x9d\x1e\
vz\xf2\x13su5\x9e\x04\xf8\xb7\x87\x1e\x0d[7\
\xfd{\xd8\x9a\xfd\xfe\xe3-?\xc8\xb5\x9fB\x04\x08t\
W\xe0?\xe2\xdf\xf7\x87\xbf\x15\xfe+{\xf5\xa7\x0f\x81\
\xba\x05\x04\x7f\xc1\xbf\xeecL\xfd\x04\xda$ \xf8\xb7\
i6\xf4\x85@\xcf\x05\xe2\x8a\xff\xcb\xdfqT\xcfG\
ix\x04\x08\x94\x15\x88'\xfe\x1e\xcd\xee\xfc\xf9\xea\xaa\
\xcf\x87\xcd\x0f\xfc\x7fe\xab\xb3?\x81Y\x05\x04\x7f\xc1\
\x7f\xd6\x03\xc3F\x02=\x15\x10\xfc{:\xb1\x86E\xa0\
\xad\x02\x07\x5c\x7fRX\xbc\xcf3\xda\xda=\xfd\x22@\
\xa0e\x02[\xb2\xbb\x00\x1e\xc8\x16\x01\xb5\x06H\xcb&\
\xa6\x07\xdd\x11\xfc\x05\xff\x1e\x1c\xc6\x86@ \xb7\x80\xe0\
\x9f\x9bJA\x02\x04\xaa\x10\x88\xb7\xfc\xff\xde]o\xac\
\xa2*u\x10 0A\x02\x1b\xef\xffz\xf8\xcc\x9f\xdd\
\x16~\xfc\xe8\xe6\x09\x1a\xb5\xa1\xd6)Pw\xf0\x8f}\
\xff\xe2\xfb\xd7\x84\x07/\xb9m\xdea\xecz\xd4\xb2\xb0\
\xfc\x92\x13\xe6-\x93\xf2\xe5\xbf>\xb81\xdc\xb3\xe2\x9d\
\xf3\xee\xf2\x0b\x8bw\x09\x87\xde\xf8\xfa0\x95\xfd\xac\xfb\
\xb3\xe1\xf6/\x84\xcf\xfd\xd9\xaa\xba\x9bQ?\x01\x02#\
\x04\x04\xff\x11@\xbe&@\xa0z\x81\x17\xfc\xf9\x8a\xb0\
\xf4\xc8\xe7W_\xb1\x1a\x09\x10\xe8\xb5\xc0\x0f\xb3\xb5>\
>\x99\x05\x88o\xafy\xa8\xd7\xe34\xb8f\x04\x9a\x08\
\xfeq$\x1b\xd7=\x92\xadU\xf3\xdd9\x07\xf5\xd8\xba\
\xaf\x86g\x9fx@x\xea\xd2%s\x96\xc9\xfbE\xfc\
;\xf2\xbf.\xbe%\xec\xb2\xe7\xe2\xb0\xd3\xce\xbf4\xe7\
n\xbfy\xd0s\xc3N\x0b\x9f4\xe7\xf7U~!\xf8\
W\xa9\xa9.\x02\xc5\x05\x04\xff\xe2v\xf6$@\xa0\xa0\
\xc0\xce\xfb<=\xbc\xfc\xfa\x93\x0b\xeem7\x02\x04&\
Y`\xdb\xb6\x10\xee\xcd\xae\xfc\xbb\xf5\x7f\x92\x8f\x82j\
\xc6\xdeT\xf0\x1f\xd5\xdbm\xd9A\xbdj\xc5_\x84\x1f\
o\xfcN\xf8oS\xe5\xc2\xf8\x7ff'\x18\x9ew\xf1\
\xab\xc2^G\xed7\xaa\xd9\xc6\xbe\x17\xfc\x1b\xa3\xd6\x10\
\x81y\x05\x04\xffyy|I\x80@]\x02G\xdc\xf5\
\x860\xb5\xe8W\xea\xaa^\xbd\x04\x08\xf4X@\xf8\xef\
\xf1\xe468\xb4\xf6\x04\xff\x10\xd6\x9cwc\xf8\xd6\xaa\
u\xe5G\xbf \x84\xc3W_\xd8\xc8-\xfcy;+\
\xf8\xe7\x95R\x8e@\xbd\x02\x82\x7f\xbd\xbej'@`\
\x0e\x81g\xff\xe9K\xc3sOx\xd1\x1c\xdf\xdaL\x80\
\x00\x81\xf9\x05\xe2-\xcdw\x1c\xf3\xd7\x9e\xf9\x9f\x9f\xc9\
\xb7\xf3\x08\x08\xfe\xf3\xe0T\xf8\x95\xe0_!\xa6\xaa\x08\
\x94\x10\x10\xfcK\xe0\xd9\x95\x00\x81\xe2\x02O]\xbe4\
\x1c\xfaW\xc7\x15\xaf\xc0\x9e\x04\x08L\xbc\xc0\xb77<\
\x16>\xf1\xca\xf7L\xbc\x03\x80b\x02\x82\x7f1\xb7\xd4\
\xbd\x04\xffT1\xe5\x09\xd4# \xf8\xd7\xe3\xaaV\x02\
\x04F\x08X\xdd\x7f\x04\x90\xaf\x09\x10\xc8%p\xff\xd5\
k\xc2#\xef\xb9/WY\x85\x08\xcc\x14\x10\xfcgj\
\xd4\xf7\xbb\xe0_\x9f\xad\x9a\x09\xa4\x08\x08\xfe)Z\xca\
\x12 P\xa9\xc0\xab\xfe\xe9\xa2J\xebS\x19\x01\x02\x93\
'\x10o\xf9_u\xe8\xbb\xc3O\xb6\xfep\xf2\x06o\
\xc4\xa5\x04\x04\xffR|\xb9w\x16\xfcsS)H\xa0\
V\x01\xc1\xbfV^\x95\x13 0\x9f\xc0+\xd7\x9e\x1f\
vz\xf2\x13\xe7+\xe2;\x02\x04\x08\x8c\x14\xf8\x87\xbf\
\xf8X\xf8\xc6\x8dkG\x96S\x80\xc0L\x01\xc1\x7f\xa6\
F}\xbf\x0b\xfe\xf5\xd9\xaa\x99@\x8a\x80\xe0\x9f\xa2\xa5\
,\x01\x02\x95\x0aX\xd9\xbfRN\x95\x11\x98X\x81M\
\xeb\xbf\x1e\xee=\xe9\xfa\x89\x1d\xbf\x81\x17\x13\x10\xfc\x8b\
\xb9\xa5\xee%\xf8\xa7\x8a)O\xa0\x1e\x01\xc1\xbf\x1eW\
\xb5\x12 \x90C@\xf0\xcf\x81\xa4\x08\x01\x02#\x05\xe2\
{\xd0?\xf8\xa2K\xdc\xee?RJ\x81\x99\x02m\x09\
\xfe\xb1O_|\xff\x9a\xf0\xe0;o\x0ba\xdb\xcc\x1e\
&\xfe\x9e\xbd\xca\xef\x17\x16\xed\x12^\xb9\xe6\xc2\xc4\x1d\
\xeb-.\xf8\xd7\xeb\xabv\x02y\x05\x04\xff\xbcR\xca\
\x11 P\xb9\x80\xe0_9\xa9\x0a\x09L\xa4@\x96\xfb\
\xc3'^\x7fS\xf8\xb7{\x1f\x9a\xc8\xf1\x1bt1\x81\
6\x05\xff8\x82\x07o[\x1b\xbe\xb7\xe9\xbb\xc5\x06\x13\
\xf7\xca\x82\xff\x9e+\x96\x85\xa9\xc5\xbb\x14\xaf\xa3\x86=\
\x05\xff\x1aPUI\xa0\x80\x80\xe0_\x00\xcd.\x04\x08\
T# \xf8W\xe3\xa8\x16\x02\x04B\xf0\x9c\xbf\xa3 \
U\xa0m\xc1?\xb5\xff])/\xf8we\xa6\xf4\xb3\
\xef\x02\x82\x7f\xdfg\xd8\xf8\x08\xb4X@\xf0o\xf1\xe4\
\xe8\x1a\x81\x8e\x09|\xe9\x86\xcf\x84\x7f\xfc\xcb\x8fw\xac\
\xd7\xba;N\x01\xc1\xbf\x19}\xc1\xbf\x19g\xad\x10\x18\
% \xf8\x8f\x12\xf2=\x01\x02\xb5\x09\x08\xfe\xb5\xd1\xaa\
\x98\xc0\xc4\x09lX\xf5\x85\xf0\xb9\xb7\xac\x9a\xb8q\x1b\
pq\x01\xc1\xbf\xb8]\xca\x9e\x82\x7f\x8a\x96\xb2\x04\xea\
\x13\x10\xfc\xeb\xb3U3\x01\x02#\x04\x04\xff\x11@\xbe\
&@ \xb7\x80\xe0\x9f\x9bJ\xc1\x9f\x0a\x08\xfe\xcd\x1c\
\x0a\x82\x7f3\xceZ!0J@\xf0\x1f%\xe4{\x02\
\x04j\x13\x10\xfck\xa3U1\x81\x89\x13\x10\xfc'n\
\xcaK\x0fX\xf0/M\x98\xab\x02\xc1?\x17\x93B\x04\
j\x17\x10\xfck'\xd6\x00\x01\x02s\x09\x08\xfes\xc9\
\xd8N\x80@\xaa\x80\xe0\x9f*\xa6\xbc\xe0\xdf\xcc1 \
\xf87\xe3\xac\x15\x02\xa3\x04\x04\xffQB\xbe'@\xa0\
6\x01\xc1\xbf6Z\x15\x13\x988\x01\xc1\x7f\xe2\xa6\xbc\
\xf4\x80\x05\xff\xd2\x84\xb9*\x10\xfcs1)D\xa0v\
\x01\xc1\xbfvb\x0d\x10 0\x97\x80\xe0?\x97\x8c\xed\
\x04\x08\xa4\x0a\x08\xfe\xa9b\xca\x0b\xfe\xcd\x1c\x03\x82\x7f\
3\xceZ!0J@\xf0\x1f%\xe4{\x02\x04j\x13\
\x10\xfck\xa3U1\x81\x89\x13\x10\xfc'n\xcaK\x0f\
\xb8\xa9\xe0\xbfm\xdb\xb6y\xfb\xba`\xc1\x82y\xbf\xef\
\xfa\x97\x82\x7f\xd7gP\xff\xfb\x22 \xf8\xf7e&\x8d\
\x83@\x07\x05\x04\xff\x0eN\x9a.\x13h\xa9\x80\xe0\xdf\
\xd2\x89iq\xb7\x9a\x08\xfe\xff|\xcf\x97\xc2\xfa7\xfd\
\xcf\xf0_[\x7f0\xab\xc4/,\xd9%\x1cz\xc3\xeb\
\xc3\xd4\xe2]f\xfd\xbe\x0f\x1b\x05\xff>\xcc\xa21\xf4\
A@\xf0\xef\xc3,\x1a\x03\x81\x8e\x0a\x08\xfe\x1d\x9d8\
\xdd&\xd0B\x01\xc1\xbf\x85\x93\xd2\xf2.\xd5\x1d\xfc\xe3\
\x85\xfe\x8f\x9e\xb02l]\xff\xb5y%\x9ev\xe2\xfe\
\xe1w\xce?f\xde2]\xfeR\xf0\xef\xf2\xec\xe9{\
\x9f\x04\x04\xff>\xcd\xa6\xb1\x10\xe8\x98\x80\xe0\xdf\xb1\x09\
\xd3]\x02-\x16\x10\xfc[<9-\xedZ\xfd\xc1\x7f\
[\xb8\xe5\xc0\xb7\x85\xff\xdc\xf4\x9dy\x05v=jY\
X~\xc9\x09\xf3\x96\xe9\xf2\x97\x82\x7f\x97gO\xdf\xfb\
$ \xf8\xf7i6\x8d\x85@\xc7\x04\x04\xff\x8eM\x98\
\xee\x12h\xb1\x80\xe0\xdf\xe2\xc9ii\xd7\x04\xfff&\
F\xf0o\xc6Y+\x04F\x09\x08\xfe\xa3\x84|O\x80\
@m\x02\x82\x7fm\xb4*&0q\x02\x82\xff\xc4M\
y\xe9\x01\x0b\xfe\xa5\x09sU \xf8\xe7bR\x88@\
\xed\x02\x82\x7f\xed\xc4\x1a @`.\x01\xc1\x7f.\x19\
\xdb\x09\x10H\x15\x10\xfcS\xc5\x94\x17\xfc\x9b9\x06\x04\
\xfff\x9c\xb5B`\x94\x80\xe0?J\xc8\xf7\x04\x08\xd4\
& \xf8\xd7F\xabb\x02\x13' \xf8O\xdc\x94\x97\
\x1e\xb0\xe0_\x9a0W\x05\x82\x7f.&\x85\x08\xd4.\
 \xf8\xd7N\xac\x01\x02\x04\xe6\x12\x10\xfc\xe7\x92\xb1\x9d\
\x00\x81T\x01\xc1?ULy\xc1\xbf\x99c@\xf0o\
\xc6Y+\x04F\x09\x08\xfe\xa3\x84|O\x80@m\x02\
\x82\x7fm\xb4*&0q\x02\x82\xff\xc4My\xe9\x01\
\x0b\xfe\xa5\x09sU \xf8\xe7bR\x88@\xed\x02\x82\
\x7f\xed\xc4\x1a @`.\x01\xc1\x7f.\x19\xdb\x09\x10\
H\x15\x10\xfcS\xc5\x94\x17\xfc\x9b9\x06\x04\xfff\x9c\
\xb5B`\x94\x80\xe0?J\xc8\xf7\x04\x08\xd4& \xf8\
\xd7F\xabb\x02\x13' \xf8O\xdc\x94\x97\x1e\xb0\xe0\
_\x9a0W\x05\x82\x7f.&\x85\x08\xd4. \xf8\xd7\
N\xac\x01\x02\x04\xe6\x12\x10\xfc\xe7\x92\xb1\x9d\x00\x81T\
\x01\xc1?ULy\xc1\xbf\x99c@\xf0o\xc6Y+\
\x04F\x09\x08\xfe\xa3\x84|O\x80@m\x02\x82\x7fm\
\xb4*&0q\x02\x82\xff\xc4My\xe9\x01\x0b\xfe\xa5\
\x09sU \xf8\xe7bR\x88@\xed\x02\x82\x7f\xed\xc4\
\x1a @`.\x01\xc1\x7f.\x19\xdb\x09\x10H\x15\x10\
\xfcS\xc5\x94\x17\xfc\x9b9\x06\x04\xfff\x9c\xb5B`\
\x94\x80\xe0?J\xc8\xf7\x04\x08\xd4& \xf8\xd7F\xab\
b\x02\x13' \xf8O\xdc\x94\x97\x1e\xb0\xe0_\x9a0\
W\x05\x82\x7f.&\x85\x08\xd4. \xf8\xd7N\xac\x01\
\x02\x04\xe6\x12\x10\xfc\xe7\x92\xb1\x9d\x00\x81T\x01\xc1?\
ULy\xc1\xbf\x99c@\xf0o\xc6Y+\x04F\x09\
\x08\xfe\xa3\x84|O\x80@m\x02\x82\x7fm\xb4*&\
0q\x02\x82\xff\xc4My\xe9\x01\x0b\xfe\xa5\x09sU\
 \xf8\xe7bR\x88@\xed\x02\x82\x7f\xed\xc4\x1a @\
`.\x01\xc1\x7f.\x19\xdb\x09\x10H\x15\x10\xfcS\xc5\
\x94\x17\xfc\x9b9\x06\x04\xfff\x9c\xb5B`\x94\x80\xe0\
?J\xc8\xf7\x04\x08\xd4& \xf8\xd7F\xabb\x02\x13\
' \xf8O\xdc\x94\x97\x1e\xb0\xe0_\x9a0W\x05\x82\
\x7f.&\x85\x08\xd4. \xf8\xd7N\xac\x01\x02\x04\xe6\
\x12\x10\xfc\xe7\x92\xb1\x9d\x00\x81T\x01\xc1?ULy\
\xc1\xbf\x99c@\xf0o\xc6Y+\x04F\x09\x08\xfe\xa3\
\x84|O\x80@m\x02\x82\x7fm\xb4*&0q\x02\
\x82\xff\xc4My\xe9\x01\x0b\xfe\xa5\x09sU \xf8\xe7\
bR\x88@\xed\x02\x82\x7f\xed\xc4\x1a @`.\x01\
\xc1\x7f.\x19\xdb\x09\x10H\x15\x10\xfcS\xc5\x94\x17\xfc\
\x9b9\x06\x04\xfff\x9c\xb5B`\x94\x80\xe0?J\xc8\
\xf7\x04\x08\xd4& \xf8\xd7F\xabb\x02\x13' \xf8\
O\xdc\x94\x97\x1e\xb0\xe0_\x9a0W\x05\x82\x7f.&\
\x85\x08\xd4. \xf8\xd7N\xac\x01\x02\x04\xe6\x12\x10\xfc\
\xe7\x92\xb1\x9d\x00\x81T\x01\xc1?ULy\xc1\xbf\x99\
c@\xf0o\xc6Y+\x04F\x09\x08\xfe\xa3\x84|O\
\x80@m\x02\x82\x7fm\xb4*&0q\x02\x82\xff\xc4\
My\xe9\x01\x0b\xfe\xa5\x09sU \xf8\xe7bR\x88\
@\xed\x02\x82\x7f\xed\xc4\x1a @`.\x01\xc1\x7f.\
\x19\xdb\x09\x10H\x15\x10\xfcS\xc5\x94\x17\xfc\x9b9\x06\
\x04\xfff\x9c\xb5B`\x94\x80\xe0?J\xc8\xf7\x04\x08\
\xd4& \xf8\xd7F\xabb\x02\x13' \xf8O\xdc\x94\
\x97\x1e\xb0\xe0_\x9a0W\x05\x82\x7f.&\x85\x08\xd4\
. \xf8\xd7N\xac\x01\x02\x04\xe6\x12\x10\xfc\xe7\x92\xb1\
\x9d\x00\x81T\x01\xc1?ULy\xc1\xbf\x99c@\xf0\
o\xc6Y+\x04F\x09\x08\xfe\xa3\x84|O\x80@m\
\x02\x82\x7fm\xb4*&0q\x02\x82\xff\xc4My\xe9\
\x01\x0b\xfe\xa5\x09sU \xf8\xe7bR\x88@\xed\x02\
\x82\x7f\xed\xc4\x1a @`.\x01\xc1\x7f.\x19\xdb\x09\
\x10H\x15\x10\xfcS\xc5\x94\x17\xfc\x9b9\x06\x04\xfff\
\x9c\xb5B`\x94\x80\xe0?J\xc8\xf7\x04\x08\xd4& \
\xf8\xd7F\xabb\x02\x13' \xf8O\xdc\x94\x97\x1e\xb0\
\xe0_\x9a0W\x05\x82\x7f.&\x85\x08\xd4. \xf8\
\xd7N\xac\x01\x02\x04\xe6\x12\x10\xfc\xe7\x92\xb1\x9d\x00\x81\
T\x01\xc1?ULy\xc1\xbf\x99c@\xf0o\xc6Y\
+\x04F\x09\x08\xfe\xa3\x84|O\x80@m\x02\x82\x7f\
m\xb4*&0q\x02\x82\xff\xc4My\xe9\x01\x0b\xfe\
\xa5\x09sU \xf8\xe7bR\x88@\xed\x02\x82\x7f\xed\
\xc4\x1a @`.\x01\xc1\x7f.\x19\xdb\x09\x10H\x15\
\x10\xfcS\xc5\x94\x17\xfc\x9b9\x06\x04\xfff\x9c\xb5B\
`\x94\x80\xe0?J\xc8\xf7\x04\x08\xd4& \xf8\xd7F\
\xabb\x02\x13' \xf8O\xdc\x94\x97\x1e\xb0\xe0_\x9a\
0W\x05\x82\x7f.&\x85\x08\xd4. \xf8\xd7N\xac\
\x01\x02\x04\xe6\x12\x10\xfc\xe7\x92\xb1\x9d\x00\x81T\x01\xc1\
?ULy\xc1\xbf\x99c@\xf0o\xc6Y+\x04F\
\x09\x08\xfe\xa3\x84|O\x80@m\x02\x82\x7fm\xb4*\
&0q\x02\x82\xff\xc4My\xe9\x01\x0b\xfe\xa5\x09s\
U \xf8\xe7bR\x88@\xed\x02\x82\x7f\xed\xc4\x1a \
@`.\x01\xc1\x7f.\x19\xdb\x09\x10H\x15\x10\xfcS\
\xc5\x94\x17\xfc\x9b9\x06\x04\xfff\x9c\xb5B`\x94\x80\
\xe0?J\xc8\xf7\x04\x08\xd4& \xf8\xd7F\xabb\x02\
\x13' \xf8O\xdc\x94\x97\x1ep\xfd\xc1?\x84\x8f\x9e\
\xb02l]\xff\xb5y\xfb\xba\xeb\x8aea\xf9;O\
\x98\xb7L\x97\xbf\x14\xfc\xbb<{\xfa\xde'\x01\xc1\xbf\
O\xb3i,\x04:& \xf8wl\xc2t\x97@\x8b\
\x05\x04\xff\x16ONK\xbbVw\xf0\x8f\xc3\xfe\xf6\x86\
\x8d\xe1\xd3\xe7\xdd\x18~\xb2\xf5\x07\xb3*\xfcd\xcb\x0f\
\xc3/\xef\xb98\x1c~\xc3Ya\xc1\x82Y\x8bt~\
\xa3\xe0\xdf\xf9)4\x80\x9e\x08\x08\xfe=\x99H\xc3 \
\xd0E\x01\xc1\xbf\x8b\xb3\xa6\xcf\x04\xda) \xf8\xb7s\
^\xda\xdc\xab&\x82\x7f\x9e\xf1?x\xdb\xda\xf0/\xf7\
\x7f5\xec\xba\xef3\xf3\x14/]\xe6\x89;?)\xec\
\xb2\xc7\x92\xb0\xf3\x92]J\xd7\x95\xa7\x02\xc1?\x8f\x92\
2\x04\xea\x17\x10\xfc\xeb7\xd6\x02\x01\x02s\x08\x08\xfe\
s\xc0\xd8L\x80@\xb2\x80\xe0\x9fL6\xf1;\xb4%\
\xf8o\xdb\x96\xef\x91\x80*'\xec\x17\xb2\xd0\x7f\xc4\xed\
o\x0a;-|R\x95\xd5\xceZ\x97\xe0?+\x8b\x8d\
\x04\x1a\x17\x10\xfc\x1b'\xd7 \x01\x02\x03\x01\xc1\x7f \
\xe1'\x01\x02e\x05\x04\xff\xb2\x82\x93\xb7\x7f\x9b\x82\xff\
\x9a\xecq\x80o\xadZ\xd7\xdc$d\x8f\x15\xbc\xe4\x03\
\xaf\x0fK\x96\xed^{\x9b\x82\x7f\xed\xc4\x1a \x90K\
@\xf0\xcf\xc5\xa4\x10\x01\x02u\x08\x08\xfeu\xa8\xaa\x93\
\xc0d\x0a\x08\xfe\x939\xefeF-\xf8\x0b\xfee\x8e\
\x1f\xfb\x12\xe8\x9a\x80\xe0\xdf\xb5\x19\xd3_\x02=\x12\x10\
\xfc{4\x99\x86B`\xcc\x02\x82\xff\x98'\xa0\x83\xcd\
\x0b\xfe\x82\x7f\x07\x0f[]&PX@\xf0/Lg\
G\x02\x04\xca\x0a\x08\xfee\x05\xedO\x80\xc0@@\xf0\
\x1fH\xf8\x99W@\xf0\x17\xfc\xf3\x1e+\xca\x11\xe8\x83\
\x80\xe0\xdf\x87Y4\x06\x02\x1d\x15\x10\xfc;:q\xba\
M\xa0\x85\x02\x82\x7f\x0b'\xa5\xe5]\x12\xfc\x05\xff\x96\
\x1f\xa2\xbaG\xa0R\x01\xc1\xbfRN\x95\x11 \x90\x22\
 \xf8\xa7h)K\x80\xc0|\x02\x82\xff|:\xbe\x9b\
M@\xf0\x17\xfcg;.l#\xd0W\x01\xc1\xbf\xaf\
3k\x5c\x04:  \xf8w`\x92t\x91@G\x04\
\x04\xff\x8eLT\x8b\xba9\xd9\xc1\x7fA\xb6\xaa\xff\x99\
V\xf5o\xd1\xf1\xa8+\x04\xea\x16\x10\xfc\xeb\x16V?\
\x01\x02s\x0a\x08\xfes\xd2\xf8\x82\x00\x81D\x01\xc1?\
\x11L\xf1\xd0\x96\xe0\x1f\xa7\xe2\xdb\x1b6\x86\xfbN\x7f\
_\xf8\xcfG\xbf\xd3\xc0\xcc,\x08\x0b\xf7\xf9\xad\xf0\xf2\
\x1b\xcfj\xa0\xad\x10\xbc\xce\xaf\x11f\x8d\x10\x18) \
\xf8\x8f$R\x80\x00\x81\xba\x04\x04\xff\xbad\xd5K`\
\xf2\x04\x04\xff\xc9\x9b\xf3\xb2#\xfe\xc5\xc5;\x87\xdf\xfb\
\xc4\x1b\xcbVS\xe9\xfe[65\x11\xfcC\x98Z\xbc\
K\xa5\xfd\x9e\xaf2\xc1\x7f>\x1d\xdf\x11hN@\xf0\
o\xceZK\x04\x08\xec  \xf8\xef\x00\xe2\x8f\x04\x08\
\x14\x16\xb8\xff\xaa5\xe1\x91\xf7\xdeWx\x7f;N\x9e\
@\x1b\x83\x7f\x1fg\xe1\xfe\xab\xb3\xbf\x9b\xef\xb9\xaf\x8f\
C3&\x02\x9d\x12\x10\xfc;5]:K\xa0_\x02\
/\xfa\xab\xe3\xc2o._\xda\xafA\x19\x0d\x01\x02\x8d\
\x0bl\xdb\x16\xc2'^\x7fS\xf8\xb7{\x1fj\xbcm\
\x0dvX`A\x08\xaf\xfc\xec\xf9a\xa7'?\xb1\xc3\
\x83h\x7f\xd7?~\xa6\xbf\x9b\xed\x9f%=\x9c\x04\x01\
\xc1\x7f\x12f\xd9\x18\x09\xb4T\xe0\xe9'\xec\x17^\xfc\
\xa7\x87\xb5\xb4w\xbaE\x80@W\x04\xb6e\xc9\xffC\
\x87\xbe+\xfc\xf8\xd1\xcd]\xe9\xb2~\xb6A \x0b\xfe\
\x07\x5cwRX\xbc\xcf3\xda\xd0\x9b\xde\xf6a\xd51\
W\x87\xffx\xe8[\xbd\x1d\x9f\x81\x11\xe8\x8a\x80\xe0\xdf\
\x95\x99\xd2O\x02=\x14\xd8y\x9f\xa7\x87\x97_\x7fr\
\x0fGfH\x04\x084)\xb0e\xd3w\xc3\x1d\x87\xae\
l\xb2Im\xf5D\xc0\x09\xe8z'r\xcb\xa3\xff'\
\xdcq\xc8\xbb\xebmD\xed\x04\x08\xe4\x12\x10\xfcs1\
)D\x80@]\x02\xaf\x5c\xeb6\xcb\xbal\xd5K`\
R\x04<\xdf?)3]\xfd8=\xe7_\xbd\xe9\xcc\
\x1a-\xec7S\xc3\xef\x04\xc6+ \xf8\x8f\xd7_\xeb\
\x04&^`\xf7\xd7\xee\x1f\xf6=}\xf9\xc4;\x00 \
@\xa0\x98\x80\xdb\xfc\x8b\xb9\xd9\xeb\xa7\x02n\xf7\xaf\xf5\
P\xf8\xfbC.\xf7\x08N\xad\xc2*'\x90_@\xf0\
\xcfo\xa5$\x01\x025\x08<a\xe1\x13\xc3\xd1w\xbf\
\xc1\xe2J5\xd8\xaa\x92\xc0$\x08lX\xf5\xf9\xf0\xb9\
\xb7\xdc>\x09C5\xc6\x9a\x04<vV\x0f\xac\xab\xfd\
\xf5\xb8\xaa\x95@Q\x01\xc1\xbf\xa8\x9c\xfd\x08\x10\xa8L\
\xc03\x96\x95Q\xaa\x88\xc0D\x09\xc4g\xfb?~\xd2\
\xf5\xae(N\xd4\xac\xd70\xd8\xec\xaa\xff\x8b\xae\xf0\x96\
\x99\xaae]\xed\xafZT}\x04\xca\x09\x08\xfe\xe5\xfc\
\xecM\x80@E\x02\xfbg++/\xd9\xd7\xca\xca\x15\
q\xaa\x86@\xef\x05\xe2-\xfe\xf7\xbeyUx\xf4\x8e\
/\xf6~\xac\x06X\xbf\xc0\x7f\x9bzbx\xd9\x87^\
\x1b\xa6\x16?\xa5\xfe\xc6&\xa0\x85\xfb\xaf\xbe7<\xf2\
\x9e{'`\xa4\x86H\xa0;\x02\x82\x7fw\xe6JO\
\x09\xf4Z\xe0\x17\x17\xed\x1c^\x9a\xad\xf0\xef\x1f]\xbd\
\x9ef\x83#P\x89@\x96\xf9\xc3\xfa\xab\xd7\x84G\xde\
{_%\xf5\xa9\x84@\x14\x88\xb7\xfc\x1f~\xdd\xc9a\
Av\x07\x80Oq\x81/\xdd\xf0\x99\xf0\x8f\x7f\xf9\xf1\
\xe2\x15\xd8\x93\x00\x81Z\x04\x04\xffZXUJ\x80@\
\x11\x01\xe1\xbf\x88\x9a}\x08L\x96@\x0c\xfd\x0f\xdd\xee\
\xb9\xfe\xc9\x9a\xf5\xe6F\xbb\xe8\x15\xcf\x0b\x07\xfc\xf9Q\
\xc2\x7fA\xf2oox,|\xe2\x95\xef)\xb8\xb7\xdd\
\x08\x10\xa8S@\xf0\xafSW\xdd\x04\x08$\x0b\x08\xff\
\xc9dv 01\x02\xf1\xf6\xfe\xf5\xf1\x16bW\xfa\
'f\xce\xc71\xd0\xa7._\x1a\xf6\x7f\xc7\x8a\xb0S\
\xb6\xf8\xacO~\x81\x0d\xab\xbe\x10\xbe\xf0\x97\xffo\xf8\
\xaf\xad?\xcc\xbf\x93\x92\x04\x084& \xf87F\xad\
!\x02\x04\xf2\x0a\xc4\xf0\xff\xec\xd7.\x0f{\x1e\xf9|\
W]\xf2\xa2)G\xa0\xe7\x02?\xda\xfa\x83\xf0\xbf.\
\xf9x\xf6L\xff\x17z>R\xc3k\x83\x80\x93\xd0\xf9\
g\xe1GY\xd0\x7f\xe0\xaf\xd7\x84\xaf\xdf\xb86\xffN\
J\x12 \xd0\xb8\x80\xe0\xdf8\xb9\x06\x09\x10\xc8+\x10\
o\xb9\xdc\xfbu\x07\x84\x85\x8b\x9e\xe2\x04@^4\xe5\
\x08\xf4L ^\xe5\x7f\xe8\xf6x%\xf1\xe3\xae$\xf6\
ln\xbb0\x9c\xdd_{@v\x12\xfay\xfewh\
\x96\xc9\x8a\x8f\xddl\xba\xff\xeb\xe13o\xb9\xcd\x9b5\
f\xf1\xb1\x89@\xdb\x04\x04\xff\xb6\xcd\x88\xfe\x10 0\
$\x10O\x00\xec~\xc4\xf3\xc3\xe2}\x9f\x9e}\xb7\xc0\
I\x80!!\x1b\x08\xf4G \x86\x89\x10\xb6\x85\x1f\x7f\
\xef\x87\xe1K\x1fX\x1b\xbe\xf6\xb7\x9f\x15\xf8\xfb3\xbd\
\x9d\x1cI\xbc\xfa\xffk\xfb<#<\xfbU/\x0c\xbf\
\xb6\xe7n\xd3c\x98\xd4\x05\x00\xe3\xdf\xcf\x1f\x7f\xef\x07\
\xe1\xa1\xec\xb6\xfe\xff}\xefCa\xf3\xfaotrN\
u\x9a\xc0$\x0a\x08\xfe\x938\xeb\xc6L\xa0\xa3\x02O\
\xc8\x9e\xb7\x5c\xb8\xe7\xae\xe1\xd7\xf7~\xfa\xf4\xd5\x97\x8e\
\x0eC\xb7\x09\x10\x98C\xe0\xc7\xd9\xed\xfc\xdfy\xe8_\
\xc2\xbf=\xf0\x8d\xec\x0a\xe2\xbf\xcfQ\xcaf\x02\xe3\x13\
\x88'\x01v\xdesQx\xca\x1e\xbf>Q\xff;\x14\
\xffnn}\xec\xdf\xc3\xbffA\xff\xfb\xd9\xdfQ\x1f\
\x02\x04\xba' \xf8wo\xce\xf4\x98\x00\x01\x02\x04\x08\
\x10 @\x80\x00\x01\x02\x04\x08\xe4\x16\x10\xfcsS)\
H\x80\x00\x01\x02\x04\x08\x10 @\x80\x00\x01\x02\x04\xba\
' \xf8wo\xce\xf4\x98\x00\x01\x02\x04\x08\x10 @\
\x80\x00\x01\x02\x04\x08\xe4\x16\x10\xfcsS)H\x80\x00\
\x01\x02\x04\x08\x10 @\x80\x00\x01\x02\x04\xba' \xf8\
wo\xce\xf4\x98\x00\x01\x02\x04\x08\x10 @\x80\x00\x01\
\x02\x04\x08\xe4\x16\x10\xfcsS)H\x80\x00\x01\x02\x04\
\x08\x10 @\x80\x00\x01\x02\x04\xba' \xf8wo\xce\
\xf4\x98\x00\x01\x02\x04\x08\x10 @\x80\x00\x01\x02\x04\x08\
\xe4\x16\x10\xfcsS)H\x80\x00\x01\x02\x04\x08\x10 \
@\x80\x00\x01\x02\x04\xba' \xf8wo\xce\xf4\x98\x00\
\x01\x02\x04\x08\x10 @\x80\x00\x01\x02\x04\x08\xe4\x16\x10\
\xfcsS)H\x80\x00\x01\x02\x04\x08\x10 @\x80\x00\
\x01\x02\x04\xba' \xf8wo\xce\xf4\x98\x00\x01\x02\x04\
\x08\x10 @\x80\x00\x01\x02\x04\x08\xe4\x16\x10\xfcsS\
)H\x80\x00\x01\x02\x04\x08\x10 @\x80\x00\x01\x02\x04\
\xba' \xf8wo\xce\xf4\x98\x00\x01\x02\x04\x08\x10 \
@\x80\x00\x01\x02\x04\x08\xe4\x16\x10\xfcsS)H\x80\
\x00\x01\x02\x04\x08\x10 @\x80\x00\x01\x02\x04\xba' \
\xf8wo\xce\xf4\x98\x00\x01\x02\x04\x08\x10 @\x80\x00\
\x01\x02\x04\x08\xe4\x16\x10\xfcsS)H\x80\x00\x01\x02\
\x04\x08\x10 @\x80\x00\x01\x02\x04\xba' \xf8wo\
\xce\xf4\x98\x00\x01\x02\x04\x08\x10 @\x80\x00\x01\x02\x04\
\x08\xe4\x16\x10\xfcsS)H\x80\x00\x01\x02\x04\x08\x10\
 @\x80\x00\x01\x02\x04\xba' \xf8wo\xce\xf4\x98\
\x00\x01\x02\x04\x08\x10 @\x80\x00\x01\x02\x04\x08\xe4\x16\
\x10\xfcsS)H\x80\x00\x01\x02\x04\x08\x10 @\x80\
\x00\x01\x02\x04\xba' \xf8wo\xce\xf4\x98\x00\x01\x02\
\x04\x08\x10 @\x80\x00\x01\x02\x04\x08\xe4\x16\x10\xfcs\
S)H\x80\x00\x01\x02\x04\x08\x10 @\x80\x00\x01\x02\
\x04\xba' \xf8wo\xce\xf4\x98\x00\x01\x02\x04\x08\x10\
 @\x80\x00\x01\x02\x04\x08\xe4\x16\x10\xfcsS)H\
\x80\x00\x01\x02\x04\x08\x10 @\x80\x00\x01\x02\x04\xba'\
 \xf8wo\xce\xf4\x98\x00\x01\x02\x04\x08\x10 @\x80\
\x00\x01\x02\x04\x08\xe4\x16\x10\xfcsS)H\x80\x00\x01\
\x02\x04\x08\x10 @\x80\x00\x01\x02\x04\xba' \xf8w\
o\xce\xf4\x98\x00\x01\x02\x04\x08\x10 @\x80\x00\x01\x02\
\x04\x08\xe4\x16\x10\xfcsS)H\x80\x00\x01\x02\x04\x08\
\x10 @\x80\x00\x01\x02\x04\xba' \xf8wo\xce\xf4\
\x98\x00\x01\x02\x04\x08\x10 @\x80\x00\x01\x02\x04\x08\xe4\
\x16\x10\xfcsS)H\x80\x00\x01\x02\x04\x08\x10 @\
\x80\x00\x01\x02\x04\xba' \xf8wo\xce\xf4\x98\x00\x01\
\x02\x04\x08\x10 @\x80\x00\x01\x02\x04\x08\xe4\x16\x10\xfc\
sS)H\x80\x00\x01\x02\x04\x08\x10 @\x80\x00\x01\
\x02\x04\xba' \xf8wo\xce\xf4\x98\x00\x01\x02\x04\x08\
\x10 @\x80\x00\x01\x02\x04\x08\xe4\x16\x10\xfcsS)\
H\x80\x00\x01\x02\x04\x08\x10 @\x80\x00\x01\x02\x04\xba\
' \xf8wo\xce\xf4\x98\x00\x01\x02\x04\x08\x10 @\
\x80\x00\x01\x02\x04\x08\xe4\x16\x10\xfcsS)H\x80\x00\
\x01\x02\x04\x08\x10 @\x80\x00\x01\x02\x04\xba' \xf8\
wo\xce\xf4\x98\x00\x01\x02\x04\x08\x10 @\x80\x00\x01\
\x02\x04\x08\xe4\x16\x10\xfcsS)H\x80\x00\x01\x02\x04\
\x08\x10 @\x80\x00\x01\x02\x04\xba' \xf8wo\xce\
\xf4\x98\x00\x01\x02\x04\x08\x10 @\x80\x00\x01\x02\x04\x08\
\xe4\x16\x10\xfcsS)H\x80\x00\x01\x02\x04\x08\x10 \
@\x80\x00\x01\x02\x04\xba' \xf8wo\xce\xf4\x98\x00\
\x01\x02\x04\x08\x10 @\x80\x00\x01\x02\x04\x08\xe4\x16\x10\
\xfcsS)H\x80\x00\x01\x02\x04\x08\x10 @\x80\x00\
\x01\x02\x04\xba' \xf8wo\xce\xf4\x98\x00\x01\x02\x04\
\x08\x10 @\x80\x00\x01\x02\x04\x08\xe4\x16\x10\xfcsS\
)H\x80\x00\x01\x02\x04\x08\x10 @\x80\x00\x01\x02\x04\
\xba' \xf8wo\xce\xf4\x98\x00\x01\x02\x04\x08\x10 \
@\x80\x00\x01\x02\x04\x08\xe4\x16\x10\xfcsS)H\x80\
\x00\x01\x02\x04\x08\x10 @\x80\x00\x01\x02\x04\xba' \
\xf8wo\xce\xf4\x98\x00\x01\x02\x04\x08\x10 @\x80\x00\
\x01\x02\x04\x08\xe4\x16\x10\xfcsS)H\x80\x00\x01\x02\
\x04\x08\x10 @\x80\x00\x01\x02\x04\xba' \xf8wo\
\xce\xf4\x98\x00\x01\x02\x04\x08\x10 @\x80\x00\x01\x02\x04\
\x08\xe4\x16\x10\xfcsS)H\x80\x00\x01\x02\x04\xda'\
\xb0`A\xec\xd3\xf4\xff\x0bS\x0b\x17\x86\xa9\xa9\x85a\
\xc9\xe2\xdd\xa6\x7fN-\xfc\xe5\xed\x1d\xde\xb2\xf5?\xc2\
\x96-[\xa7\xff\xbcq\xd3ca\xe3\xa6G\xb7\x7f\xb7\
m\xdb\xb6\xed\xbf\xfb\x85\x00\x01\x02\x04\x08\x10\xe8\x9f\x80\
\xe0\xdf\xbf95\x22\x02\x04\x08\x10\xe8\xb1\xc0\x82\xc7\x93\
~\xd8k\xe9\xeea\xd9>\xcf\xcf~\xee\x11\x96\xee\xb9\
Gx\xda\x92,\xecg\xc1?\xe5\xf3\x95\x0d\x8f\x84\xad\
[\xb7\x86\x077<\x1c\xd6\xad\xffB\xf6\xf3\x91\x9f\x9e\
\x10\xd8\x16\x9c\x0bH\x91T\x96\x00\x01\x02\x04\x08\xb4[\
@\xf0o\xf7\xfc\xe8\x1d\x01\x02\x04\x08\x10\x081\xec\xc7\
P\x7f\xf4\x8a\xc3\xc2!\x07\x1d0\x1d\xfaSC~^\
\xc6x2`\xc3C\x0f\x87[W\xdd\x19\xd6\xde\xff\xb9\
l7'\x01\xf2\xda)G\x80\x00\x01\x02\x04\xda* \
\xf8\xb7uf\xf4\x8b\x00\x01\x02\x04&^`\xe7\xa9\xa9\
\xeda\x7f\xbf}_\xd0\xb8G|$`\xed\xfd\x0fl\
?\x09\xe0\x91\x80\xc6\xa7@\x83\x04\x08\x10 @\xa0\x12\
\x01\xc1\xbf\x12F\x95\x10 @\x80\x00\x81j\x04\xe2\x9d\
\xfcK\x16/\xca\x02\xff\xcb\xc2\xc9'\x1e\x9f|\xfb~\
5\xbd\x18\xae%\x9e\x04\xb8\xe2\xaak\xc2-\xd9\x9d\x00\
N\x00\x0c\xfb\xd8B\x80\x00\x01\x02\x04\xda, \xf8\xb7\
yv\xf4\x8d\x00\x01\x02\x04&J\xe0iK\x16\x85\xb3\
\xce8%\x1c\xb3\xe2\xe5\xad\x1dw<\x01\xb0\xf2\xcak\
\xc2\xad\xb7;\x01\xd0\xdaI\xd21\x02\x04\x08\x10 \xb0\
\x83\x80\xe0\xbf\x03\x88?\x12 @\x80\x00\x81\xa6\x05\xe2\
-\xfdg\x9d\xf1\xc7\xd3W\xf8\x9bn\xbbh{N\x00\
\x14\x95\xb3\x1f\x01\x02\x04\x08\x10h^@\xf0o\xde\x5c\
\x8b\x04\x08\x10 @`Z .\xdaw\xd2\xab\x7f?\
\x9c}\xe6i\xad\xb9\xa5?uj\xe2b\x80\xaf9\xe3\
\xdc\xf0\xcd\x8d\x9bRwU\x9e\x00\x01\x02\x04\x08\x10h\
H@\xf0o\x08Z3\x04\x08\x10 @`\xa6@\xbc\
\xad\xff\xd2K\xde\x1a\xc6\xb1h\xdf\xcc~T\xf5\xfb\xca\
\xec\xf9\xff+\xae\xfa\x1b\xcf\xffW\x05\xaa\x1e\x02\x04\x08\
\x10 P\xa1\x80\xe0_!\xa6\xaa\x08\x10 @\x80@\
\x1e\x81\x93O<\xb6\xd3W\xf9\xe7\x1ac\xbc\xfa\x7f\xda\
\xe9\xe7\x84\x8d\x9b\x1e\x9d\xab\x88\xed\x04\x08\x10 @\x80\
\xc0\x18\x04\x04\xff1\xa0k\x92\x00\x01\x02\x04&S\xa0\
\xc9g\xf9\xb7m\x1b\x18\x0f~\xc9^\x17\x90}\xe2[\
\x03\xea\xfc|s\xe3\xa3\xe1\xa2K\xde\x15\xee\xbe\xe7\xbe\
:\x9bQ7\x01\x02\x04\x08\x10 \x90  \xf8'`\
)J\x80\x00\x01\x02\x04\x8a\x0a\xc4[\xfb\xdf{\xd5e\
\xe1YKw/Z\xc5\xac\xfb\x0d^\xad\xb7q\xe3c\
\xe1\xc1\x87\x1e\x0e\x9b\xb2\xab\xed\x1b\x1f},l\xde\xf2\
\xbd\xe9\xf2q\x11\xbe\xf8Y\xb2x\xb7\xed?\x97,\xda\
m\xfa\x95\x81{\xed\xb5\xfbO\xd7\x16XP\xc9\x09\x81\
\xd8\x97\xb5\xeb>\x17\xce=\xff\x22W\xfd\xa7\xb5\xfd?\
\x02\x04\x08\x10 \xd0\x0e\x01\xc1\xbf\x1d\xf3\xa0\x17\x04\x08\
\x10 \xd0c\x81\x18\xfao\xbe\xe1\x9a\xed\xe1\xbb\xecP\
c\xc0~0\xbb\xad~\xdd\xfd\x0f\x84O\xac\xfeT\xd8\
\x90\xfd\xbee\xeb\xd6B\xd5\xee\x95\x9d\x88X\xba\xe7\xee\
\xe1\x90\x03\x7f7\xec\xb7\xec\x05\xd3'\x02\xe2\xa2\x83\xa9\
\x9f\xd8\xa7\x95W^\x1b\xae\xb8\xfa}\xa9\xbb*O\x80\
\x00\x01\x02\x04\x08\xd4, \xf8\xd7\x0c\xacz\x02\x04\x08\
\x10\x98l\x81\xaaB\x7f\x0c\xd61\xdc_\xf7\x81\x0f\x86\
[W}\xb4\xb6+\xea\x07\x1f\xb4\x7f8d\xf9K\xc2\
1G\xbd<\xbb\x0b \xdf\x09\x80x{\xff9\xe7]\
\x98\x9d\x88\xf8\xdcdO\xb6\xd1\x13 @\x80\x00\x81\x96\
\x0a\x08\xfe-\x9d\x18\xdd\x22@\x80\x00\x81\xee\x0bT\x11\
\xfa\x07\xb7\xcf\xaf\xcc\xae\xa47\x19\xac\xe3\xa3\x01'\xbf\
\xfa\xb8\x10O\x04\xc4q\xcc\xf6\x19\xf4\xed\xb4\xecu~\
E\xef8\x98\xad^\xdb\x08\x10 @\x80\x00\x81j\x05\
\x04\xffj=\xd5F\x80\x00\x01\x02\x04\xa6\x05\xaa\x08\xfd\
\x9f]\xfb@h:\xf0\xef8}\xf1\x04\xc0\xd1+^\
\x1e\xce>\xe3\x94\x9f\xbb\x03 \x86\xfe\x8b.\xbe<\x5c\
\x7f\xc3\x07w\xdc\xc5\x9f\x09\x10 @\x80\x00\x81\x96\x09\
\x08\xfe-\x9b\x10\xdd!@\x80\x00\x81\xee\x0b\x94\x0d\xfd\
\x9b\xb7l\x09W\x5c\xf5\xbe\xec\xb6\xfe\x9b[\x83\x11O\
\x00\x9cu\xfa)\xd3\x8f\x00\xc4\x05\x03O;\xe3\x9c\xe9\
u\x06Z\xd3A\x1d!@\x80\x00\x01\x02\x04\xe6\x14\x10\
\xfc\xe7\xa4\xf1\x05\x01\x02\x04\x08\x10(&p\xe7\xed7\
\x15^\xbd?^\xe5o\xf3\xaa\xf8\xf1\xd6\xffu\xd9\xca\
\xfdn\xed\x9f\xfd\xd8\xc8\xbb.B\xbcc\xc2\x87\x00\x01\
\x02\x04\x084% \xf87%\xad\x1d\x02\x04\x08\x10\x98\
\x08\x81\xb3\xcf<%\xbb-\xfe\xb4\xe4\xb1\xc6 \xf8\xf6\
K\xde\xd5\xaa\xab\xfc\xc9\x83\xc8\xb1\xc3\xceSSa\xe1\
\xc2'\xd7\xb68a\x8e.TV$\x86\xfc\xa9\x85\x0b\
\xc3\x92%\xbb\x85\xfd\xf6y~X\xbcx\xd1\xf4k\x12\
\xe3\xcf\x9d\xa7\x16\x0e\xb5\xb3y\xcb\xd6\xb05[\xa0q\
K\xf6\xf3\xc1\x0d\x0fg\xaf_\xfcj\xd8\x90\xfd\xdf\xc6\
\xec\x15\x8c!l\x0bu\x9d\x0b\xc8{2b\xa8\xc3\x95\
l\xa8o\x5csu\xef\xf15)\xf3-L9W\x1d\
uoO=\xf1\xd3\xf4\x98R\xfbW\xb7\x97\xfa\x09\x10\
(/ \xf8\x977T\x03\x01\x02\x04\x08\x10\x98\x168\
z\xc5\xe1\xe1\xf2w\xbe-Y#\xde\xda\x7f\xea\xe9\xe7\
6\xbax_r'K\xee\x10\x83\xcb^K\xf7\x08\xd7\
\x5cuY\x16p\xb7\x85\x97\x1d\xf9\x07\x9d\xbck`\x10\
\xf6\x8f9\xeae\xe1\xe0\x03\xf7\xcf\xc6\xb4\xfbt\xf8/\
\xc3\x13\x1f\x9dX\x9b\xbd\x9a\xf1\xae{>\x99\x1d\x03\x9f\
\xcf\x5c\xb6Tv\x12 \xf6\xf7\xeb\x0f\xad/\xd3\xbd\xe4\
}\xe3x\x06'9\xe2I\x8d\x8d\xd9[\x1f\xd6f\xe3\
\x8a'9\xe2\x9d\x22u\x86\xcax\x9c]z\xf1[\xa7\
\x1fII\xeexC;\xc4\xf1\xc7\xc7x\xe2\xe3<y\
\xee\x9cijL3\xe7-\x9e\x98\x8as\xb7\xe1\xa1\xaf\
es\xf7\xf8\xdb:\xea\x9c\xb7\x86\xe85C`\xa2\x05\
\x04\xff\x89\x9e~\x83'@\x80\x00\x81\xaa\x04\xe23\xf0\
\x1f\xbc\xf1\xda\xec\x8a\xefnIU\xc6W\xe1\x1d\xf7\xea\
\xd7\xf4\xe2\x0a\xf8\x5c\x03\x8f\xe1\xf3\xe4\x13\x8f\x0do9\
\xef\x8d\xdb\x8b\x5c\xf7\x81\x9b\xb2\xc5\x01\xdf\xb5\xfd\xcfm\
\xff%\x8ea\xbf}_\x10Nz\xf5\xb1a\xbfe/\
(\x1d\xf6\xe7\x1b\xef-\xab>\x12n\xb9\xed\xa3a\xdd\
\xfa\xcf\x97\x0e\xc9\xe3\x08\xfe\xf3\x8d\xed+\x1b\x1e\xc9^\
GyG\xb8{\xf5\xa7\xb3c~Se'8\x06m\
6\x15\x92\x07\xed\xa5\xfe\x8c'\xf9\xde\xf8\xa6\x0b\xc3=\
\xab?\x99{\xd76\x8c)\x86\xff[\xb3\xe3r\xed\xfd\
_\xa8e\xderc(H\x80@a\x01\xc1\xbf0\x9d\
\x1d\x09\x10 @\x80\xc0\xcf\x04.{gv\x951[\
\xfd>\xe53\x09\xa1?\xde\xda\x7f\xcd\xd5\x97N\x87\xe6\
\x996\xf1\xea\xe1\xb1\xd9\x09\x8f&_Q8\xb3\xfd\x94\
\xdf\xe3\x18.x\xf3\x1b\xc2\xd1G\x1e\x9e\xb2[\xe9\xb2\
\xf1\x0a\xec\xca+\xaf\x09\xb7\xde~g\xe1\x13\x00m\x0b\
\xfe3Q\xe2\x09\x8e+\xae\xfa\x9bJ\x83d\x1bB\xf2\
\xcc1\x0e~\x8f\x8fq|%\xbb\x8a\xfe\x9a\xec\xd5\x97\
\x8f?\xda1\xf8f\xf4\xcf\xb6\x8d\xa9\x8ey\x1b\xad\xa0\
\x04\x01\x02e\x05\x04\xff\xb2\x82\xf6'@\x80\x00\x81\x89\
\x17(r\x8b\x7f\xdfC\xff\xe0\x0a\xf9\xa5\x97\xbcu\xce\
\xbb \xa2A\x9bo\xf9\x1f\x8c!\x9e\xb8\x88\xcf\xf2\x8f\
\xebS\xe6\x04@\x9b\x83\xff\xc03\x06\xc9\x95W\xbe/\
9\x10\x0f\xf6\x9f\xf9\xb3m!9\xf6mpk\x7f\x5c\
\xc3\xa3\xc8\xa7\x8dc\x8a\xe3\x18\x9c\x00\xf8\xe6\xc6ME\
\x86e\x1f\x02\x04\x1a\x16\x10\xfc\x1b\x06\xd7\x1c\x01\x02\x04\
\x08\xf4K \x06\xc2\x8f}\xf8\xa69\xc3\xedl\xa3\x8d\
\xb7\xfb\xbe\xec\xc8WU\x12tf\xab\x7f\xdc\xdbb\xd8\
\x8c\x8b\x1c\x9eu\xfa\xa9#\xbb\x12\xafh\xaf\xcc\x9eu\
n\xdb'e\x0cM\xf4=\x86\xc7\xcff\xb7[\x1f\x9f\
\xdd%\x91\xf2\xe9B\xf0\x8f\xe3\x89'\x81\x8e?\xf1\xb5\
\xd9\xcfr!\xb2m!\xb9\x8a\xf5;\xda6\xa6\x99\xc7\
_\x5c\xa8\xf2\xed\x97\x5c\x1e>\x94=\x9a\xe2C\x80@\
\xbb\x05\x04\xffv\xcf\x8f\xde\x11 @\x80@\xcb\x05\x8a\
\xac\xe2\x7f\xca\xe9\xe7\x84\xbb\xef\xb9\xaf\xe5#+\xd6\xbd\
\xa7-Y\x14\xe2U\xfe\xf8<|\x9e\xcf\xe6\xcd[\xc2\
\xef\x1c\xf8\x8a\x5c\x8b\x9c\xe5\xa9\xaf\x8a2m\x0c\xfd)\
\x8b\xc1\xcd4\xe8J\xf0\x8f}\x8e\xc7\xc2q'\xbe&\
{\xe3\xc1#3\x87\x90\xf4{[Br<Q\xb36\
{\xede\x15\xaf\xe6l\xcb\x98\xe6\x9b\x88\x95W]3\
\xbdXa|\xa4\xc1\x87\x00\x81v\x0a\x08\xfe\xed\x9c\x17\
\xbd\x22@\x80\x00\x81\x0e\x08\xc4\x85\xfc\xfea\xcdG\x92\
z\xfa\xee+\xaf\xcd\xfe\x81|m\xd2>](\x1c\x03\
f\x0c\xfbEn\x8bo\xdbB\x7f\x87\x1c|@\xb8\xf6\
\xaaK[\xc1\x1e\xaf\x18\xaf\xcc\x8e\x99\xebo\xf8`\xa1\
\xfet)\xf8\xc7\x01\x96}\x04\xa6\x0d!9\x86\xfe8\
gW\x5c]\xcd\x9d,m\x18S\x9e\x83/\xde\xfa\x7f\
N\xb6p\xa1\x0f\x01\x02\xed\x14\x10\xfc\xdb9/zE\
\x80\x00\x01\x02\x1d\x10H]\xd0\xef\xb3k\x1f\x98\xbe\xa2\
\xd9\x81\xa1%u1\x86\xcb\x0b\xce\x7fC\xb6\xe2\xfdq\
I\xfb\x0d\x0a\xc7\xa0\x14\xaf\xfa\xa7.z6\xd8\xbf\xca\
\x9f\xf1\x8e\x85\x9bo\xb8&\xe9\xd1\x8d*\xdb\x1f\xd4\x15\
\xaf\x9c\x16]\x0cnPG\xfc\xd9\xb5\xe0\x1f\xfb\x1c\x1f\
i8\xee\x84\xd3\xe2\xaf\xc9\x9fq\x87\xe4x\xe2\xe2\x9c\
\xf3.\xact\xd1\xcaq\x8f)e\x12\xdav\x12/\xa5\
\xef\xca\x12\xe8\xbb\x80\xe0\xdf\xf7\x196>\x02\x04\x08\x10\
\xa8E \xf5j\x7f|_\xf7a\xaf\xf8\x83V\x84\xdb\
*AbP~\xefU\x97\x85ge\xef\xb3/\xfay\
\xfc\x0aiv\xab\xf0\xd5\x7fS\xb4\x8aJ\xf6\x8b!9\
\x9e\xcc)\xb3z\xff\xf4\x9d\xce9\xeew\x8em\xcd\xf5\
\x89\x1eEo\xed\xdf\xb1\xce\x22\xc1?\xb6_\xec\xb3 \
;\xd1Pl\xcf\x99{\xc5\xf6\x8b\xbe\xf1\xa1hH.\
>\xe6\x9f\xf5<\xde\xda\x7fZ\xb6j\x7f\xfc\xbb^\xe5\
\xa7\xa91\xcdwL\xa6\x8c\xe7\x9c7\xbd-[\xf8\xcf\
3\xff)f\xca\x12hB@\xf0oBY\x1b\x04\x08\
\x10 \xd0;\x81\xd4\x95\xfc\xfbv\x8b\x7f\x0c\x09\x07\x1f\
\xb4\x7f\xb8\xec\x92\x0bJ\xadx_e\xc8-{\x90\xc5\
\x93\x18\x9f^}Gr51&o\xc9n\xc9\x7f\xf0\
\xc1G\xc2]\xab\xef\x0d\xeb\xd6g\xef:\xdf\xf8\xd8\xac\
\x01p\xc9\xe2Eaq\xf6\x88\xc8\xb3\x96>3{4\
b\xef\xb0l\xdf\xdf\xce\xfc\xa6\xb6\x07\xe6\x22\xefy\x9f\
\xaf\xc3\xa9\xc1\x7f\x10\xba\xe7\xabs\xae\xef\xe2\xc9\xb0\x9d\
\xa7\x9e\x1c\xf6\xdas\x8fl\x5c/\x98\xbek\xa2h\x98\
\xfc\xcc\xba\x07\x92\x172\x8c\xfd*\x12\x92\xaf{\xffM\
\xe1\x13\xab?9\xd7\xb0rm\xdf\x9a\x85\xfd2k\x13\
\xcc\xd7H\x13c\x9a\x9aZ\x18\x9e\xb6x\xd7\xb0d\xd1\
n\xd9\xdc\xed\x1d\xf6\xcaN\xe4\x15\x9d\xbb\xb8\xe0\xdf\x8b\
\x97\x1f1\xeb\xf1?\xdf8}G\x80@\xbd\x02\x82\x7f\
\xbd\xbej'@\x80\x00\x81\x9e\x0a\xc4g\xfbc\xd0\xc9\
\xf3\xf9f\x16\x02\x7f\xe7\xc0\x97\xe7)\xda\x892\xf1\xbd\
\xf6qQ\xc3\xa2\xb7\xf6\x0f\x06\x19C\xeeE\xef\xb8|\
\xfa=\xf5\x83m\xe3\xfc\xf9'g\x9e\x1a\xce:c\xf4\
\x9b\x08f\xf61\x06\xe5\xc13\xf8E\xaf\xf4\xc6\x93H\
\xc7\x1cyxX\x98\x85\xaf\x22\xefy\x9f\xd9\x9f\x1d\x7f\
/\x12\xfc\x9f\xb1\xe7>;VS\xe8\xcf1\xfc\xbf2\
\x8e\xed\xa8\xf4c\xbf\xe8\xa2\x8f\xa9!9\xde\xdcp\xee\
y\xed\xbeB=\x8e1\xc5\xff\xb6\x9du\xfa)\xd3s\
W\xe4\x04\x80[\xfe\x0b\xfd\x95\xb1\x13\x81Z\x05\x04\xff\
ZyUN\x80\x00\x01\x02}\x14\x88\x8b\xd8}\xf0\xc6\
kr\x0f\xadO\xb7\xbeVsk\x7f5\xcf\xaf\xe7\x9e\
\x80\x1c\x05c\xb8\xb9\xf3\xf6\xbf\xcd\xaeV\xe7\x7fd!\
\x9e\xb88.{\xbd^]Wzst{d\x91q\
\x06\xffA\xe7\xce\xceN\xa6\x9c\x9d\x9dTI\xf9\x0c\xee\
<X\x97=\xef\x9f\xf2\x19GHN\xe9_\x91\xb2\xe3\
\x1cS<\x01\x10\xd7\xbc\x88\x7f\xefS?\xcf\xd9\xfb\x00\
W\xfdS\xd1\x94'P\xa3\x80\xe0_#\xae\xaa\x09\x10\
 @\xa0\x9f\x02)\x8b\xfa\xf5\xe9j\xff\xc9'\x1e\x9b\
\x05\xb8\xd3zsk\xff\xcc\xa33\xf56\xff\x18L\xe3\
\x09\x9d[o\xbfsf5\xad\xfb\xbd\x0d\xc1?\xa2\x5c\
p\xfe\x1b\xc3\xc9'\xa6-\xfex\xd1\xc5\x97ek\x1d\
\xa4\xbd\xcd`\x9c!\xb9\xae\xc9\x1f\xf7\x98\xe2c\x007\
\xdf\xf0\xde\xec\xf1\x94=\x92\x86\xb8\xf2\xcak\xc2\xca\xab\
\xaay\xb3AR\xc3\x0a\x13 0\xab\x80\xe0?+\x8b\
\x8d\x04\x08\x10 @`n\x81/?po\xee\xf0\xdb\
\x87\xab\xfd\xf1\xd6\xfe\xb3\xce\xf8\xe3,\xb8\x1d?7J\
\x8eo\xaa~~=G\x93\xb9\x8b\xbcp\xd9\xde\xd3\xe1\
&\xef\x0e]yCC[\x82\xff\xce;Oe\xeb'\
|8\xf7\xdf\x9b8\x0f\xef\xce\x82\xe3\x15\x89\xc1q\xdc\
!9\xef\xf1\x93R\xae\x0dc\x8a\xe1\xff\xceU7e\
W\xfe\xf3=\xde\x14\xc7\xb7q\xd3c\xd9\xb3\xfe\xe9\x8f\
y\xa4\xd8(K\x80@~\x01\xc1?\xbf\x95\x92\x04\x08\
\x10 @ \x1c\x92-hw\xed\xd5\x97\xe5\x92\xe8\xc3\
?|\x9f\xb5\xd7\x1e\xe1\x9al\xd5\xfe\xbc\xeb\x19\xcc\x06\
\x13\xaf\x8e\xc7\x15\xcf\xcf=\xff\xa2\xd6\xbe\xd5 \xde\xcd\
p\xc1\xf9\xe7\xcc\xd6\xfdY\xb7\xbd\xfb\xaf\xe2[\x08\xda\
\x7f5\xb3-\xc1?\xf6#^5\x8e\x8f\xc9\xe4\xfd\x08\
\xfe\x8fK\xb5!\xf8\xc7\x9e\xa4.h\x1a\xf7\x89\x8b\xfc\
\xb5\xe15\x9d\xb1/>\x04&]@\xf0\x9f\xf4#\xc0\
\xf8\x09\x10 @ I \xe56\xff[n\xfb\xc8\xf4\
;\xbd\x93\x1a\x98Q8\x86\xa4u\xeb?\x1fbpn\
\xfa\x13\x83\xdaI\xaf\xfe\xfd\xcan\xed\x7f\xfb%\xefj\
z\x08I\xed\x9d}\xc6)\xd3c\xcd\xbbS\x91\xdb\xd0\
\xf3\xd6]e\xb9\xb6\x04\xff8\xa6\x0b\xce\x7fC\xd2]\
#EN\xae\xb4%$W;\x87!\x5cz\xf1[s\
/\x92X\xe7\x82\x85)w;E\x83>\xdc\xf1T\xe5\
\x5c\xaa\x8b\xc08\x05\x04\xffq\xeak\x9b\x00\x01\x02\x04\
:'\xf0\xb1\x0f\xdf\x94{\x01\xb8\xdf?\xe1\xb4\x90\xba\
8\xd9L\x90\xc1\x02\x82\xe7\x9ewQ\xf8\xe6\xc6M3\
\xbf\xaa\xf5\xf7xk\xff\xa5\xd9k\xfa\xe2\xdd\x0de>\
\xdf\xdc\xf8\xe8\xf4\x89\x8f2\x06e\xdaO\xd975\xf8\
we\xd5\xf2\xae\x06\xffx\xaa\xeb\xa2w\x5c\x1a\xae\xbf\
\xe1\xefR\xa61\xf9u~u\x86\xe4\xa4\x8e\xcfS\xb8\
M'3RO\xdet\xe5\xef\xc9<\xfc\xbe\x22\xd0\x1b\
\x01\xc1\xbf7Si \x04\x08\x10 P\xb7@|\xce\
\xf5\xcb\xeb\xef\xcd\xd5L\x15\xb7\xf9\xc7\xe0?\xb85z\
\xe5U\xf1y\xe7\xbf\xa9\xfd\xea\xff\xa4\xdc\xda\xbf\xe3$\
\xa6\x06\xff\xcff\xab\xcd\x1f\x97\x9d\xd8i\xfb\xa7-\xc1\
?\xf6\xe3\x9a\xab.\xcd}2\xc9\xaa\xfe?;\xb2\xda\
\x14\xfcSo\xf7/{\xd7\xd3\xcf\x14\xfcF\x80@Y\
\x01\xc1\xbf\xac\xa0\xfd\x09\x10 @`b\x04R^\xe3\
W\xc5?xg\x06\xff\x88\x1cO&\x9cv\xc69\xd9\
\xeb\xe3\x1e\xceN\x00T\xcb\x1e\x83Y\xbc\xb5?\xe59\
\xf7\xd9z\x10\x03\xdbE\x17_\x9e]\xa9M[\x8d}\
\xb6\xba\x9a\xdc\x96\x1ahb\xdf\xe2\xc9\x98\x95W\xb6\xfb\
9\xff6\x05\xffO\xaf\xbe#\xf7Z\x11\x9b7o\x09\
\xcf\xddwy\xf2!\xd0\xa6\x90\x9c\xdc\xf99vh\xd3\
\x98R\xfe\x1b\x18\x87\x13\xd7\xf68\xf6\xd5\xed?A6\
\x07\xbd\xcd\x04z% \xf8\xf7j:\x0d\x86\x00\x01\x02\
\x04\xea\x14H\xb9*\x5c\xc5\xb3\xad;\x06\xff\xc1\xd8n\
Y\xf5\x91\xe9\xab\xffU\xdd\xfe\x1fo\xed\xbf\xe6\xeaK\
\xb7\xdf]0h'\xf5gU\xb7\xf6\xc7W\xebm\xde\
\xbc\xb5\xd1w\x80/\xcb\xd6S\xf8\xbb\xec\x0e\x8b\xd4O\
Swb\xa4\xf6kP\xbe\x0d\xc1?\xf6\xe1\xec3O\
\x09g\x9d~\xea\xa0[#\x7f~\xe8\xd6;\xa6\x17\x83\
\x1cYp\x87\x02m\x0a\xc9;t\xad\xf0\x1f\xdb4&\
\xc1\xbf\xf04\xda\x91\xc0\xd8\x05\x04\xff\xb1O\x81\x0e\x10\
 @\x80@W\x04\xe2j\xfey\x9f{?\xec\xc8\xe3\
\xb3+\xf3\x8f\x94\x1a\xda\x5c\xc1?V\x1a\xaf\xfe_\x91\
]q\xbee\xd5GK]\xfd\x8f\xaf\xb1\xbb\xf4\x92\xb7\
\xe6\xbe\x12;\xdb\x80\x06\xab\xf6\x9fv\xc6\xb9\xa5\xc2z\
\x0c\x88\x07g\xeb\x0a\x5cz\xf1[\xc2q\xaf~Mi\
\xbf\xd9\xfa:\xd7\xb6\x22\xaf\x9b\x1b\xd4\x15\xe7\x22\xbe\xb3\
\xfc\xd6\xdb\xef\xcc6m+5\x1f\x83:\xab\xfa9\xee\
\xe0\x1f\xdb?\xe6\xa8\xc3\xa7\x17\xa7\xcb;\xa6\xa2\xb7\xf9\
\xc7\xfa\xdb\x14\x92\xf3\x8ewT\xb96\x8dI\xf0\x1f5\
[\xbe'\xd0^\x01\xc1\xbf\xbds\xa3g\x04\x08\x10 \
\xd02\x81\xbc\x0b\xfbm\xd9\xb25<g\x9f\x03J\xf7\
~\xbe\xe0?\xa8\xbc\xe8\xd5\xff\x18\xc8\xce:\xe3\x8f\xc3\
\xd9g\x94\xbb\x0d\xb7\xaa[\xfb\xe3]\x07\xf1\xaa\xf0I\
\xaf>n:8\x9f{\xde\xdb\xa6Oj\x0c\xc6Y\xf7\
\xcf\xe8\x91\xfa\xba\xb9\x1d\xfb\x14O\x00\xac\xbd\xff\x81p\
\xd7=\x9f\xcc\x16u\xfc\xfc\xf4I\x90\xe83\xce\xcf\xb8\
\x82\x7flwj\xe1\xc2\xeds\x9abP\xf4j\x7fl\
\xa3M!9e\xcc\xf3\x95m\xd3\x98\x04\xff\xf9f\xca\
w\x04\xda- \xf8\xb7{~\xf4\x8e\x00\x01\x02\x04Z\
$\x90\xf7UVU=\xd7\x9a'\xf8G\x9ex\xa2\xe1\
\xba\x1bn\xca\xbd\xf8_\xbc\x95>^\xe5\x8f\xff\x88/\
\xf3\x89\xb7\xf6?\xbe\xe6@\xb9;\x1bb\x7f\xde{\xd5\
e\xe1YKw\xdf\xde\x9dx\x05}\xe5U\xcd>?\
_\xf4v\xff\xed\x9d\xde\xe1\x97\xb5\xd9\x02\x80q=\x86\
x\x22`\xc3C_\x1d\xcb\x89\x80\x22\xc1\xff%\x07\x1d\
\xb9\xc3H\xf2\xfdqj\xea\xc9\xd9\x9d#\x8b\xb2\xff\xdb\
5\x1c|\xe0\xfe\x85\x8e\xafxL\xc5\xbb=\x8a\xbe\xfb\
=5$\xc7\x91\xc55)\xee^\xfd\xa9|\x83,X\
*\x9e\x00jjL\xf1\x5cS]'\xceN>\xf1\xd8\
\xa4u@\xaaX\xeb\xa4 \xb9\xdd\x08\x10\xd8A@\xf0\
\xdf\x01\xc4\x1f\x09\x10 @\x80\xc0\x5c\x02\xdfx\xf8\x81\
\xb9\xbe\xfa\xb9\xedw\xdds_8\xf5\xf4s~n[\
\x91?\xe4\x0d\xfe\x83\xba\xe3\x15\xe7\x18\x9a\xe6{\xf6?\
\xde\xda\x1f\x9f\xe7\x8fWc\x8b~b\x88\x89\xff\xa0\x7f\
\xfb%\xef.}k\x7f\x0c\x12g\x9dq\xeaP\x7f>\
t\xebG\xb2g\xbc/,\xda\xc5B\xfbUq\xd5\x7f\
\xbe\x86\xbf\x92=\xfa\xb1.\xbb#`mv7@S\
w\x04\xa4\x06\xff\xf9\xfa_\xf7w\xf1\xb8:6;~\
\xcb\xbc\xfe\xb1H\xf0\xaf{\x5c\xb1\xfexB\xe3w\x0e\
<\xa2PS\xa9c\xaa3\xf8_\xf6\xce\xb7\x86cV\
\xbc<\xf78\xc6q\x02/w\xe7\x14$0a\x02\x82\
\xff\x84M\xb8\xe1\x12 @\x80@1\x81%\x8bw\x0b\
\xff\xb0\xe6#\xb9v\xae\xea\xdd\xd5\xa9\xc1\x7f\xd0\xb9\xd8\
~|\xf5\xdf\xe6-[\x06\x9b\xb2[\xa0\x17\x84\xb7\x9c\
\xf7'\xe1\xe4\x13\x8f\xdf\xbe\xad\xc8/\xb1\xce\x95W^\
[z\xd5\xfe\x99\xb7\xf6\xcf\xd6\x8fO\xdc}\xdf\xf4\xdd\
\x04\xb3}W\xe7\xb6g\xed\xb5{\xb8s\xd5Mu6\
\xb1\xbd\xeexG\xc0\xdau\x0f\x84\xbb\xd7|2\xbb3\
\xe0\xab\xd9#\x0e\xd5?\x16\xd0\x95\xe0\x1f\x8f\xab7\xbe\
\xe9\xc2p\xcf\xeaOn\xf7)\xf2KjH.\xd2F\
\x91}\xfa\x12\xfc\xe3\x7f\x03\xe3\x7f\x0b\xf3~Ny\xdd\
\x1b\xb3\xbb)\xca\xcdi\xde\xb6\x94#@`~\x01\xc1\
\x7f~\x1f\xdf\x12 @\x80\x00\x81i\x81\xbd\xb2\xdb\xd0\
?v{\xbe@X\xd5U\xae\xa2\xc1?vx\xe6\xe2\
\x7f\xf1\xf6\xeb\x1do\xa5/2\xadeo\xc3\x8em\xc6\
`\xb6\xd7\xd2=\xb2w\xba_6o\x80\xf8\xec\xda\x07\
\xc2q'\xbe\xa6H7K\xefs\xf2\x89\xc7e\xb73\
\xbf\xb1t=)\x15\x0c\x16\x08\x5c\xb7\xfe\x0b\xd9\xdcm\
\xaal\x81\xc0\xb6\x07\xffx\xaa\xe3+\x0f>\x1c^\x93\
-\x0cY\xf4V\xf8\x99\xce\x82\x7f\xb6\xbcdM\xb7\xfa\
\x17y\xe5\xe5\x8b\x97\x1fQ\xc9\xbc\xce\x9cc\xbf\x13 \
PL@\xf0/\xe6f/\x02\x04\x08\x10\x980\x81\x94\
E\xad\xaax\x95_\xe4-\x13\xfc\x07\xd3\x13\x17\xff\x8b\
o\x22(wk\x7f\x08\xd7gw\x11\xc4g\xee\xb7l\
\xdd:\xa8\xba\xd0\xcf?\xfa\xc3\xe3f\xbd\xb5\x7f\xc7\xca\
\xc6\x19\xfcc_\xce\xce\x1e}\xf0\xfb\x9f\x00\x00\x22\x93\
IDAT?\x88\x8f \xc4 \xd9\xf4\xa7\xe8\x82\x8d\
\xb3\xf5\xb3\xed\xc1?>2r\xee\xf9\x17Uv\xb7\x83\
\xe0_O\xf0\x8f\xebp\xdc|\xc35\xf3\x9e\xac\xdb\xf1\
\xf8\xabj\xad\x93\x1d\xeb\xf5g\x02\x04\x8a\x09\x08\xfe\xc5\
\xdc\xecE\x80\x00\x01\x02\x13&\xd0\xd5\xe0_v\x9a\xe2\
-\xd8o\xbf\xf8]\x95\xac\xb0\x1fC\xe8\xa7W\xdf\x91\
+<\x8c;\xf8G\xb7x\x853\x9e\x00\x88\xa1g\x1c\
\x9f\x95\xd9\xeb\x1a\xe3#\x1be\x1e\x01h{\xf0\x8f\xae\
\xf1\x91\x87\xeb>p\xf3\xf4-\xe1e\xc6\x1a\xeb\x12\xfc\
\xab\x0f\xfeEB\x7f\x9c\x8b\xaaN\x80\xc6\xba|\x08\x10\
(/ \xf8\x977T\x03\x01\x02\x04\x08L\x80\xc08\
\x82\xff5W]\x1a\x0e=\xf8\x80\xb1\xe9\xfeS\x85\xb7\
`\xc7At-\xf8\xc7>\xc7\xe7\x99c\xf8\x8f'\x01\
b\xff\x9b\xfe\x94}\xbc\xa2\x0b\xc1\x7f`\x1aO\x00\x9c\
{\xdeE\xf3.N9(;\xd7O\xc1\xbf\xba\xe0\x1f\
\x8f\x9d\xf8\xdf\xbd\xf8\x06\x90\x94\xe7\xfa\xe3\xdc\xc4GW\
\x8e=\xe14\xb7\xf9\xcfu\xa0\xdaN`\x0c\x02\x82\xff\
\x18\xd05I\x80\x00\x01\x02\xdd\x13Hy\xc6\xff\xa2\x8b\
/\xcb\xae`~\xb0\x92A\xc6\xdb\xcd\xcf>\xe3\x94F\
Cg\xbc\xeaz}v\x05\xf6\xa2K\xdeU\xc9\x18\x06\
\x95t1\xf8\x0f\xfa>\xce\x13\x001\xfc\x17}mb\
\x97\x82\x7f\xb4\x8e\xaf\xa6\x8cw:\x14\xfd\xfb#\xf8\x97\
\x0b\xfe\xf1x\x89\x9f\x18\xf8\xcf\xca\xfe\xbb\x13\x7f\x16\xf9\
\xbc;[\x00\xf4\x8a\xab\xae-\xb2\xab}\x08\x10\xa8I\
@\xf0\xaf\x09V\xb5\x04\x08\x10 \xd0/\x81\x18\xfc\xf2\
\xae\xea_\xd5\xe2~\x03\xc1\xd8\xf65W_\x16\xf6\xda\
s\x8f\xe9[\x99\x07\xdb\xeb\xf8\x19o\xed?'\xbb\xea\
zw\xf6J\xc2\xaa?1T|i\xfd\x9a\x5c\xeb\x0d\
\xb4\xe1V\xff\xd9\xc6\x1f\xe7\x22.\xfe\x17\xdfS\x1f\x7f\
\x1f\x04\xa5\xd9\xcaV\xb9\xad\xe8\x95\xff\xae\x05\xff\x81Y\
\x0c\xff+\xaf|\xdf\xe0\x8f\xb9\x7f\x0a\xfe\x8fS\xc5u\
\x22R^\x8b\xb8x\xd1najj\xe1\xf4\xc2\x9b\xf1\
$g\x995A\xe2\xb1Z\xf4\xd5\x85\xb9'ZA\x02\
\x04\x92\x05\x04\xffd2;\x10 @\x80\xc0$\x0a\xa4\
\x04\xff\xb8`\xd99\xe7]X9S\xdd\xcf\x9c\xc7\xb0\
\x1d\x17Z\xabbu\xf5\xd9\x06\x9f\x12B?t\xeb\x1d\
\xd3}\x99\xad\x9e\xb6l\x8b\x01\xe9\x90\x03\x7f7,\xdb\
w\xef\xec\xca\xe8oOw\xab\xce\x13\x01\x9f\xcdn\x85\
?.\xbb}:\xe5\x93b>\xa8\xb7\xecs\xf6\x83z\
\xe2\xcf\xa2\x1eEW\xa6/\x12\xfc\xa7_\xa2X\xc3\xab\
\x14g:|3\xbb\xf5\xfd%\x07\x1e1sS\xee\xdf\
\x8b\x8c)w\xe55\x14<\xec\xc8\xe3\xb3\xd7S>R\
C\xcd\xaa$@\xa0\x8c\x80\xe0_F\xcf\xbe\x04\x08\x10\
 0Q\x02\xdfx\xf8\x81\x5c\xe3\xbd+\xbbZ~\xea\
\xe9\xe7\xe4*\x9bZ(\x9e\x808\xeb\xf4S\xc21G\
\x1dQ\xd9\xd5\xff\xban\xed\xdfql\xcf\xdak\x8fp\
\xe7\xaa\xbf\xddq\xf3\xac\x7f\xfe\x1f\xef\xff\xdb\xf0\xf6K\
\xde=\xebwm\xdc\x18\xaf\x90.[\xf6\x82\xf0\xc2\xec\
\x04\xc0\xd2\xec\xce\x8c:N\x04\x14\x09\xc3\xa9\xc1?\x1e\
\x0b\xbfs\xe0+J\x13/\xce\x8e\xd3x\x059z\x14\
\xbd;b\xf3\xe6-\xe1e+^\x95t\x22*5$\
\xc7\xd0\xff\xf6w\x5c\x1e\xeej\xe0]\xf3EO\xa8\xa5\
\x8e\xa9\xf4\xe4\x95\xa8\xc0-\xfe%\xf0\xecJ\xa0f\x01\
\xc1\xbff`\xd5\x13 @\x80@\x7f\x04\xe2\xad\xfe1\
x\x8f\xfa\xc4\x85\xad^\xbc\xfc\xe5\xa3\x8a\x95\xfa\xbe\xaa\
\xab\xff\xf1\xb6\xdcxwB\xcam\xc1E;\xfe\xc2e\
{g\xaf\x04{\xef\xc8\xdd\x1f\x0fc\x97\x86\xebn\xf8\
\xbb\x91e\xdbZ \x9e\x08X\x9a\xdd\x11p\xe8A\xbf\
;\xe3D\xc0\x82\xd2'kRo\xa3.\x12\xfc\x9f\xb1\
\xe7>\x95\xb3.\xcb\x9e\x15\xbf,[$.\xf5\x0d\x09\
\xf1\x96\xf5s\xde\x94\xff\xee\x99\xd4\x90\x5c\xe4dJ\xe5\
8#*L\x1d\xd3\x88\xeaj\xfbZ\xe8\xaf\x8dV\xc5\
\x04*\x11\x10\xfc+aT\x09\x01\x02\x04\x08L\x82\xc0\
\xb5\xd9s\xf6\x87\x1c\xb4\x7f\xae\xa1>g\xef\x03J\xbf\
\xf3>OCe\x16\xff\xab\xfb\xd6\xfe\x1d\xfb\xffG\x7f\
x\x5cx\xcbyo\xdcq\xf3\xd0\x9f\xe3U\xe7x\xc7\
\xc4\xdd\x0d\x5c\x85\x1dj\xbc\xa6\x0d\xf1\x84Q\x0c\xbf\x87\
f\xc7\xcf\xc1\xd9\xe3\x01\xc5o\x81\xdf\x16\x8e}\xf5k\
r\x9f\xa8iK\xf0\x8f\xac\xd3\x016\x0b\xff\xc7\xac\xc8\
\x7fR,\x1e\x0b\xcf\xddgy\xee\xbfK\xa9!Y\xf0\
/\x7f\xc0\xc79z{\xb6\x10h|%\xa3\x0f\x01\x02\
\xed\x15\x10\xfc\xdb;7zF\x80\x00\x01\x02-\x13\xb8\
\xe0\xfc7d\x0b\xbb\x1d\x9f\xabW\xbf\x9f=\x8b\xdd\xc4\
U\xf4\xd8\x99\x18*o\xbe\xe1\x9a\xdcWS\xc7\xf1\x0f\
\xf5\x18@\xe3\xeb\x09\xf3\x9c8\x89\xfd{\xd9\x8a?\xe8\
\xeds\xc2q\xbe\xca\xbc\x22\xf0\xba\x0f\xdc\x14.\xba8\
\xdf\x1b\x17\xda\x14\xfc\xe3\xb1\x1a\xfbs\xe7\xed\x7f\x9b-\
T\xb9{\xfcc\xaeO\xcab\x99\x82\x7f.\xd2\xca\x0a\
5y\xc7Pe\x9dV\x11\x81\x09\x15\x10\xfc't\xe2\
\x0d\x9b\x00\x01\x02\x04\xd2\x05N>\xf1\xd8p\xc1\xf9\xf9\
\x9e\xdd\xaf\xf2\x95~y{\x1aW\x9b?\xe9\xd5\xc7\xcd\
{\x02`\x5c\xffP\x8f\x81\xef\xd3\xab\xef\xc8\xf5\xa8D\
\x0c\xfeu\xdcn\x9e\xd7\xb1\xa9r\xa9'l\x06\xfdJ\
YC\xa2m\xc1?\x8e!\xde\xf9\xf0w7^3\x18\
\xce\xc8\x9f\x9fY\xf7@8>\xbb\xcb!\xcfG\xf0\xcf\
\xa3T\xbeL|\xfbG|\xe5b|\xed\xe7\x96\xad[\
\xcbW\xa8\x06\x02\x04j\x17\x10\xfck'\xd6\x00\x01\x02\
\x04\x08\xf4E \xae\xe2\xfe\xb1\xdbo\xca5\x9c\xb5\xd9\
\x0a\xec\xc7&\xae\xc0\x9e\xab\xe2\x11\x85b\x98\x9ck\xf1\
\xbfO\xdc}o87{U\xdf8\xfe\xa1\x9e\xb2\xb0\
_[_\xe57\x82\xbe\xd0\xd7q\xbe>x\xe3\xb5\xb9\
N\x88\x0c\x1aHy\xce\xbf\x8d\xc1\x7f\xe7\x9d\xa7\xc2\x97\
\xee_3\x18\xce\xc8\x9fq\x91\xbf\xe7\xee\xbb|d\xb9\
X@\xf0\xcf\xc5T\xaa\xd0g\xd7}.\x9c\x96=\x8a\
3\x8e\xff\x8e\x94\xea\xb8\x9d\x09L\xb8\x80\xe0?\xe1\x07\
\x80\xe1\x13 @\x80@\x9a\xc0\x97\x1f\xb87\xf7;\xae\
\x9bz\xce\x7f\xb6\x11\xcc\x5c\xfco\x1c\xb7\xf6\xef\xd8\xa7\
\xbc\xcf\xf7\xc7\xfd\xba\xb6\xa2\xff\x8ecM\xfds\xca\x9d\
$\xb1\xee\xb4 \xbc |\xfd\xa1\xf5\xb9\xbb\xd4\xc4\xdd\
\x16)w\x7f\xc4\x8e\xc7>\xc57\x0d\xe4Y\x15_\xf0\
\xcf=\xd5\x85\x0bn\xd9\xb25\x1cv\xe4\x1f\xe4\x9a\x8f\
\xc2\x8d\xd8\x91\x00\x81\xca\x05\x04\xff\xcaIUH\x80\x00\
\x01\x02}\x16\xf8`v\x8b\xf2~\xd9\xad\xcay>\xe3\
\xb8\xdd\x7ff\xbf\xe2\xeb\xd4\xe2\xad\xffw\xaf\xbeo\xac\
\xcf\xcb\xc7\xa0\x97\xf7\xb9\xee\x18\xf2N\xc9\xae&\xde\xd3\
\xa3\x85\xfdf\xce\xc9l\xbf\xa7^\x01O\x09\xe7m\xbc\
\xe2_$\xf8\xe7]\xd0P\xf0\x7f\xfc\x08\x8b\xb7\xe2o\
\xd9\xfc\xbd\xd9\x0e\xb7Y\xb7-Y\xb2[\xd2\x82\x93\xe3\
\xba\xa3i\xd6\xce\xdbH\x80@.\x01\xc1?\x17\x93B\
\x04\x08\x10 @\xe0q\x81\x94\xab\xb3\xfeq\xfc\xb8Y\
|\x85[|\xbe?\xcf'\x86\xda\x94U\xdc\xf3\xd4\x99\
Z&\x06\xd3\xd8\x8f\xa6>\xa9\xe1\xbc\xeb\xb7\xfa\xc7\xf1\
~i\xfd\x9a\xdcw\xce\xc4\xb9\x10\xfc\xb3\xb7!\x1c\x95\
\xefm\x08\xf1\xd0=\xf7\xbc\xb7\x85[V}4\xf7!\
|p\xf6\xb6\x89\xf7eo-I\xf9\x8c\xfb\xc4fJ\
_\x95%@ {\x14\xea7v\x7fAs\xff\xcbF\
\x9c\x00\x01\x02\x04\x08t\x5c >\x93\xfd\x0fk>\x92\
{\x14\x87\x1dy\xfcX\xaf\xb6\xe7\xeehM\x05c\xc8\
\xbb\xec\x9do\x0dG\x1fyx\xae\x16\xc6\xfd|\x7f\xec\
o|\xfb@\x5c@\xef\xd6\xdb\xefl\xe4\x04@\xca\x89\
\x91\x88\xf8O\x0f>\x1c\x0e\xcf\xdez\x90\xe7\x93zR\
!\xe5n\x82<\xed\xcfV&e\xbd\x87\xb8\xbf\xe0\x1f\
\xc2\xa5\x17\xd7\x1b\xfc\xa3\xf35W]\x16\x0e=x\xff\
\xf8k\xee\xcf\xcbV\x1c\x1f\xbe\xf2\xe0#\xb9\xcb+H\
\x80\xc0\xf8\x04\x04\xff\xf1\xd9k\x99\x00\x01\x02\x04:*\
\x10\x83\x7f<\x01\x90\xe7\x93\xf2\xea\xb5<\xf5u\xadL\
\x0c\xb5\xf16\xff\xa9\x85\x0bGv=\x06\xbcs\xdet\
a\x16\xb8\xf3_\xa9\x1cYib\x81\x99!\xfc+\x1b\
\x1e\x09\xaf9\xe3\xdc\xecY\xe6MY\xf8L\xac(\xa1\
x\xbc\x92{Y\xf6~\xfb\xbc\x9f\xb8H\xe3iY\xbf\
\xf2|\xda\x16\xfcSO\x04\xc51\xc6\xe3\x22\xef\xeb\x1d\
\xb3\xf36\x8d\x84\xe4<\xf6U\x95ijL\xf1\xd1\xa0\
O\xaf\xfep\xd8yj*w\xd7\xe3\xdf\x91\x97e'\
7}\x08\x10h\xbf\x80\xe0\xdf\xfe9\xd2C\x02\x04\x08\
\x10h\x99\xc0\xd9g\x9c\x12\xce>\xf3\xb4\x5c\xbd\x8a\x0b\
a\xbdx\xf9\x11\x13\xb9\x02v\x0c,g\x9fyj\xf6\
\x96\x81SsY\xc5\x80\x97w\x11\xb7\x5c\x15&\x16\x9a\
+\x94\xde\xb2\xea#\xe1\x8a\xab\xfefz1\xb3\xd8\xc7\
*?\xf1D\xc3\xcd7\x5c\x93\xfbDRl\xfd\xa2w\
\x5c\x1a\xae\xbf\xe1\xefru\xa3M\xc1?\x1e\x0f{-\
\xdd#\xdc\xb9\xeaos\xf5}P(\x9a\xe7}\xbdc\
S!y\xd0\xb7&~69\xa6\xd4W-\xc6\xf1\xaf\
\xbc\xf2\x9a\xb0\xf2\xaa\xf75A\xa1\x0d\x02\x04J\x08\x08\
\xfe%\xf0\xecJ\x80\x00\x01\x02\x93)\x10\xaf\x8c}y\
\xfd\xbd\xb9\x07?\xa9W\xfdSC\xed\x87n\xbd#\x9c\
{\xfeE\xb9]\xab.8\xf3j\xfflu\xc75\x1b\
n\xb9\xed#\xd9b\x89\x9f\x9a>\x91S\xe6$@\x0c\
\xe4\xf1\xf5\x90\xf1\xf6\xea\xbcw\x8f\xc4>\xa5\x9e\x1ci\
K\xf0\x8f\xfd\x88\xebc\x9cu\xc6\xa9\xb9\xee\xfe\x98\xe9\
\x9f\xf2\xf8G\x93!yf\x1f\xeb\xfc\xbd\xe91]p\
\xde\x1b\xc3\xc9\x7fx\x5c\xd2\x90\xdc\xf2\x9f\xc4\xa50\x81\
\xb1\x08\x08\xfeca\xd7(\x01\x02\x04\x08t]\xe0\xe6\
lu\xff\x17\xe6\x5c\xdd?\x8e5^\xf5\xcf\xf3:\xb2\
\xae\xbb\x0c\xfa\x1f\x83^\xca\xb3\xfd1\xd0\xe6]\xc0m\
\xd0F\xd5?\xff\xe4\xf5\xf9\xefN\x88'\x01\xee\xba\xe7\
\xde\xb0n\xfd\xe7\xb35\x1c\xbe\xba\xbd+\xf3\x9d\x0c\x88\
&\xf1\x13\xdf\x0aq\xccQ\x87\xe7^\xf7`{\xe5\xd9\
/)!8\xeeW$\xf8\xff\xe6\xd2}f6\x99\xf8\
\xfb\xe3c\x1c\xec\xb4d\xf1\xa2p\xc8A/\x09\x07\x1f\
\xb8\x7f\xee\xb7a\x0c\xf6\x8d?\xd3\xefp(v\xab\x7f\
\x5c\xcf\xa1\xe9\xcf|\xc7\xca\xcc\xbe4\x1d\xfc\xe3\x89\xcd\
xWF<\x11\x96\xf7\xe3\x96\xff\xbcR\xca\x11\x18\x9f\
\x80\xe0?>{-\x13 @\x80@\x87\x05Ro\x89\
\x9d\xb4\x15\xfeG]=\xdfq\xeaSV\xaa\xdfq\xdf\
*\xfe\x1c\x03r|\xf3@\xca\xd5\xf7A\xbb[\xb6n\
\x9d^\xc01>\xd6\xf1\xe0\x86\x87\xa7\xef\x06\xd8\xba\xf5\
g\xafR\x9bZ\xf8\xe4\xb08\x0b\xc01\x04\xef\xb7\xec\
\x05\xc9W\xbc\x07\xed\xc4\xa0x\xce\x9b\xde6\xbd\xe8\xe0\
`\xdb\xa8\x9f\xa9\xc1?\xd6\x17\x1fm(\xfa\x89k9\
\xc4\xe0\xb80\xfb\xf9\xb4\xec\x15qy\xd6v\x98\xaf\xad\
8\xe6\x94\xc7?RCrl;\x86\xd6\xad\xd9\x1c6\
\xfd\xb9\xe8\xe2\xcbs-\xfc\x99:\xa6\x8c,yU\xff\
\x1d\xc7\x9e\xfa\xdf\xb7\xb8\xff\xa4\xde\xd9\xb4\xa3\x9d?\x13\
h\xab\x80\xe0\xdf\xd6\x99\xd1/\x02\x04\x08\x10h\xbd@\
\xeaU\xffIy\xfdUj\x88.\x12h\xab>8R\
\x17\xd8\xab\xba\xfd<\xf5}%[\xcd?.r\x97\xf2\
)\x12\xfcS\xea\xaf\xbbl\xea\xe3\x1f\xa9!\xb9\xee\xfe\
\xcfU\x7f<\xe6\xf3\xde\xe1\x92:\xa6*\x82\x7f\xecw\
\x91[\xfe\x8f}\xf5ia\xed\xba\xcf\xcd5l\xdb\x09\
\x10\x18\xa3\x80\xe0?F|M\x13 @\x80@\xb7\x05\
R\xaf\x8a\xc5+\xc2/[\xf1\xaa\xf0\xcd\x8d\x9b\xba=\
\xf0yz\x1f\x83\xe6\xd9g\x9e\x92{A\xbfXU\x97\
\xaf\xf6\xcfCQ\xe9W\x9b\xb7l\xc9VO\x7fU\xf2\
\xe3\x22]\x0e\xfe\xf1\xb88\xee\xd5\xafI\x1asjH\
\xaet\x92\x12*\xebB\xf0/r\xcb\xff\xc6M\x8f\x85\
\xc3^q\xfcD.f\x9a0\xfd\x8a\x12\x18\x8b\x80\xe0\
?\x16v\x8d\x12 @\x80@_\x04R\xaf\xfa\xc7\xdb\
\x8a\x8f;\xe1\xb4\xde\xfe\xc3\xf8\x85\xcb\xf6\xceV\xa9\x7f\
o\xee\xe9m\xc3\xd5\xfe\xd4>\xe7\x1e\x5cE\x05\xa3\xd1\
)\xa7\x9f\x13\xeeY\xfd\xc9\xe4\x1a\xbb\x1a\xfc\x8b\x9f\xe8\
H{\xc6?\x19\xb4\xa2\x1d\xba\x10\xfc\xe3PSOn\
\xc6}\xdc\xf2\x1f\x15|\x08\xb4O@\xf0o\xdf\x9c\xe8\
\x11\x01\x02\x04\x08tH\xc0?\x8c\x7f6Y\xa9\xab\xf8\
\xc7=\xc7}\xb5?\xf6a\xb0\xba~\xcabfq\xbf\
&>eO\x8ct1\xf8\xc7\xd0\x1f\xaf\xf4?\x98\x9d\
$K\xfd\xb8\xe2\x1f\xdf\xfcP\xfe\x19\xff\x99\xeen\xf9\
\x9f\xa9\xe1w\x02\xdd\x15\x10\xfc\xbb;wzN\x80\x00\
\x01\x02-\x11\xb8)\xbb\xc2\xfd\xa2\xecJw\xcag\xe5\
U\xd9\xbb\xaf\xaf\xec\xcf\xbb\xaf\x8b\x84\xfe2W\xb2S\
\xac\xf3\x94\x8d\x8b\xfa\x9d\x9d\xbdj\xee\xe8\x15\x87O\xaf\
\x84\x9fg\x9f\xba\xcb\xc4\x00|\xea\xe9\xe7\x86u\xd9\x1b\
\x04\x8a~\xba\x14\xfc\xe3\xf1\x10\xef\x88y\xcd\x19\xe7&\
\xdd\xde?\xd3F\xf0\xaf>\xf8\xbb\xe5\x7f\xe6\x11\xe6w\
\x02\xdd\x15\x10\xfc\xbb;wzN\x80\x00\x01\x02-\x11\
\x88\xa1\xf1c\x1f\xbe)y\x05\xf3\xbe\x84\xff\x9d\xa7\xa6\
B<\xf9\xf1\xac\xec\xbd\xf4)\x9f\xd4\x85\xdbR\xea.\
Z\xb6\x0d'\x00b\x00\x8e\x0b\xa4\x9d{\xfeE\x85\x03\
\xf0`\xfc]\x08\xfe\xf1\x95}[\xb2\x93\x1c\xd7\xbd\xff\
\xe6p\xc5\xd5\xe5N\x86\x09\xfe\xd5\x07\xffx,\xb9\xb3\
i\xf07\xcaO\x02\xdd\x15\x10\xfc\xbb;wzN\x80\
\x00\x01\x02-\x128\xf9\xc4\xe3\xc2\x05\xe7\xbf1\xb9G\
]\x0f\xffEC\x7f\x91\x85\xdb\x92qK\xec08\x01\
\x10\x03O\xfc=\x06\xe8\xba?\x83\xc0\xbf2\x0b\xbfe\
\xae\xf2\xcf\xecg[\x83\x7f\x0c\xfb\xf1\x9e\xf4x\x82#\
\xbe\xea\xf2\xfa\x1b>X\xc9\xba\x17\x82\x7f=\xc1?N\
\x97[\xfe\xa3\x82\x0f\x81\xee\x0a\x08\xfe\xdd\x9d;='\
@\x80\x00\x81\x96\x09\x14\xb9\xe5?\x0e!\x86\xff+\xae\
z\xdf\xf4\xb3\xb9-\x1b\xd2\xbc\xdd)r{\x7f\xac0\
\x06\xdc\xd4\xf7\xd1\xcf\xdb\x91\x9a\xbf<\xf8\xa0\xfd\xc3\xa1\
\x07\xfe\xee\xf4U\xcf\xaaO\x02D\x8b-\xd9;\xe4\x1f\
|\xf0\x91Pe\xe0\x1f\x90\x8c;\xf8\x0f\x02\xfe\xa0?\
q\xac\x8f\x87\xfd\x07\xc2\xdd\xab?]\xfa\x8e\x86A\xbd\
\x83\x9f\x82\xff\xe0\xef\xd7\x85\xe1\xd6\xdb?:`\xa9\xe4\
\xa7[\xfe+aT\x09\x81\xb1\x09\x08\xfec\xa3\xd70\
\x01\x02\x04\x08\xf4M \x86\xc2\x9bo\xb8&\x14Y$\
\xee\x96U\x1f\x09o\xbf\xf8\xdd!>\xd7\xdd\xf6O\x0c\
\x93\xfbeW\xc2/\xbd\xe4\xad\xd3W\xc3S\xfa\x1b\x83\
\xee\xca+\xaf-}KwJ\x9bU\x96\x8d\x0b\x01\xee\
\xb7\xefog\xff\xb7wX\xbch\xb7\xe9\x85\x01g\xd6\
?\xdb\x9d\x01;\x86\xdfX>.\x5c\xb7\xf6\xfe\x07\xc2\
\xda\xf5_\x08\xeb\xb2\xab\xde1\x10\xd7\xf59\xeb\x8cS\
\xea\xaaz\xfez\xb3\x81o\xcd\xc6\xf5\xef[\xbe\x17\x1e\
z\xf8\x91\xb0q\xe3c\xb5\x8es\xd0\x99x\xa2f\xaf\
=\x9f9\xf8c;\x7ff\x7f\x0fn\xbd\xfdc\xb9O\
|$\x8d)\xab\xfb\xee5\x9f*\xb48\xe2(\xacx\
\xfc\x1f\x9c\x9d\x04K\xf9\xdc\x9d\xbd\x8d\xa2\xc8B\x8d)\
m(K\x80\xc0h\x01\xc1\x7f\xb4\x91\x12\x04\x08\x10 \
@ \xb7@\x91ga\x07\x95\xc7w`\xc7\xd5\xcc\xbf\
\xb9q\xd3`S\xeb~\xc6`{\xf2\x89\xc7\x86\xb7\x9c\
\x97\xfeXC\x1c\xcc?=\xf8p8|\xc5\x1f\xb4n\
\x5ce:\x14\xc3\xd0\xc2\x85\x0bC\xbc\x22\xfa\xb4\xc5\xbb\
N\xff\xbe\xbd\xbe\x9f\x86\xdf\xcd[\xbf\x97\x85\xde\xef\x85\
\x0dY\xe0\xdf\xb8\xe9\xd1\xed_\xfb\x85\x00\x01\x02\x04\x08\
4! \xf87\xa1\xac\x0d\x02\x04\x08\x10\x98(\x81\xa2\
\xcf\xfb\x0f\x90\x1e\xbf\xf5\xffo\xa6o\x89\x1flk\xc3\
\xcfx'C\xbc\xca\x1f\xaf\xf6\x17\xf9\xb4\xfd\xb9\xfe\x22\
c\xb2\x0f\x01\x02\x04\x08\x10\xe8\x82\x80\xe0\xdf\x85Y\xd2\
G\x02\x04\x08\x10\xe8\x9c\xc0Y\xd9\xab\xe1\xfe\xe4\xccS\
\x0b\xf7;^\xfd\xbf\xe8\xe2\xcb\xb3\xe7\xa0?9\xf6\x13\
\x00q\x01\xbf\x93N\xfc\xfd\xecJ\xff\xf1\xc9o.\x18\
\x00\xc4G\x18^v\xe4\xab\x5c\xed\x1e\x80\xf8I\x80\x00\
\x01\x02\x04\x1a\x14\x10\xfc\x1b\xc4\xd6\x14\x01\x02\x04\x08L\
\x96\xc0\xa5\x97\x5c\x10^y\xd4\x11\xa5\x06}\xd7=\xf7\
M\xafx\x1eW>\x8f\xcf\xc77\xf9\xa9\x22\xf0\xc7\xfe\
\xc6\xd0\x1f\x1fa\xf0\x9co\x93\xb3\xa7-\x02\x04\x08\x10\
 \xf03\x01\xc1\xffg\x16~#@\x80\x00\x01\x02\x95\
\x0bT\x11\xfec\xa7b\xf0\xbf5[\x00\xf0\x96Uw\
f\x7f\xda\x96\x9d\x04\xa8\xbc\xab\xd3\x15\xc6g\xf8\xa7\xb2\
\xe7\xd5\xcb^\xe1\x1f\xf4N\xe8\x1fH\xf8I\x80\x00\x01\
\x02\x04\xc6' \xf8\x8f\xcf^\xcb\x04\x08\x10 0!\
\x02\x17\x9c\xf7\x86p\xf2\x1f\x1e_\xc9h\xe3#\x00q\
5\xf8[\xb3\x13\x00\xf1d@\xfc\x94\xbd\x13`\x10\xf6\
\x8f^qX8\xe4\xa0\x03\x0a?\xc3\xbf\xe3\x00\x85\xfe\
\x1dE\xfc\x99\x00\x01\x02\x04\x08\x8cG@\xf0\x1f\x8f\xbb\
V\x09\x10 @`\xc2\x04\xca>\xf3?\x1b\xd7\xf4\xfb\
\xdf\xe3k\xe1\xd6=\x10\xd6e\xaf\x85\x1b\xfcy\xb6\xb2\
3\xb7\xc5+\xfaK\x96d\xaf\xa2\xcb^y\xb6t\xcf\
\xdd\xb3\xf7\xd3\xef\x1d\x9e\x95\xadL_\xe5'.\xe4w\
\xda\x19\xe7\xb8\xbd\xbfJTu\x11 @\x80\x00\x81\x82\
\x02\x82\x7fA8\xbb\x11 @\x80\x00\x81T\x81\xb8\xda\
\xff[\xb2\xab\xff\xb3\xbd\xeb=\xb5\xae\xf9\xca\xc7\xbb\x02\
6o\xd9:\xfd\x0e\xf5\x99\xe5\x96,^\x94\xbdr\xee\
\xc9\x85\x17\xe8\x9bY\xd7\x5c\xbf\xc7G\x10\xbe\xb2\xe1\xe1\
\xf0\x9a3\xce\xb5\x90\xdf\x5cH\xb6\x13 @\x80\x00\x81\
\x86\x05\x04\xff\x86\xc15G\x80\x00\x01\x02\x93-\xb0d\
\xf1n\xe1\xe6\x1b\xae\x09\xf1\xd5x}\xfb\xc4G\x0e\xae\
\xfb\xc0\xcd\xe1\x8a\xab\xde7}\xf7A\xdf\xc6g<\x04\
\x08\x10 @\xa0\xab\x02\x82\x7fWgN\xbf\x09\x10 \
@\xa0\xb3\x021\xfc\x9fu\xfa)\xe1\x98l\xc5\xffl\
-\xbd^|\xe2\xf3\xfc\x17\xbd\xe3\xf2p\xeb\xedq\xf1\
A\x1f\x02\x04\x08\x10 @\xa0M\x02\x82\x7f\x9bfC\
_\x08\x10 @`\xa2\x04\x8e^qx8\xfb\x8cS\
;}\xf5?^\xe5_\xbb\xees\xe1\xdc\xf3/rk\
\xffD\x1d\xbd\x06K\x80\x00\x01\x02]\x12\x10\xfc\xbb4\
[\xfaJ\x80\x00\x01\x02\xbd\x13\xf8\xd9\xd5\xff\x97\xd7\xfe\
\xec\x7f\x95x\xf1Y\xfe\x8d\x9b\x1e\x0d\x17^|y\xb8\
g\xf5'\xab\xacZ]\x04\x08\x10 @\x80@\xc5\x02\
\x82\x7f\xc5\xa0\xaa#@\x80\x00\x01\x02E\x04\xbat\x02\
 \xde\xd6\x7f\xdd\xfbo\x0e\xd7\xdf\xf0A\xcf\xf2\x17\x99\
l\xfb\x10 @\x80\x00\x81\x86\x05\x04\xff\x86\xc15G\
\x80\x00\x01\x02\x04\xe6\x13h\xf3\x09\x80\xe9\xc0\xff\x81\x0f\
\x86\xeb\xb3\x05\xfc\xe2\xab\x03}\x08\x10 @\x80\x00\x81\
n\x08\x08\xfe\xdd\x98'\xbd$@\x80\x00\x81\x09\x13\x18\
\x9c\x00\xd8o\xd9\xde!\xfe^\xf7+\x00\xe7\xe2\x1d<\
\xc3\x7f\xf7\x9a\xfb\xc2-\xb7\xdd)\xf0\xcf\x05e;\x01\
\x02\x04\x08\x10h\xb1\x80\xe0\xdf\xe2\xc9\xd15\x02\x04\x08\
\x10 \x10\x05\x0e>h\xffp\xc8\xf2\x97\x84C\x0e\xde\
?L-\x5cX\xfbI\x80\x18\xf67n|,\xdcr\
\xfbG\xc3\xdd\xab\xef\x0b\x0fnx\xc4D\x10 @\x80\
\x00\x01\x02\x1d\x16\x10\xfc;<y\xbaN\x80\x00\x01\x02\
\x93'\xb0l\xdf\x17\x84C\x0f|IX\xba\xe7\x1ea\
\xbfe/\xd8\x0eP\xf4\x8e\x80\x18\xf2\xe3'\x06\xfd\xb5\
\xf7?\x106<\xfcH\xb8\xeb\x9eOY\xa1\x7f\xbb\xac\
_\x08\x10 @\x80@\xf7\x05\x04\xff\xee\xcf\xa1\x11\x10\
 @\x80\xc0\x04\x0b\xec\xb5t\xf7\xb0x\xf1\xa2\xb0\xd7\
\x9e\xcf\x0cK\x16\xed\x96=\x16\xb0hZc\xf0sG\
\x9a\xb8\x12\x7f|>\x7fS\xf6s\xe3\xa3\x8f\x85on\
\xfa\x97\xb0.{\x1d\x9fg\xf6w\x94\xf2g\x02\x04\x08\
\x10 \xd0\x1f\x01\xc1\xbf?si$\x04\x08\x10 @\
\x80\x00\x01\x02\x04\x08\x10 @`H@\xf0\x1f\x22\xb1\
\x81\x00\x01\x02\x04\x08\x10 @\x80\x00\x01\x02\x04\x08\xf4\
G@\xf0\xef\xcf\x5c\x1a\x09\x01\x02\x04\x08\x10 @\x80\
\x00\x01\x02\x04\x08\x10\x18\x12\x10\xfc\x87Hl @\x80\
\x00\x01\x02\x04\x08\x10 @\x80\x00\x01\x02\xfd\x11\x10\xfc\
\xfb3\x97FB\x80\x00\x01\x02\x04\x08\x10 @\x80\x00\
\x01\x02\x04\x86\x04\x04\xff!\x12\x1b\x08\x10 @\x80\x00\
\x01\x02\x04\x08\x10 @\x80@\x7f\x04\x04\xff\xfe\xcc\xa5\
\x91\x10 @\x80\x00\x01\x02\x04\x08\x10 @\x80\x00\x81\
!\x01\xc1\x7f\x88\xc4\x06\x02\x04\x08\x10 @\x80\x00\x01\
\x02\x04\x08\x10 \xd0\x1f\x01\xc1\xbf?si$\x04\x08\
\x10 @\x80\x00\x01\x02\x04\x08\x10 @`H@\xf0\
\x1f\x22\xb1\x81\x00\x01\x02\x04\x08\x10 @\x80\x00\x01\x02\
\x04\x08\xf4G@\xf0\xef\xcf\x5c\x1a\x09\x01\x02\x04\x08\x10\
 @\x80\x00\x01\x02\x04\x08\x10\x18\x12\x10\xfc\x87Hl\
 @\x80\x00\x01\x02\x04\x08\x10 @\x80\x00\x01\x02\xfd\
\x11\x10\xfc\xfb3\x97FB\x80\x00\x01\x02\x04\x08\x10 \
@\x80\x00\x01\x02\x04\x86\x04\x04\xff!\x12\x1b\x08\x10 \
@\x80\x00\x01\x02\x04\x08\x10 @\x80@\x7f\x04\x04\xff\
\xfe\xcc\xa5\x91\x10 @\x80\x00\x01\x02\x04\x08\x10 @\
\x80\x00\x81!\x01\xc1\x7f\x88\xc4\x06\x02\x04\x08\x10 @\
\x80\x00\x01\x02\x04\x08\x10 \xd0\x1f\x01\xc1\xbf?si\
$\x04\x08\x10 @\x80\x00\x01\x02\x04\x08\x10 @`\
H@\xf0\x1f\x22\xb1\x81\x00\x01\x02\x04\x08\x10 @\x80\
\x00\x01\x02\x04\x08\xf4G@\xf0\xef\xcf\x5c\x1a\x09\x01\x02\
\x04\x08\x10 @\x80\x00\x01\x02\x04\x08\x10\x18\x12\x10\xfc\
\x87Hl @\x80\x00\x01\x02\x04\x08\x10 @\x80\x00\
\x01\x02\xfd\x11\x10\xfc\xfb3\x97FB\x80\x00\x01\x02\x04\
\x08\x10 @\x80\x00\x01\x02\x04\x86\x04\x04\xff!\x12\x1b\
\x08\x10 @\x80\x00\x01\x02\x04\x08\x10 @\x80@\x7f\
\x04\x04\xff\xfe\xcc\xa5\x91\x10 @\x80\x00\x01\x02\x04\x08\
\x10 @\x80\x00\x81!\x01\xc1\x7f\x88\xc4\x06\x02\x04\x08\
\x10 @\x80\x00\x01\x02\x04\x08\x10 \xd0\x1f\x01\xc1\xbf\
?si$\x04\x08\x10 @\x80\x00\x01\x02\x04\x08\x10\
 @`H@\xf0\x1f\x22\xb1\x81\x00\x01\x02\x04\x08\x10\
 @\x80\x00\x01\x02\x04\x08\xf4G@\xf0\xef\xcf\x5c\x1a\
\x09\x01\x02\x04\x08\x10 @\x80\x00\x01\x02\x04\x08\x10\x18\
\x12\x10\xfc\x87Hl @\x80\x00\x01\x02\x04\x08\x10 \
@\x80\x00\x01\x02\xfd\x11\x10\xfc\xfb3\x97FB\x80\x00\
\x01\x02\x04\x08\x10 @\x80\x00\x01\x02\x04\x86\x04\x04\xff\
!\x12\x1b\x08\x10 @\x80\x00\x01\x02\x04\x08\x10 @\
\x80@\x7f\x04\x04\xff\xfe\xcc\xa5\x91\x10 @\x80\x00\x01\
\x02\x04\x08\x10 @\x80\x00\x81!\x01\xc1\x7f\x88\xc4\x06\
\x02\x04\x08\x10 @\x80\x00\x01\x02\x04\x08\x10 \xd0\x1f\
\x01\xc1\xbf?si$\x04\x08\x10 @\x80\x00\x01\x02\
\x04\x08\x10 @`H@\xf0\x1f\x22\xb1\x81\x00\x01\x02\
\x04\x08\x10 @\x80\x00\x01\x02\x04\x08\xf4G@\xf0\xef\
\xcf\x5c\x1a\x09\x01\x02\x04\x08\x10 @\x80\x00\x01\x02\x04\
\x08\x10\x18\x12\x10\xfc\x87Hl @\x80\x00\x01\x02\x04\
\x08\x10 @\x80\x00\x01\x02\xfd\x11\x10\xfc\xfb3\x97F\
B\x80\x00\x01\x02\x04\x08\x10 @\x80\x00\x01\x02\x04\x86\
\x04\x04\xff!\x12\x1b\x08\x10 @\x80\x00\x01\x02\x04\x08\
\x10 @\x80@\x7f\x04\x04\xff\xfe\xcc\xa5\x91\x10 @\
\x80\x00\x01\x02\x04\x08\x10 @\x80\x00\x81!\x01\xc1\x7f\
\x88\xc4\x06\x02\x04\x08\x10 @\x80\x00\x01\x02\x04\x08\x10\
 \xd0\x1f\x01\xc1\xbf?si$\x04\x08\x10 @\x80\
\x00\x01\x02\x04\x08\x10 @`H@\xf0\x1f\x22\xb1\x81\
\x00\x01\x02\x04\x08\x10 @\x80\x00\x01\x02\x04\x08\xf4G\
@\xf0\xef\xcf\x5c\x1a\x09\x01\x02\x04\x08\x10 @\x80\x00\
\x01\x02\x04\x08\x10\x18\x12\x10\xfc\x87Hl @\x80\x00\
\x01\x02\x04\x08\x10 @\x80\x00\x01\x02\xfd\x11\x10\xfc\xfb\
3\x97FB\x80\x00\x01\x02\x04\x08\x10 @\x80\x00\x01\
\x02\x04\x86\x04\x04\xff!\x12\x1b\x08\x10 @\x80\x00\x01\
\x02\x04\x08\x10 @\x80@\x7f\x04\x04\xff\xfe\xcc\xa5\x91\
\x10 @\x80\x00\x01\x02\x04\x08\x10 @\x80\x00\x81!\
\x01\xc1\x7f\x88\xc4\x06\x02\x04\x08\x10 @\x80\x00\x01\x02\
\x04\x08\x10 \xd0\x1f\x01\xc1\xbf?si$\x04\x08\x10\
 @\x80\x00\x01\x02\x04\x08\x10 @`H@\xf0\x1f\
\x22\xb1\x81\x00\x01\x02\x04\x08\x10 @\x80\x00\x01\x02\x04\
\x08\xf4G@\xf0\xef\xcf\x5c\x1a\x09\x01\x02\x04\x08\x10 \
@\x80\x00\x01\x02\x04\x08\x10\x18\x12\x10\xfc\x87Hl \
@\x80\x00\x01\x02\x04\x08\x10 @\x80\x00\x01\x02\xfd\x11\
\x10\xfc\xfb3\x97FB\x80\x00\x01\x02\x04\x08\x10 @\
\x80\x00\x01\x02\x04\x86\x04\x04\xff!\x12\x1b\x08\x10 @\
\x80\x00\x01\x02\x04\x08\x10 @\x80@\x7f\x04\x04\xff\xfe\
\xcc\xa5\x91\x10 @\x80\x00\x01\x02\x04\x08\x10 @\x80\
\x00\x81!\x01\xc1\x7f\x88\xc4\x06\x02\x04\x08\x10 @\x80\
\x00\x01\x02\x04\x08\x10 \xd0\x1f\x01\xc1\xbf?si$\
\x04\x08\x10 @\x80\x00\x01\x02\x04\x08\x10 @`H\
@\xf0\x1f\x22\xb1\x81\x00\x01\x02\x04\x08\x10 @\x80\x00\
\x01\x02\x04\x08\xf4G@\xf0\xef\xcf\x5c\x1a\x09\x01\x02\x04\
\x08\x10 @\x80\x00\x01\x02\x04\x08\x10\x18\x12\x10\xfc\x87\
Hl @\x80\x00\x01\x02\x04\x08\x10 @\x80\x00\x01\
\x02\xfd\x11\x10\xfc\xfb3\x97FB\x80\x00\x01\x02\x04\x08\
\x10 @\x80\x00\x01\x02\x04\x86\x04\x04\xff!\x12\x1b\x08\
\x10 @\x80\x00\x01\x02\x04\x08\x10 @\x80@\x7f\x04\
\x04\xff\xfe\xcc\xa5\x91\x10 @\x80\x00\x01\x02\x04\x08\x10\
 @\x80\x00\x81!\x01\xc1\x7f\x88\xc4\x06\x02\x04\x08\x10\
 @\x80\x00\x01\x02\x04\x08\x10 \xd0\x1f\x01\xc1\xbf?\
si$\x04\x08\x10 @\x80\x00\x01\x02\x04\x08\x10 \
@`H@\xf0\x1f\x22\xb1\x81\x00\x01\x02\x04\x08\x10 \
@\x80\x00\x01\x02\x04\x08\xf4G@\xf0\xef\xcf\x5c\x1a\x09\
\x01\x02\x04\x08\x10 @\x80\x00\x01\x02\x04\x08\x10\x18\x12\
\x10\xfc\x87Hl @\x80\x00\x01\x02\x04\x08\x10 @\
\x80\x00\x01\x02\xfd\x11\x10\xfc\xfb3\x97FB\x80\x00\x01\
\x02\x04\x08\x10 @\x80\x00\x01\x02\x04\x86\x04\x04\xff!\
\x12\x1b\x08\x10 @\x80\x00\x01\x02\x04\x08\x10 @\x80\
@\x7f\x04\x04\xff\xfe\xcc\xa5\x91\x10 @\x80\x00\x01\x02\
\x04\x08\x10 @\x80\x00\x81!\x01\xc1\x7f\x88\xc4\x06\x02\
\x04\x08\x10 @\x80\x00\x01\x02\x04\x08\x10 \xd0\x1f\x01\
\xc1\xbf?si$\x04\x08\x10 @\x80\x00\x01\x02\x04\
\x08\x10 @`H@\xf0\x1f\x22\xb1\x81\x00\x01\x02\x04\
\x08\x10 @\x80\x00\x01\x02\x04\x08\xf4G@\xf0\xef\xcf\
\x5c\x1a\x09\x01\x02\x04\x08\x10 @\x80\x00\x01\x02\x04\x08\
\x10\x18\x12\x10\xfc\x87Hl @\x80\x00\x01\x02\x04\x08\
\x10 @\x80\x00\x01\x02\xfd\x11\x10\xfc\xfb3\x97FB\
\x80\x00\x01\x02\x04\x08\x10 @\x80\x00\x01\x02\x04\x86\x04\
\x04\xff!\x12\x1b\x08\x10 @\x80\x00\x01\x02\x04\x08\x10\
 @\x80@\x7f\x04\x04\xff\xfe\xcc\xa5\x91\x10 @\x80\
\x00\x01\x02\x04\x08\x10 @\x80\x00\x81!\x01\xc1\x7f\x88\
\xc4\x06\x02\x04\x08\x10 @\x80\x00\x01\x02\x04\x08\x10 \
\xd0\x1f\x01\xc1\xbf?si$\x04\x08\x10 @\x80\x00\
\x01\x02\x04\x08\x10 @`H@\xf0\x1f\x22\xb1\x81\x00\
\x01\x02\x04\x08\x10 @\x80\x00\x01\x02\x04\x08\xf4G@\
\xf0\xef\xcf\x5c\x1a\x09\x01\x02\x04\x08\x10 @\x80\x00\x01\
\x02\x04\x08\x10\x18\x12\x10\xfc\x87Hl @\x80\x00\x01\
\x02\x04\x08\x10 @\x80\x00\x01\x02\xfd\x11\x10\xfc\xfb3\
\x97FB\x80\x00\x01\x02\x04\x08\x10 @\x80\x00\x01\x02\
\x04\x86\x04\x04\xff!\x12\x1b\x08\x10 @\x80\x00\x01\x02\
\x04\x08\x10 @\x80@\x7f\x04\x04\xff\xfe\xcc\xa5\x91\x10\
 @\x80\x00\x01\x02\x04\x08\x10 @\x80\x00\x81!\x01\
\xc1\x7f\x88\xc4\x06\x02\x04\x08\x10 @\x80\x00\x01\x02\x04\
\x08\x10 \xd0\x1f\x01\xc1\xbf?si$\x04\x08\x10 \
@\x80\x00\x01\x02\x04\x08\x10 @`H@\xf0\x1f\x22\
\xb1\x81\x00\x01\x02\x04\x08\x10 @\x80\x00\x01\x02\x04\x08\
\xf4G@\xf0\xef\xcf\x5c\x1a\x09\x01\x02\x04\x08\x10 @\
\x80\x00\x01\x02\x04\x08\x10\x18\x12\x10\xfc\x87Hl @\
\x80\x00\x01\x02\x04\x08\x10 @\x80\x00\x01\x02\xfd\x11\x10\
\xfc\xfb3\x97FB\x80\x00\x01\x02\x04\x08\x10 @\x80\
\x00\x01\x02\x04\x86\x04\x04\xff!\x12\x1b\x08\x10 @\x80\
\x00\x01\x02\x04\x08\x10 @\x80@\x7f\x04\x04\xff\xfe\xcc\
\xa5\x91\x10 @\x80\x00\x01\x02\x04\x08\x10 @\x80\x00\
\x81!\x01\xc1\x7f\x88\xc4\x06\x02\x04\x08\x10 @\x80\x00\
\x01\x02\x04\x08\x10 \xd0\x1f\x01\xc1\xbf?si$\x04\
\x08\x10 @\x80\x00\x01\x02\x04\x08\x10 @`H@\
\xf0\x1f\x22\xb1\x81\x00\x01\x02\x04\x08\x10 @\x80\x00\x01\
\x02\x04\x08\xf4G@\xf0\xef\xcf\x5c\x1a\x09\x01\x02\x04\x08\
\x10 @\x80\x00\x01\x02\x04\x08\x10\x18\x12\x10\xfc\x87H\
l @\x80\x00\x01\x02\x04\x08\x10 @\x80\x00\x01\x02\
\xfd\x11\x10\xfc\xfb3\x97FB\x80\x00\x01\x02\x04\x08\x10\
 @\x80\x00\x01\x02\x04\x86\x04\x04\xff!\x12\x1b\x08\x10\
 @\x80\x00\x01\x02\x04\x08\x10 @\x80@\x7f\x04\x04\
\xff\xfe\xcc\xa5\x91\x10 @\x80\x00\x01\x02\x04\x08\x10 \
@\x80\x00\x81!\x01\xc1\x7f\x88\xc4\x06\x02\x04\x08\x10 \
@\x80\x00\x01\x02\x04\x08\x10 \xd0\x1f\x01\xc1\xbf?s\
i$\x04\x08\x10 @\x80\x00\x01\x02\x04\x08\x10 @\
`H@\xf0\x1f\x22\xb1\x81\x00\x01\x02\x04\x08\x10 @\
\x80\x00\x01\x02\x04\x08\xf4G@\xf0\xef\xcf\x5c\x1a\x09\x01\
\x02\x04\x08\x10 @\x80\x00\x01\x02\x04\x08\x10\x18\x12\x10\
\xfc\x87Hl @\x80\x00\x01\x02\x04\x08\x10 @\x80\
\x00\x01\x02\xfd\x11\x10\xfc\xfb3\x97FB\x80\x00\x01\x02\
\x04\x08\x10 @\x80\x00\x01\x02\x04\x86\x04\x04\xff!\x12\
\x1b\x08\x10 @\x80\x00\x01\x02\x04\x08\x10 @\x80@\
\x7f\x04\x04\xff\xfe\xcc\xa5\x91\x10 @\x80\x00\x01\x02\x04\
\x08\x10 @\x80\x00\x81!\x01\xc1\x7f\x88\xc4\x06\x02\x04\
\x08\x10 @\x80\x00\x01\x02\x04\x08\x10 \xd0\x1f\x01\xc1\
\xbf?si$\x04\x08\x10 @\x80\x00\x01\x02\x04\x08\
\x10 @`H@\xf0\x1f\x22\xb1\x81\x00\x01\x02\x04\x08\
\x10 @\x80\x00\x01\x02\x04\x08\xf4G@\xf0\xef\xcf\x5c\
\x1a\x09\x01\x02\x04\x08\x10 @\x80\x00\x01\x02\x04\x08\x10\
\x18\x12\x10\xfc\x87Hl @\x80\x00\x01\x02\x04\x08\x10\
 @\x80\x00\x01\x02\xfd\x11\x10\xfc\xfb3\x97FB\x80\
\x00\x01\x02\x04\x08\x10 @\x80\x00\x01\x02\x04\x86\x04\x04\
\xff!\x12\x1b\x08\x10 @\x80\x00\x01\x02\x04\x08\x10 \
@\x80@\x7f\x04\x04\xff\xfe\xcc\xa5\x91\x10 @\x80\x00\
\x01\x02\x04\x08\x10 @\x80\x00\x81!\x01\xc1\x7f\x88\xc4\
\x06\x02\x04\x08\x10 @\x80\x00\x01\x02\x04\x08\x10 \xd0\
\x1f\x01\xc1\xbf?si$\x04\x08\x10 @\x80\x00\x01\
\x02\x04\x08\x10 @`H@\xf0\x1f\x22\xb1\x81\x00\x01\
\x02\x04\x08\x10 @\x80\x00\x01\x02\x04\x08\xf4G@\xf0\
\xef\xcf\x5c\x1a\x09\x01\x02\x04\x08\x10 @\x80\x00\x01\x02\
\x04\x08\x10\x18\x12\x10\xfc\x87Hl @\x80\x00\x01\x02\
\x04\x08\x10 @\x80\x00\x01\x02\xfd\x11\x10\xfc\xfb3\x97\
FB\x80\x00\x01\x02\x04\x08\x10 @\x80\x00\x01\x02\x04\
\x86\x04\x04\xff!\x12\x1b\x08\x10 @\x80\x00\x01\x02\x04\
\x08\x10 @\x80@\x7f\x04\x04\xff\xfe\xcc\xa5\x91\x10 \
@\x80\x00\x01\x02\x04\x08\x10 @\x80\x00\x81!\x01\xc1\
\x7f\x88\xc4\x06\x02\x04\x08\x10 @\x80\x00\x01\x02\x04\x08\
\x10 \xd0\x1f\x01\xc1\xbf?si$\x04\x08\x10 @\
\x80\x00\x01\x02\x04\x08\x10 @`H@\xf0\x1f\x22\xb1\
\x81\x00\x01\x02\x04\x08\x10 @\x80\x00\x01\x02\x04\x08\xf4\
G@\xf0\xef\xcf\x5c\x1a\x09\x01\x02\x04\x08\x10 @\x80\
\x00\x01\x02\x04\x08\x10\x18\x12\x10\xfc\x87Hl @\x80\
\x00\x01\x02\x04\x08\x10 @\x80\x00\x01\x02\xfd\x11\x10\xfc\
\xfb3\x97FB\x80\x00\x01\x02\x04\x08\x10 @\x80\x00\
\x01\x02\x04\x86\x04\x04\xff!\x12\x1b\x08\x10 @\x80\x00\
\x01\x02\x04\x08\x10 @\x80@\x7f\x04\x04\xff\xfe\xcc\xa5\
\x91\x10 @\x80\x00\x01\x02\x04\x08\x10 @\x80\x00\x81\
!\x01\xc1\x7f\x88\xc4\x06\x02\x04\x08\x10 @\x80\x00\x01\
\x02\x04\x08\x10 \xd0\x1f\x01\xc1\xbf?si$\x04\x08\
\x10 @\x80\x00\x01\x02\x04\x08\x10 @`H@\xf0\
\x1f\x22\xb1\x81\x00\x01\x02\x04\x08\x10 @\x80\x00\x01\x02\
\x04\x08\xf4G@\xf0\xef\xcf\x5c\x1a\x09\x01\x02\x04\x08\x10\
 @\x80\x00\x01\x02\x04\x08\x10\x18\x12\x10\xfc\x87Hl\
 @\x80\x00\x01\x02\x04\x08\x10 @\x80\x00\x01\x02\xfd\
\x11\x10\xfc\xfb3\x97FB\x80\x00\x01\x02\x04\x08\x10 \
@\x80\x00\x01\x02\x04\x86\x04\x04\xff!\x12\x1b\x08\x10 \
@\x80\x00\x01\x02\x04\x08\x10 @\x80@\x7f\x04\x04\xff\
\xfe\xcc\xa5\x91\x10 @\x80\x00\x01\x02\x04\x08\x10 @\
\x80\x00\x81!\x01\xc1\x7f\x88\xc4\x06\x02\x04\x08\x10 @\
\x80\x00\x01\x02\x04\x08\x10 \xd0\x1f\x01\xc1\xbf?si\
$\x04\x08\x10 @\x80\x00\x01\x02\x04\x08\x10 @`\
H@\xf0\x1f\x22\xb1\x81\x00\x01\x02\x04\x08\x10 @\x80\
\x00\x01\x02\x04\x08\xf4G@\xf0\xef\xcf\x5c\x1a\x09\x01\x02\
\x04\x08\x10 @\x80\x00\x01\x02\x04\x08\x10\x18\x12\x10\xfc\
\x87Hl @\x80\x00\x01\x02\x04\x08\x10 @\x80\x00\
\x01\x02\xfd\x11\x10\xfc\xfb3\x97FB\x80\x00\x01\x02\x04\
\x08\x10 @\x80\x00\x01\x02\x04\x86\x04\x04\xff!\x12\x1b\
\x08\x10 @\x80\x00\x01\x02\x04\x08\x10 @\x80@\x7f\
\x04\x04\xff\xfe\xcc\xa5\x91\x10 @\x80\x00\x01\x02\x04\x08\
\x10 @\x80\x00\x81!\x01\xc1\x7f\x88\xc4\x06\x02\x04\x08\
\x10 @\x80\x00\x01\x02\x04\x08\x10 \xd0\x1f\x01\xc1\xbf\
?si$\x04\x08\x10 @\x80\x00\x01\x02\x04\x08\x10\
 @`H@\xf0\x1f\x22\xb1\x81\x00\x01\x02\x04\x08\x10\
 @\x80\x00\x01\x02\x04\x08\xf4G@\xf0\xef\xcf\x5c\x1a\
\x09\x01\x02\x04\x08\x10 @\x80\x00\x01\x02\x04\x08\x10\x18\
\x12\x10\xfc\x87Hl @\x80\x00\x01\x02\x04\x08\x10 \
@\x80\x00\x01\x02\xfd\x11\x10\xfc\xfb3\x97FB\x80\x00\
\x01\x02\x04\x08\x10 @\x80\x00\x01\x02\x04\x86\x04\x04\xff\
!\x12\x1b\x08\x10 @\x80\x00\x01\x02\x04\x08\x10 @\
\x80@\x7f\x04\x04\xff\xfe\xcc\xa5\x91\x10 @\x80\x00\x01\
\x02\x04\x08\x10 @\x80\x00\x81!\x01\xc1\x7f\x88\xc4\x06\
\x02\x04\x08\x10 @\x80\x00\x01\x02\x04\x08\x10 \xd0\x1f\
\x01\xc1\xbf?si$\x04\x08\x10 @\x80\x00\x01\x02\
\x04\x08\x10 @`H@\xf0\x1f\x22\xb1\x81\x00\x01\x02\
\x04\x08\x10 @\x80\x00\x01\x02\x04\x08\xf4G@\xf0\xef\
\xcf\x5c\x1a\x09\x01\x02\x04\x08\x10 @\x80\x00\x01\x02\x04\
\x08\x10\x18\x12\x10\xfc\x87Hl @\x80\x00\x01\x02\x04\
\x08\x10 @\x80\x00\x01\x02\xfd\x11\x10\xfc\xfb3\x97F\
B\x80\x00\x01\x02\x04\x08\x10 @\x80\x00\x01\x02\x04\x86\
\x04\x04\xff!\x12\x1b\x08\x10 @\x80\x00\x01\x02\x04\x08\
\x10 @\x80@\x7f\x04\x04\xff\xfe\xcc\xa5\x91\x10 @\
\x80\x00\x01\x02\x04\x08\x10 @\x80\x00\x81!\x01\xc1\x7f\
\x88\xc4\x06\x02\x04\x08\x10 @\x80\x00\x01\x02\x04\x08\x10\
 \xd0\x1f\x01\xc1\xbf?si$\x04\x08\x10 @\x80\
\x00\x01\x02\x04\x08\x10 @`H@\xf0\x1f\x22\xb1\x81\
\x00\x01\x02\x04\x08\x10 @\x80\x00\x01\x02\x04\x08\xf4G\
@\xf0\xef\xcf\x5c\x1a\x09\x01\x02\x04\x08\x10 @\x80\x00\
\x01\x02\x04\x08\x10\x18\x12\x10\xfc\x87Hl @\x80\x00\
\x01\x02\x04\x08\x10 @\x80\x00\x01\x02\xfd\x11\x10\xfc\xfb\
3\x97FB\x80\x00\x01\x02\x04\x08\x10 @\x80\x00\x01\
\x02\x04\x86\x04\x04\xff!\x12\x1b\x08\x10 @\x80\x00\x01\
\x02\x04\x08\x10 @\x80@\x7f\x04\x04\xff\xfe\xcc\xa5\x91\
\x10 @\x80\x00\x01\x02\x04\x08\x10 @\x80\x00\x81!\
\x81\xff\x1f\xd9\x14\x86\x96E\xee\xdf\xaa\x00\x00\x00\x00I\
END\xaeB`\x82\
"

qt_resource_name = b"\
\x00\x03\
\x00\x00x\xc3\
\x00r\
\x00e\x00s\
\x00\x13\
\x0c\x83F\xe7\
\x00d\
\x00a\x00r\x00k\x00-\x00m\x00o\x00d\x00e\x00-\x00l\x00i\x00g\x00h\x00t\x00.\x00p\
\x00n\x00g\
\x00\x11\
\x05Y\xccG\
\x00c\
\x00a\x00p\x00t\x00u\x00r\x00e\x00-\x00l\x00i\x00g\x00h\x00t\x00.\x00p\x00n\x00g\
\
\x00\x0a\
\x0a\xc8\xfb\x07\
\x00f\
\x00o\x00l\x00d\x00e\x00r\x00.\x00p\x00n\x00g\
\x00\x0b\
\x0f}\xa2g\
\x00g\
\x00i\x00f\x00_\x00i\x00c\x00o\x00.\x00s\x00v\x00g\
\x00\x0a\
\x08\xab\xda\x07\
\x00u\
\x00p\x00d\x00a\x00t\x00e\x00.\x00p\x00n\x00g\
\x00\x0d\
\x06\x05\xd3\x07\
\x00g\
\x00i\x00f\x00-\x00l\x00i\x00g\x00h\x00t\x00.\x00p\x00n\x00g\
\x00\x14\
\x01\x07\x03\x87\
\x00t\
\x00o\x00g\x00g\x00l\x00e\x00_\x00o\x00f\x00f\x00_\x00l\x00i\x00g\x00h\x00t\x00.\
\x00p\x00n\x00g\
\x00\x0d\
\x02\x8f1\xa7\
\x00p\
\x00h\x00o\x00t\x00o\x00_\x00i\x00c\x00o\x00.\x00s\x00v\x00g\
\x00\x0d\
\x05\x1a\x93\xc7\
\x00t\
\x00o\x00g\x00g\x00l\x00e\x00_\x00o\x00n\x00.\x00p\x00n\x00g\
\x00\x0d\
\x00\xb9\x9dg\
\x00d\
\x00a\x00r\x00k\x00-\x00m\x00o\x00d\x00e\x00.\x00p\x00n\x00g\
\x00\x13\
\x07\xc0\x1b\xa7\
\x00t\
\x00o\x00g\x00g\x00l\x00e\x00_\x00o\x00n\x00_\x00l\x00i\x00g\x00h\x00t\x00.\x00p\
\x00n\x00g\
\x00\x10\
\x0c\xa0\xc8\x07\
\x00u\
\x00p\x00d\x00a\x00t\x00e\x00-\x00l\x00i\x00g\x00h\x00t\x00.\x00p\x00n\x00g\
\x00\x08\
\x06\xc1T\x07\
\x00o\
\x00p\x00e\x00n\x00.\x00s\x00v\x00g\
\x00\x0b\
\x0cWX'\
\x00c\
\x00a\x00p\x00t\x00u\x00r\x00e\x00.\x00p\x00n\x00g\
\x00\x0e\
\x0eu\x1f\xc7\
\x00t\
\x00o\x00g\x00g\x00l\x00e\x00_\x00o\x00f\x00f\x00.\x00p\x00n\x00g\
\x00\x07\
\x0d\xf9W\x87\
\x00g\
\x00i\x00f\x00.\x00p\x00n\x00g\
\x00\x10\
\x08f\x0a\x07\
\x00f\
\x00o\x00l\x00d\x00e\x00r\x00-\x00l\x00i\x00g\x00h\x00t\x00.\x00p\x00n\x00g\
\x00\x0e\
\x0a\x1a\xaag\
\x00l\
\x00i\x00g\x00h\x00t\x00-\x00m\x00o\x00d\x00e\x00.\x00p\x00n\x00g\
\x00\x08\
\x05\xe2]'\
\x00L\
\x00o\x00g\x00o\x00.\x00p\x00n\x00g\
"

qt_resource_struct = b"\
\x00\x00\x00\x00\x00\x02\x00\x00\x00\x01\x00\x00\x00\x01\
\x00\x00\x00\x00\x00\x00\x00\x00\
\x00\x00\x00\x00\x00\x02\x00\x00\x00\x13\x00\x00\x00\x02\
\x00\x00\x00\x00\x00\x00\x00\x00\
\x00\x00\x01>\x00\x00\x00\x00\x00\x01\x00\x00_g\
\x00\x00\x01\x8e\x0b\xbe\x86\xf2\
\x00\x00\x00\xd0\x00\x00\x00\x00\x00\x01\x00\x00F\xa2\
\x00\x00\x01\x8e\x0b\xbe\x86\xf6\
\x00\x00\x00\xfe\x00\x00\x00\x00\x00\x01\x00\x00On\
\x00\x00\x01\x8e\x0b[\x81\xf3\
\x00\x00\x01\x1e\x00\x00\x00\x00\x00\x01\x00\x00V\xad\
\x00\x00\x01\x8e\x0b\xbe\x86\xf6\
\x00\x00\x008\x00\x00\x00\x00\x00\x01\x00\x00\x0d\x81\
\x00\x00\x01\x8e\x0b\xbe\x86\xf2\
\x00\x00\x02`\x00\x00\x00\x00\x00\x01\x00\x00\xbb\xc7\
\x00\x00\x01\x8e\x0b\xbe\x86\xf2\
\x00\x00\x00\xb0\x00\x00\x00\x00\x00\x01\x00\x00:\xb7\
\x00\x00\x01\x8e\x0b\xbe\x86\xf2\
\x00\x00\x01\xb0\x00\x00\x00\x00\x00\x01\x00\x00~\xe0\
\x00\x00\x01\x8e\x0b[\x81\xf3\
\x00\x00\x01^\x00\x00\x00\x00\x00\x01\x00\x00k\x10\
\x00\x00\x01\x8e\x0b\xbe\x86\xf6\
\x00\x00\x02\x18\x00\x00\x00\x00\x00\x01\x00\x00\xa7\xf9\
\x00\x00\x01\x8e\x0b\xbe\x86\xf2\
\x00\x00\x00\x96\x00\x00\x00\x00\x00\x01\x00\x00*u\
\x00\x00\x01\x8e\x0b\xbe\x86\xf6\
\x00\x00\x02>\x00\x00\x00\x00\x00\x01\x00\x00\xad\x0a\
\x00\x00\x01\x8e\x0b\xbe\x86\xf2\
\x00\x00\x00`\x00\x00\x00\x00\x00\x01\x00\x00\x16\xfb\
\x00\x00\x01\x8e\x0b\xbe\x86\xf2\
\x00\x00\x01\xc6\x00\x00\x00\x00\x00\x01\x00\x00\x84\xa2\
\x00\x00\x01\x8e\x0b\xbe\x86\xf2\
\x00\x00\x00\x0c\x00\x00\x00\x00\x00\x01\x00\x00\x00\x00\
\x00\x00\x01\x8e\x0b\xbe\x86\xf2\
\x00\x00\x01\x8a\x00\x00\x00\x00\x00\x01\x00\x00s\xd8\
\x00\x00\x01\x8e\x0b\xbe\x86\xf6\
\x00\x00\x02\x04\x00\x00\x00\x00\x00\x01\x00\x00\x9c\x07\
\x00\x00\x01\x8e\x0b\xbe\x86\xf2\
\x00\x00\x01\xe2\x00\x00\x00\x00\x00\x01\x00\x00\x8d\x16\
\x00\x00\x01\x8e\x0b\xbe\x86\xf6\
\x00\x00\x00z\x00\x00\x00\x00\x00\x01\x00\x00\x1b\x8b\
\x00\x00\x01\x8e\x0b[\x81\xf3\
"

def qInitResources():
    QtCore.qRegisterResourceData(0x03, qt_resource_struct, qt_resource_name, qt_resource_data)

def qCleanupResources():
    QtCore.qUnregisterResourceData(0x03, qt_resource_struct, qt_resource_name, qt_resource_data)

qInitResources()
